Variável-alvo;Modelo;Variável;Importância
IDEB;Árvore de decisão;numeric__gdp_2023_current_prices_thousand_reais;0,0
IDEB;Árvore de decisão;numeric__gdp_per_capita_2023_current_reais;0,5625520363671658
IDEB;Árvore de decisão;numeric__gross_value_added_agriculture_2021_current_prices_thousand_reais;0,29478302818178514
IDEB;Árvore de decisão;numeric__gross_value_added_industry_2021_current_prices_thousand_reais;0,0
IDEB;Árvore de decisão;numeric__gross_value_added_services_2021_current_prices_thousand_reais;0,09146026859759139
IDEB;Árvore de decisão;numeric__gross_value_added_public_administration_2021_current_prices_thousand_reais;0,05120466685345766
IDEB;Árvore de decisão;categorical__main_economic_activity_2021_Administração, defesa, educação e saúde públicas e seguridade social;0,0
IDEB;Árvore de decisão;categorical__main_economic_activity_2021_Agricultura, inclusive apoio à agricultura e a pós colheita;0,0
IDEB;Árvore de decisão;categorical__main_economic_activity_2021_Comércio e reparação de veículos automotores e motocicletas;0,0
IDEB;Árvore de decisão;categorical__main_economic_activity_2021_Demais serviços;0,0
IDEB;Árvore de decisão;categorical__main_economic_activity_2021_Eletricidade e gás, água, esgoto, atividades de gestão de resíduos e descontaminação;0,0
IDEB;Árvore de decisão;categorical__main_economic_activity_2021_Indústrias de transformação;0,0
IDEB;Árvore de decisão;categorical__main_economic_activity_2021_Pecuária, inclusive apoio à pecuária;0,0
IDEB;Árvore de decisão;categorical__main_economic_activity_2021_Produção florestal, pesca e aquicultura;0,0
IDEB;Floresta aleatória;numeric__gdp_2023_current_prices_thousand_reais;0,13257350754454314
IDEB;Floresta aleatória;numeric__gdp_per_capita_2023_current_reais;0,2323433866338242
IDEB;Floresta aleatória;numeric__gross_value_added_agriculture_2021_current_prices_thousand_reais;0,21811087162153533
IDEB;Floresta aleatória;numeric__gross_value_added_industry_2021_current_prices_thousand_reais;0,12731903244491202
IDEB;Floresta aleatória;numeric__gross_value_added_services_2021_current_prices_thousand_reais;0,13461001106964268
IDEB;Floresta aleatória;numeric__gross_value_added_public_administration_2021_current_prices_thousand_reais;0,13200388302858404
IDEB;Floresta aleatória;categorical__main_economic_activity_2021_Administração, defesa, educação e saúde públicas e seguridade social;0,0008843305237308104
IDEB;Floresta aleatória;categorical__main_economic_activity_2021_Agricultura, inclusive apoio à agricultura e a pós colheita;0,0023907844255041458
IDEB;Floresta aleatória;categorical__main_economic_activity_2021_Comércio e reparação de veículos automotores e motocicletas;0,0
IDEB;Floresta aleatória;categorical__main_economic_activity_2021_Demais serviços;0,011190896316582124
IDEB;Floresta aleatória;categorical__main_economic_activity_2021_Eletricidade e gás, água, esgoto, atividades de gestão de resíduos e descontaminação;0,0
IDEB;Floresta aleatória;categorical__main_economic_activity_2021_Indústrias de transformação;0,007955280446519745
IDEB;Floresta aleatória;categorical__main_economic_activity_2021_Pecuária, inclusive apoio à pecuária;0,0006180159446218838
IDEB;Floresta aleatória;categorical__main_economic_activity_2021_Produção florestal, pesca e aquicultura;0,0
SAEB Matemática;Árvore de decisão;numeric__gdp_2023_current_prices_thousand_reais;0,0
SAEB Matemática;Árvore de decisão;numeric__gdp_per_capita_2023_current_reais;0,1003665627073091
SAEB Matemática;Árvore de decisão;numeric__gross_value_added_agriculture_2021_current_prices_thousand_reais;0,7152344350953435
SAEB Matemática;Árvore de decisão;numeric__gross_value_added_industry_2021_current_prices_thousand_reais;0,0
SAEB Matemática;Árvore de decisão;numeric__gross_value_added_services_2021_current_prices_thousand_reais;0,0
SAEB Matemática;Árvore de decisão;numeric__gross_value_added_public_administration_2021_current_prices_thousand_reais;0,1049860938792554
SAEB Matemática;Árvore de decisão;categorical__main_economic_activity_2021_Administração, defesa, educação e saúde públicas e seguridade social;0,0
SAEB Matemática;Árvore de decisão;categorical__main_economic_activity_2021_Agricultura, inclusive apoio à agricultura e a pós colheita;0,0
SAEB Matemática;Árvore de decisão;categorical__main_economic_activity_2021_Comércio e reparação de veículos automotores e motocicletas;0,0
SAEB Matemática;Árvore de decisão;categorical__main_economic_activity_2021_Demais serviços;0,07941290831809211
SAEB Matemática;Árvore de decisão;categorical__main_economic_activity_2021_Eletricidade e gás, água, esgoto, atividades de gestão de resíduos e descontaminação;0,0
SAEB Matemática;Árvore de decisão;categorical__main_economic_activity_2021_Indústrias de transformação;0,0
SAEB Matemática;Árvore de decisão;categorical__main_economic_activity_2021_Pecuária, inclusive apoio à pecuária;0,0
SAEB Matemática;Árvore de decisão;categorical__main_economic_activity_2021_Produção florestal, pesca e aquicultura;0,0
SAEB Matemática;Floresta aleatória;numeric__gdp_2023_current_prices_thousand_reais;0,10207762550222912
SAEB Matemática;Floresta aleatória;numeric__gdp_per_capita_2023_current_reais;0,20275992286986613
SAEB Matemática;Floresta aleatória;numeric__gross_value_added_agriculture_2021_current_prices_thousand_reais;0,24289812703135882
SAEB Matemática;Floresta aleatória;numeric__gross_value_added_industry_2021_current_prices_thousand_reais;0,11573519806399722
SAEB Matemática;Floresta aleatória;numeric__gross_value_added_services_2021_current_prices_thousand_reais;0,1343305359665233
SAEB Matemática;Floresta aleatória;numeric__gross_value_added_public_administration_2021_current_prices_thousand_reais;0,15841960971790783
SAEB Matemática;Floresta aleatória;categorical__main_economic_activity_2021_Administração, defesa, educação e saúde públicas e seguridade social;0,003921385219480705
SAEB Matemática;Floresta aleatória;categorical__main_economic_activity_2021_Agricultura, inclusive apoio à agricultura e a pós colheita;0,007946511453282915
SAEB Matemática;Floresta aleatória;categorical__main_economic_activity_2021_Comércio e reparação de veículos automotores e motocicletas;0,0
SAEB Matemática;Floresta aleatória;categorical__main_economic_activity_2021_Demais serviços;0,019035474411798224
SAEB Matemática;Floresta aleatória;categorical__main_economic_activity_2021_Eletricidade e gás, água, esgoto, atividades de gestão de resíduos e descontaminação;0,0
SAEB Matemática;Floresta aleatória;categorical__main_economic_activity_2021_Indústrias de transformação;0,0031425734492865785
SAEB Matemática;Floresta aleatória;categorical__main_economic_activity_2021_Pecuária, inclusive apoio à pecuária;0,00973303631426919
SAEB Matemática;Floresta aleatória;categorical__main_economic_activity_2021_Produção florestal, pesca e aquicultura;0,0
SAEB Língua Portuguesa;Árvore de decisão;numeric__gdp_2023_current_prices_thousand_reais;0,1952140499136947
SAEB Língua Portuguesa;Árvore de decisão;numeric__gdp_per_capita_2023_current_reais;0,09218823055423257
SAEB Língua Portuguesa;Árvore de decisão;numeric__gross_value_added_agriculture_2021_current_prices_thousand_reais;0,0
SAEB Língua Portuguesa;Árvore de decisão;numeric__gross_value_added_industry_2021_current_prices_thousand_reais;0,12017286611753773
SAEB Língua Portuguesa;Árvore de decisão;numeric__gross_value_added_services_2021_current_prices_thousand_reais;0,3864779681108003
SAEB Língua Portuguesa;Árvore de decisão;numeric__gross_value_added_public_administration_2021_current_prices_thousand_reais;0,16721223849572717
SAEB Língua Portuguesa;Árvore de decisão;categorical__main_economic_activity_2021_Administração, defesa, educação e saúde públicas e seguridade social;0,0
SAEB Língua Portuguesa;Árvore de decisão;categorical__main_economic_activity_2021_Agricultura, inclusive apoio à agricultura e a pós colheita;0,0
SAEB Língua Portuguesa;Árvore de decisão;categorical__main_economic_activity_2021_Comércio e reparação de veículos automotores e motocicletas;0,0
SAEB Língua Portuguesa;Árvore de decisão;categorical__main_economic_activity_2021_Demais serviços;0,038734646808007506
SAEB Língua Portuguesa;Árvore de decisão;categorical__main_economic_activity_2021_Eletricidade e gás, água, esgoto, atividades de gestão de resíduos e descontaminação;0,0
SAEB Língua Portuguesa;Árvore de decisão;categorical__main_economic_activity_2021_Indústrias de transformação;0,0
SAEB Língua Portuguesa;Árvore de decisão;categorical__main_economic_activity_2021_Pecuária, inclusive apoio à pecuária;0,0
SAEB Língua Portuguesa;Árvore de decisão;categorical__main_economic_activity_2021_Produção florestal, pesca e aquicultura;0,0
SAEB Língua Portuguesa;Floresta aleatória;numeric__gdp_2023_current_prices_thousand_reais;0,2247916924584993
SAEB Língua Portuguesa;Floresta aleatória;numeric__gdp_per_capita_2023_current_reais;0,1418329715335573
SAEB Língua Portuguesa;Floresta aleatória;numeric__gross_value_added_agriculture_2021_current_prices_thousand_reais;0,11805980166897473
SAEB Língua Portuguesa;Floresta aleatória;numeric__gross_value_added_industry_2021_current_prices_thousand_reais;0,14753913787532588
SAEB Língua Portuguesa;Floresta aleatória;numeric__gross_value_added_services_2021_current_prices_thousand_reais;0,20744839627105824
SAEB Língua Portuguesa;Floresta aleatória;numeric__gross_value_added_public_administration_2021_current_prices_thousand_reais;0,13852920685111422
SAEB Língua Portuguesa;Floresta aleatória;categorical__main_economic_activity_2021_Administração, defesa, educação e saúde públicas e seguridade social;0,001461784313700637
SAEB Língua Portuguesa;Floresta aleatória;categorical__main_economic_activity_2021_Agricultura, inclusive apoio à agricultura e a pós colheita;0,0046064322525488565
SAEB Língua Portuguesa;Floresta aleatória;categorical__main_economic_activity_2021_Comércio e reparação de veículos automotores e motocicletas;0,0
SAEB Língua Portuguesa;Floresta aleatória;categorical__main_economic_activity_2021_Demais serviços;0,012477625077028936
SAEB Língua Portuguesa;Floresta aleatória;categorical__main_economic_activity_2021_Eletricidade e gás, água, esgoto, atividades de gestão de resíduos e descontaminação;0,0
SAEB Língua Portuguesa;Floresta aleatória;categorical__main_economic_activity_2021_Indústrias de transformação;0,0022309278654124576
SAEB Língua Portuguesa;Floresta aleatória;categorical__main_economic_activity_2021_Pecuária, inclusive apoio à pecuária;0,0010220238327793773
SAEB Língua Portuguesa;Floresta aleatória;categorical__main_economic_activity_2021_Produção florestal, pesca e aquicultura;0,0
