Município;Código IBGE;Variável-alvo;Modelo;Real;Estimado;Erro;Erro absoluto
Santa Izabel do Oeste;4123808;IDEB;Árvore de decisão;4,7;4,658823529411763;-0,041176470588236924;0,041176470588236924
Itapejara d'Oeste;4111209;IDEB;Árvore de decisão;4,5;4,658823529411763;0,15882352941176325;0,15882352941176325
Curiúva;4107009;IDEB;Árvore de decisão;4,3;4,385714285714285;0,08571428571428541;0,08571428571428541
Porecatu;4120002;IDEB;Árvore de decisão;4,7;4,658823529411763;-0,041176470588236924;0,041176470588236924
Mato Rico;4115739;IDEB;Árvore de decisão;4,9;4,833333333333333;-0,06666666666666732;0,06666666666666732
Rio Branco do Sul;4122206;IDEB;Árvore de decisão;4,4;4,833333333333333;0,4333333333333327;0,4333333333333327
Contenda;4106209;IDEB;Árvore de decisão;4,9;4,658823529411763;-0,2411764705882371;0,2411764705882371
Espigão Alto do Iguaçu;4107546;IDEB;Árvore de decisão;4,9;4,833333333333333;-0,06666666666666732;0,06666666666666732
Ramilândia;4121257;IDEB;Árvore de decisão;4,5;4,814285714285715;0,31428571428571495;0,31428571428571495
Boa Esperança do Iguaçu;4103024;IDEB;Árvore de decisão;5,0;4,833333333333333;-0,16666666666666696;0,16666666666666696
Cidade Gaúcha;4105607;IDEB;Árvore de decisão;4,4;4,630612244897959;0,23061224489795862;0,23061224489795862
Cruzeiro do Iguaçu;4106571;IDEB;Árvore de decisão;4,6;4,833333333333333;0,2333333333333334;0,2333333333333334
Nova Santa Rosa;4117222;IDEB;Árvore de decisão;4,8;4,658823529411763;-0,14117647058823657;0,14117647058823657
Brasilândia do Sul;4103370;IDEB;Árvore de decisão;4,0;4,658823529411763;0,6588235294117633;0,6588235294117633
Terra Boa;4127205;IDEB;Árvore de decisão;5,1;4,658823529411763;-0,4411764705882364;0,4411764705882364
Pinhalão;4119202;IDEB;Árvore de decisão;4,7;4,658823529411763;-0,041176470588236924;0,041176470588236924
São João do Caiuá;4124905;IDEB;Árvore de decisão;3,9;4,34;0,43999999999999995;0,43999999999999995
Cianorte;4105508;IDEB;Árvore de decisão;4,7;4,746153846153846;0,04615384615384599;0,04615384615384599
Paula Freitas;4118600;IDEB;Árvore de decisão;4,5;4,658823529411763;0,15882352941176325;0,15882352941176325
São José dos Pinhais;4125506;IDEB;Árvore de decisão;4,7;4,746153846153846;0,04615384615384599;0,04615384615384599
Campo Magro;4104253;IDEB;Árvore de decisão;4,5;4,385714285714285;-0,11428571428571477;0,11428571428571477
Jussara;4113007;IDEB;Árvore de decisão;4,6;4,833333333333333;0,2333333333333334;0,2333333333333334
Nova Prata do Iguaçu;4117255;IDEB;Árvore de decisão;4,7;4,658823529411763;-0,041176470588236924;0,041176470588236924
Amaporã;4100905;IDEB;Árvore de decisão;4,6;4,34;-0,2599999999999998;0,2599999999999998
Mercedes;4115853;IDEB;Árvore de decisão;5,4;4,833333333333333;-0,5666666666666673;0,5666666666666673
Apucarana;4101408;IDEB;Árvore de decisão;4,9;4,746153846153846;-0,1538461538461542;0,1538461538461542
Santa Terezinha de Itaipu;4124053;IDEB;Árvore de decisão;4,8;4,658823529411763;-0,14117647058823657;0,14117647058823657
Ivaí;4111407;IDEB;Árvore de decisão;4,8;4,658823529411763;-0,14117647058823657;0,14117647058823657
Rancho Alegre;4121307;IDEB;Árvore de decisão;3,7;4,658823529411763;0,9588235294117631;0,9588235294117631
Abatiá;4100103;IDEB;Árvore de decisão;4,3;4,658823529411763;0,35882352941176343;0,35882352941176343
Wenceslau Braz;4128500;IDEB;Árvore de decisão;4,7;4,658823529411763;-0,041176470588236924;0,041176470588236924
Congonhinhas;4106001;IDEB;Árvore de decisão;4,1;4,658823529411763;0,5588235294117636;0,5588235294117636
Bandeirantes;4102406;IDEB;Árvore de decisão;4,4;4,9;0,5;0,5
Guamiranga;4108957;IDEB;Árvore de decisão;4,3;4,658823529411763;0,35882352941176343;0,35882352941176343
Guaporema;4109104;IDEB;Árvore de decisão;4,3;4,630612244897959;0,33061224489795915;0,33061224489795915
São Miguel do Iguaçu;4125704;IDEB;Árvore de decisão;5,3;4,746153846153846;-0,5538461538461537;0,5538461538461537
Campo Mourão;4104303;IDEB;Árvore de decisão;5,0;4,746153846153846;-0,25384615384615383;0,25384615384615383
Godoy Moreira;4108551;IDEB;Árvore de decisão;5,1;4,34;-0,7599999999999998;0,7599999999999998
São Jerônimo da Serra;4124707;IDEB;Árvore de decisão;4,6;4,658823529411763;0,05882352941176361;0,05882352941176361
São João do Triunfo;4125100;IDEB;Árvore de decisão;4,6;4,658823529411763;0,05882352941176361;0,05882352941176361
Bom Sucesso do Sul;4103222;IDEB;Árvore de decisão;5,2;4,658823529411763;-0,5411764705882369;0,5411764705882369
Califórnia;4103503;IDEB;Árvore de decisão;5,1;4,833333333333333;-0,2666666666666666;0,2666666666666666
Vitorino;4128708;IDEB;Árvore de decisão;4,5;4,658823529411763;0,15882352941176325;0,15882352941176325
Rolândia;4122404;IDEB;Árvore de decisão;4,8;4,746153846153846;-0,053846153846153655;0,053846153846153655
Foz do Jordão;4108452;IDEB;Árvore de decisão;4,6;4,833333333333333;0,2333333333333334;0,2333333333333334
Francisco Alves;4108320;IDEB;Árvore de decisão;4,6;4,658823529411763;0,05882352941176361;0,05882352941176361
Terra Rica;4127304;IDEB;Árvore de decisão;4,7;4,833333333333333;0,13333333333333286;0,13333333333333286
Campo Largo;4104204;IDEB;Árvore de decisão;5,0;4,746153846153846;-0,25384615384615383;0,25384615384615383
Assis Chateaubriand;4102000;IDEB;Árvore de decisão;4,7;4,9;0,20000000000000018;0,20000000000000018
Bituruna;4102901;IDEB;Árvore de decisão;4,5;4,658823529411763;0,15882352941176325;0,15882352941176325
Nova Esperança do Sudoeste;4116950;IDEB;Árvore de decisão;4,2;4,833333333333333;0,6333333333333329;0,6333333333333329
Itaperuçu;4111258;IDEB;Árvore de decisão;4,1;4,385714285714285;0,2857142857142856;0,2857142857142856
Diamante D'Oeste;4107157;IDEB;Árvore de decisão;4,5;4,814285714285715;0,31428571428571495;0,31428571428571495
Peabiru;4118808;IDEB;Árvore de decisão;5,1;4,658823529411763;-0,4411764705882364;0,4411764705882364
Bela Vista do Paraíso;4102802;IDEB;Árvore de decisão;4,5;4,833333333333333;0,33333333333333304;0,33333333333333304
São Jorge do Patrocínio;4125357;IDEB;Árvore de decisão;4,6;4,814285714285715;0,2142857142857153;0,2142857142857153
Maripá;4115358;IDEB;Árvore de decisão;5,4;4,658823529411763;-0,7411764705882371;0,7411764705882371
Reserva do Iguaçu;4121752;IDEB;Árvore de decisão;4,4;4,658823529411763;0,2588235294117629;0,2588235294117629
Piên;4119103;IDEB;Árvore de decisão;4,8;4,658823529411763;-0,14117647058823657;0,14117647058823657
Porto Barreiro;4120150;IDEB;Árvore de decisão;4,3;4,833333333333333;0,5333333333333332;0,5333333333333332
Santa Cruz de Monte Castelo;4123303;IDEB;Árvore de decisão;4,5;4,658823529411763;0,15882352941176325;0,15882352941176325
Doutor Ulysses;4128633;IDEB;Árvore de decisão;4,2;4,385714285714285;0,18571428571428505;0,18571428571428505
Inácio Martins;4110201;IDEB;Árvore de decisão;4,5;4,385714285714285;-0,11428571428571477;0,11428571428571477
Lindoeste;4113452;IDEB;Árvore de decisão;4,3;4,833333333333333;0,5333333333333332;0,5333333333333332
Altônia;4100509;IDEB;Árvore de decisão;5,1;4,658823529411763;-0,4411764705882364;0,4411764705882364
Cafezal do Sul;4103479;IDEB;Árvore de decisão;4,6;4,833333333333333;0,2333333333333334;0,2333333333333334
Floraí;4107801;IDEB;Árvore de decisão;4,7;4,833333333333333;0,13333333333333286;0,13333333333333286
Tapira;4126900;IDEB;Árvore de decisão;4,6;4,34;-0,2599999999999998;0,2599999999999998
Dois Vizinhos;4107207;IDEB;Árvore de decisão;4,7;4,746153846153846;0,04615384615384599;0,04615384615384599
Tamboara;4126702;IDEB;Árvore de decisão;4,8;4,630612244897959;-0,16938775510204085;0,16938775510204085
Conselheiro Mairinck;4106100;IDEB;Árvore de decisão;4,7;4,833333333333333;0,13333333333333286;0,13333333333333286
Foz do Iguaçu;4108304;IDEB;Árvore de decisão;4,8;4,746153846153846;-0,053846153846153655;0,053846153846153655
Almirante Tamandaré;4100400;IDEB;Árvore de decisão;4,4;4,385714285714285;-0,014285714285715123;0,014285714285715123
Araruna;4101705;IDEB;Árvore de decisão;4,9;4,658823529411763;-0,2411764705882371;0,2411764705882371
Iguatu;4110052;IDEB;Árvore de decisão;4,6;4,630612244897959;0,03061224489795933;0,03061224489795933
Prado Ferreira;4120333;IDEB;Árvore de decisão;5,0;4,630612244897959;-0,369387755102041;0,369387755102041
Sarandi;4126256;IDEB;Árvore de decisão;4,6;4,385714285714285;-0,2142857142857144;0,2142857142857144
Carambeí;4104659;IDEB;Árvore de decisão;4,6;4,9;0,3000000000000007;0,3000000000000007
Palmeira;4117701;IDEB;Árvore de decisão;4,9;4,9;0,0;0,0
União da Vitória;4128203;IDEB;Árvore de decisão;4,9;4,746153846153846;-0,1538461538461542;0,1538461538461542
Mangueirinha;4114401;IDEB;Árvore de decisão;4,5;4,658823529411763;0,15882352941176325;0,15882352941176325
Coronel Vivida;4106506;IDEB;Árvore de decisão;5,1;4,658823529411763;-0,4411764705882364;0,4411764705882364
Nova Fátima;4117008;IDEB;Árvore de decisão;4,1;4,658823529411763;0,5588235294117636;0,5588235294117636
Jardim Alegre;4112504;IDEB;Árvore de decisão;4,7;4,658823529411763;-0,041176470588236924;0,041176470588236924
Floresta;4107900;IDEB;Árvore de decisão;4,8;4,833333333333333;0,033333333333333215;0,033333333333333215
Medianeira;4115804;IDEB;Árvore de decisão;5,1;4,746153846153846;-0,3538461538461535;0,3538461538461535
Jandaia do Sul;4112108;IDEB;Árvore de decisão;4,7;4,630612244897959;-0,0693877551020412;0,0693877551020412
Ourizona;4117404;IDEB;Árvore de decisão;4,6;4,833333333333333;0,2333333333333334;0,2333333333333334
Telêmaco Borba;4127106;IDEB;Árvore de decisão;4,7;4,746153846153846;0,04615384615384599;0,04615384615384599
Pato Branco;4118501;IDEB;Árvore de decisão;5,0;4,746153846153846;-0,25384615384615383;0,25384615384615383
Três Barras do Paraná;4127858;IDEB;Árvore de decisão;4,4;4,658823529411763;0,2588235294117629;0,2588235294117629
Colombo;4105805;IDEB;Árvore de decisão;4,4;4,746153846153846;0,3461538461538458;0,3461538461538458
Santo Antônio do Paraíso;4124301;IDEB;Árvore de decisão;4,5;4,630612244897959;0,13061224489795897;0,13061224489795897
Santa Maria do Oeste;4123857;IDEB;Árvore de decisão;5,0;4,658823529411763;-0,34117647058823675;0,34117647058823675
Arapongas;4101507;IDEB;Árvore de decisão;4,9;4,746153846153846;-0,1538461538461542;0,1538461538461542
Castro;4104907;IDEB;Árvore de decisão;4,7;4,746153846153846;0,04615384615384599;0,04615384615384599
Juranda;4112959;IDEB;Árvore de decisão;4,5;4,658823529411763;0,15882352941176325;0,15882352941176325
Santa Izabel do Oeste;4123808;IDEB;Floresta aleatória;4,7;4,6512170717066725;-0,04878292829332764;0,04878292829332764
Itapejara d'Oeste;4111209;IDEB;Floresta aleatória;4,5;4,822679499161543;0,32267949916154315;0,32267949916154315
Curiúva;4107009;IDEB;Floresta aleatória;4,3;4,471910389447986;0,1719103894479863;0,1719103894479863
Porecatu;4120002;IDEB;Floresta aleatória;4,7;4,69779370037056;-0,0022062996294405224;0,0022062996294405224
Mato Rico;4115739;IDEB;Floresta aleatória;4,9;4,718804104186823;-0,1811958958131772;0,1811958958131772
Rio Branco do Sul;4122206;IDEB;Floresta aleatória;4,4;4,703583474015292;0,3035834740152916;0,3035834740152916
Contenda;4106209;IDEB;Floresta aleatória;4,9;4,719506827444113;-0,18049317255588715;0,18049317255588715
Espigão Alto do Iguaçu;4107546;IDEB;Floresta aleatória;4,9;4,734218229124919;-0,16578177087508106;0,16578177087508106
Ramilândia;4121257;IDEB;Floresta aleatória;4,5;4,6228921225704065;0,12289212257040649;0,12289212257040649
Boa Esperança do Iguaçu;4103024;IDEB;Floresta aleatória;5,0;4,597598282049146;-0,40240171795085367;0,40240171795085367
Cidade Gaúcha;4105607;IDEB;Floresta aleatória;4,4;4,655650729248487;0,25565072924848664;0,25565072924848664
Cruzeiro do Iguaçu;4106571;IDEB;Floresta aleatória;4,6;4,778251094649519;0,17825109464951971;0,17825109464951971
Nova Santa Rosa;4117222;IDEB;Floresta aleatória;4,8;4,692978697105225;-0,10702130289477463;0,10702130289477463
Brasilândia do Sul;4103370;IDEB;Floresta aleatória;4,0;4,6564976620884675;0,6564976620884675;0,6564976620884675
Terra Boa;4127205;IDEB;Floresta aleatória;5,1;4,6826200510328135;-0,4173799489671861;0,4173799489671861
Pinhalão;4119202;IDEB;Floresta aleatória;4,7;4,7280356841442694;0,02803568414426927;0,02803568414426927
São João do Caiuá;4124905;IDEB;Floresta aleatória;3,9;4,596080746301459;0,6960807463014587;0,6960807463014587
Cianorte;4105508;IDEB;Floresta aleatória;4,7;4,7873262143334046;0,08732621433340437;0,08732621433340437
Paula Freitas;4118600;IDEB;Floresta aleatória;4,5;4,723037813152225;0,22303781315222526;0,22303781315222526
São José dos Pinhais;4125506;IDEB;Floresta aleatória;4,7;4,728611370090425;0,028611370090424693;0,028611370090424693
Campo Magro;4104253;IDEB;Floresta aleatória;4,5;4,413576867875474;-0,08642313212452635;0,08642313212452635
Jussara;4113007;IDEB;Floresta aleatória;4,6;4,722734639269323;0,12273463926932315;0,12273463926932315
Nova Prata do Iguaçu;4117255;IDEB;Floresta aleatória;4,7;4,723562233937585;0,023562233937584942;0,023562233937584942
Amaporã;4100905;IDEB;Floresta aleatória;4,6;4,484890932994019;-0,11510906700598067;0,11510906700598067
Mercedes;4115853;IDEB;Floresta aleatória;5,4;4,702866622328391;-0,6971333776716095;0,6971333776716095
Apucarana;4101408;IDEB;Floresta aleatória;4,9;4,757529497325158;-0,14247050267484251;0,14247050267484251
Santa Terezinha de Itaipu;4124053;IDEB;Floresta aleatória;4,8;4,643089341347669;-0,15691065865233078;0,15691065865233078
Ivaí;4111407;IDEB;Floresta aleatória;4,8;4,692873012203514;-0,10712698779648555;0,10712698779648555
Rancho Alegre;4121307;IDEB;Floresta aleatória;3,7;4,71954481641703;1,0195448164170298;1,0195448164170298
Abatiá;4100103;IDEB;Floresta aleatória;4,3;4,607604974003454;0,3076049740034543;0,3076049740034543
Wenceslau Braz;4128500;IDEB;Floresta aleatória;4,7;4,733797240873297;0,03379724087329716;0,03379724087329716
Congonhinhas;4106001;IDEB;Floresta aleatória;4,1;4,580305397683609;0,48030539768360914;0,48030539768360914
Bandeirantes;4102406;IDEB;Floresta aleatória;4,4;4,8070115323539495;0,40701153235394916;0,40701153235394916
Guamiranga;4108957;IDEB;Floresta aleatória;4,3;4,711659078562664;0,41165907856266415;0,41165907856266415
Guaporema;4109104;IDEB;Floresta aleatória;4,3;4,6436150707476;0,34361507074760045;0,34361507074760045
São Miguel do Iguaçu;4125704;IDEB;Floresta aleatória;5,3;4,773636032518151;-0,5263639674818492;0,5263639674818492
Campo Mourão;4104303;IDEB;Floresta aleatória;5,0;4,792420557355908;-0,207579442644092;0,207579442644092
Godoy Moreira;4108551;IDEB;Floresta aleatória;5,1;4,547442225625535;-0,5525577743744643;0,5525577743744643
São Jerônimo da Serra;4124707;IDEB;Floresta aleatória;4,6;4,718879926931785;0,11887992693178528;0,11887992693178528
São João do Triunfo;4125100;IDEB;Floresta aleatória;4,6;4,662078767448785;0,062078767448785044;0,062078767448785044
Bom Sucesso do Sul;4103222;IDEB;Floresta aleatória;5,2;4,660531185311404;-0,539468814688596;0,539468814688596
Califórnia;4103503;IDEB;Floresta aleatória;5,1;4,743470027870956;-0,356529972129044;0,356529972129044
Vitorino;4128708;IDEB;Floresta aleatória;4,5;4,779325065135589;0,2793250651355894;0,2793250651355894
Rolândia;4122404;IDEB;Floresta aleatória;4,8;4,736482679841894;-0,0635173201581054;0,0635173201581054
Foz do Jordão;4108452;IDEB;Floresta aleatória;4,6;4,718577271334759;0,11857727133475926;0,11857727133475926
Francisco Alves;4108320;IDEB;Floresta aleatória;4,6;4,841909791341586;0,24190979134158663;0,24190979134158663
Terra Rica;4127304;IDEB;Floresta aleatória;4,7;4,618533669808128;-0,08146633019187188;0,08146633019187188
Campo Largo;4104204;IDEB;Floresta aleatória;5,0;4,728052225980457;-0,2719477740195426;0,2719477740195426
Assis Chateaubriand;4102000;IDEB;Floresta aleatória;4,7;4,822333824331106;0,12233382433110584;0,12233382433110584
Bituruna;4102901;IDEB;Floresta aleatória;4,5;4,6986631223815465;0,1986631223815465;0,1986631223815465
Nova Esperança do Sudoeste;4116950;IDEB;Floresta aleatória;4,2;4,720540738679154;0,5205407386791538;0,5205407386791538
Itaperuçu;4111258;IDEB;Floresta aleatória;4,1;4,457572836348894;0,35757283634889436;0,35757283634889436
Diamante D'Oeste;4107157;IDEB;Floresta aleatória;4,5;4,701143711154385;0,20114371115438523;0,20114371115438523
Peabiru;4118808;IDEB;Floresta aleatória;5,1;4,692984540996272;-0,4070154590037278;0,4070154590037278
Bela Vista do Paraíso;4102802;IDEB;Floresta aleatória;4,5;4,664032199958782;0,1640321999587817;0,1640321999587817
São Jorge do Patrocínio;4125357;IDEB;Floresta aleatória;4,6;4,725835996887143;0,12583599688714298;0,12583599688714298
Maripá;4115358;IDEB;Floresta aleatória;5,4;4,6402936421443775;-0,7597063578556229;0,7597063578556229
Reserva do Iguaçu;4121752;IDEB;Floresta aleatória;4,4;4,74234933245439;0,3423493324543898;0,3423493324543898
Piên;4119103;IDEB;Floresta aleatória;4,8;4,779366884110512;-0,020633115889487463;0,020633115889487463
Porto Barreiro;4120150;IDEB;Floresta aleatória;4,3;4,813847845265558;0,5138478452655582;0,5138478452655582
Santa Cruz de Monte Castelo;4123303;IDEB;Floresta aleatória;4,5;4,663180358612251;0,16318035861225066;0,16318035861225066
Doutor Ulysses;4128633;IDEB;Floresta aleatória;4,2;4,529686336588942;0,3296863365889422;0,3296863365889422
Inácio Martins;4110201;IDEB;Floresta aleatória;4,5;4,508798133122108;0,008798133122107643;0,008798133122107643
Lindoeste;4113452;IDEB;Floresta aleatória;4,3;4,865065300415999;0,5650653004159993;0,5650653004159993
Altônia;4100509;IDEB;Floresta aleatória;5,1;4,630940327489976;-0,46905967251002334;0,46905967251002334
Cafezal do Sul;4103479;IDEB;Floresta aleatória;4,6;4,752163638927083;0,1521636389270835;0,1521636389270835
Floraí;4107801;IDEB;Floresta aleatória;4,7;4,704236755217867;0,004236755217866595;0,004236755217866595
Tapira;4126900;IDEB;Floresta aleatória;4,6;4,638221758964225;0,03822175896422575;0,03822175896422575
Dois Vizinhos;4107207;IDEB;Floresta aleatória;4,7;4,7798757062107775;0,07987570621077733;0,07987570621077733
Tamboara;4126702;IDEB;Floresta aleatória;4,8;4,5337185678123175;-0,2662814321876823;0,2662814321876823
Conselheiro Mairinck;4106100;IDEB;Floresta aleatória;4,7;4,727850137634745;0,02785013763474442;0,02785013763474442
Foz do Iguaçu;4108304;IDEB;Floresta aleatória;4,8;4,71436980606673;-0,08563019393326954;0,08563019393326954
Almirante Tamandaré;4100400;IDEB;Floresta aleatória;4,4;4,448883397227465;0,048883397227464265;0,048883397227464265
Araruna;4101705;IDEB;Floresta aleatória;4,9;4,722709052071293;-0,17729094792870725;0,17729094792870725
Iguatu;4110052;IDEB;Floresta aleatória;4,6;4,539518648185515;-0,06048135181448444;0,06048135181448444
Prado Ferreira;4120333;IDEB;Floresta aleatória;5,0;4,7185202641744155;-0,2814797358255845;0,2814797358255845
Sarandi;4126256;IDEB;Floresta aleatória;4,6;4,511182385139104;-0,08881761486089523;0,08881761486089523
Carambeí;4104659;IDEB;Floresta aleatória;4,6;4,793523749664175;0,19352374966417507;0,19352374966417507
Palmeira;4117701;IDEB;Floresta aleatória;4,9;4,8652392928067165;-0,034760707193283835;0,034760707193283835
União da Vitória;4128203;IDEB;Floresta aleatória;4,9;4,677091956945076;-0,2229080430549244;0,2229080430549244
Mangueirinha;4114401;IDEB;Floresta aleatória;4,5;4,703872746674004;0,203872746674004;0,203872746674004
Coronel Vivida;4106506;IDEB;Floresta aleatória;5,1;4,771227545287015;-0,32877245471298444;0,32877245471298444
Nova Fátima;4117008;IDEB;Floresta aleatória;4,1;4,601670142914755;0,5016701429147554;0,5016701429147554
Jardim Alegre;4112504;IDEB;Floresta aleatória;4,7;4,590285240520855;-0,10971475947914477;0,10971475947914477
Floresta;4107900;IDEB;Floresta aleatória;4,8;4,654885012440572;-0,14511498755942753;0,14511498755942753
Medianeira;4115804;IDEB;Floresta aleatória;5,1;4,788591132737563;-0,3114088672624362;0,3114088672624362
Jandaia do Sul;4112108;IDEB;Floresta aleatória;4,7;4,673244930504248;-0,026755069495751904;0,026755069495751904
Ourizona;4117404;IDEB;Floresta aleatória;4,6;4,8188042522275145;0,21880425222751487;0,21880425222751487
Telêmaco Borba;4127106;IDEB;Floresta aleatória;4,7;4,7151956284808625;0,015195628480862311;0,015195628480862311
Pato Branco;4118501;IDEB;Floresta aleatória;5,0;4,8271333601135815;-0,17286663988641848;0,17286663988641848
Três Barras do Paraná;4127858;IDEB;Floresta aleatória;4,4;4,631049270757275;0,23104927075727488;0,23104927075727488
Colombo;4105805;IDEB;Floresta aleatória;4,4;4,7015769462753045;0,3015769462753042;0,3015769462753042
Santo Antônio do Paraíso;4124301;IDEB;Floresta aleatória;4,5;4,494103817383565;-0,005896182616434764;0,005896182616434764
Santa Maria do Oeste;4123857;IDEB;Floresta aleatória;5,0;4,629534563978839;-0,3704654360211608;0,3704654360211608
Arapongas;4101507;IDEB;Floresta aleatória;4,9;4,788896937520744;-0,11110306247925639;0,11110306247925639
Castro;4104907;IDEB;Floresta aleatória;4,7;4,827096922827742;0,1270969228277421;0,1270969228277421
Juranda;4112959;IDEB;Floresta aleatória;4,5;4,739163244018274;0,2391632440182736;0,2391632440182736
Santa Izabel do Oeste;4123808;SAEB Matemática;Árvore de decisão;274,27;278,54598039215693;4,275980392156953;4,275980392156953
Itapejara d'Oeste;4111209;SAEB Matemática;Árvore de decisão;272,19;282,7927272727273;10,602727272727293;10,602727272727293
Curiúva;4107009;SAEB Matemática;Árvore de decisão;258,03;279,73;21,700000000000045;21,700000000000045
Porecatu;4120002;SAEB Matemática;Árvore de decisão;271,08;278,54598039215693;7,4659803921569505;7,4659803921569505
Mato Rico;4115739;SAEB Matemática;Árvore de decisão;278,81;279,73;0,9200000000000159;0,9200000000000159
Rio Branco do Sul;4122206;SAEB Matemática;Árvore de decisão;269,5;279,73;10,230000000000018;10,230000000000018
Contenda;4106209;SAEB Matemática;Árvore de decisão;285,4;278,54598039215693;-6,854019607843043;6,854019607843043
Espigão Alto do Iguaçu;4107546;SAEB Matemática;Árvore de decisão;277,43;288,4916666666667;11,061666666666667;11,061666666666667
Ramilândia;4121257;SAEB Matemática;Árvore de decisão;274,34;274,6027118644068;0,2627118644068105;0,2627118644068105
Boa Esperança do Iguaçu;4103024;SAEB Matemática;Árvore de decisão;290,1;279,73;-10,370000000000005;10,370000000000005
Cidade Gaúcha;4105607;SAEB Matemática;Árvore de decisão;282,24;274,6027118644068;-7,637288135593224;7,637288135593224
Cruzeiro do Iguaçu;4106571;SAEB Matemática;Árvore de decisão;280,04;279,73;-0,3100000000000023;0,3100000000000023
Nova Santa Rosa;4117222;SAEB Matemática;Árvore de decisão;285,85;282,7927272727273;-3,057272727272732;3,057272727272732
Brasilândia do Sul;4103370;SAEB Matemática;Árvore de decisão;256,26;278,54598039215693;22,285980392156944;22,285980392156944
Terra Boa;4127205;SAEB Matemática;Árvore de decisão;295,44;282,7927272727273;-12,647272727272707;12,647272727272707
Pinhalão;4119202;SAEB Matemática;Árvore de decisão;272,41;278,54598039215693;6,13598039215691;6,13598039215691
São João do Caiuá;4124905;SAEB Matemática;Árvore de decisão;257,15;274,6027118644068;17,452711864406808;17,452711864406808
Cianorte;4105508;SAEB Matemática;Árvore de decisão;281,81;282,7927272727273;0,9827272727272884;0,9827272727272884
Paula Freitas;4118600;SAEB Matemática;Árvore de decisão;284,88;278,54598039215693;-6,334019607843061;6,334019607843061
São José dos Pinhais;4125506;SAEB Matemática;Árvore de decisão;275,58;278,54598039215693;2,9659803921569505;2,9659803921569505
Campo Magro;4104253;SAEB Matemática;Árvore de decisão;274,54;266,7909090909091;-7,74909090909091;7,74909090909091
Jussara;4113007;SAEB Matemática;Árvore de decisão;281,95;279,73;-2,2199999999999704;2,2199999999999704
Nova Prata do Iguaçu;4117255;SAEB Matemática;Árvore de decisão;277,66;278,54598039215693;0,8859803921569096;0,8859803921569096
Amaporã;4100905;SAEB Matemática;Árvore de decisão;284,45;274,6027118644068;-9,847288135593203;9,847288135593203
Mercedes;4115853;SAEB Matemática;Árvore de decisão;299,96;288,4916666666667;-11,468333333333305;11,468333333333305
Apucarana;4101408;SAEB Matemática;Árvore de decisão;285,94;282,7927272727273;-3,147272727272707;3,147272727272707
Santa Terezinha de Itaipu;4124053;SAEB Matemática;Árvore de decisão;280,36;270,61692307692306;-9,743076923076956;9,743076923076956
Ivaí;4111407;SAEB Matemática;Árvore de decisão;283,87;278,54598039215693;-5,32401960784307;5,32401960784307
Rancho Alegre;4121307;SAEB Matemática;Árvore de decisão;266,59;275,50200000000007;8,912000000000091;8,912000000000091
Abatiá;4100103;SAEB Matemática;Árvore de decisão;262,48;270,61692307692306;8,13692307692304;8,13692307692304
Wenceslau Braz;4128500;SAEB Matemática;Árvore de decisão;271,32;282,7927272727273;11,472727272727298;11,472727272727298
Congonhinhas;4106001;SAEB Matemática;Árvore de decisão;249,48;278,54598039215693;29,065980392156945;29,065980392156945
Bandeirantes;4102406;SAEB Matemática;Árvore de decisão;270,55;282,7927272727273;12,24272727272728;12,24272727272728
Guamiranga;4108957;SAEB Matemática;Árvore de decisão;277,44;278,54598039215693;1,1059803921569369;1,1059803921569369
Guaporema;4109104;SAEB Matemática;Árvore de decisão;261,9;265,91636363636366;4,016363636363678;4,016363636363678
São Miguel do Iguaçu;4125704;SAEB Matemática;Árvore de decisão;304,21;278,54598039215693;-25,664019607843045;25,664019607843045
Campo Mourão;4104303;SAEB Matemática;Árvore de decisão;289,08;282,7927272727273;-6,287272727272693;6,287272727272693
Godoy Moreira;4108551;SAEB Matemática;Árvore de decisão;278,85;274,6027118644068;-4,247288135593237;4,247288135593237
São Jerônimo da Serra;4124707;SAEB Matemática;Árvore de decisão;271,41;278,54598039215693;7,13598039215691;7,13598039215691
São João do Triunfo;4125100;SAEB Matemática;Árvore de decisão;276,59;278,54598039215693;1,9559803921569596;1,9559803921569596
Bom Sucesso do Sul;4103222;SAEB Matemática;Árvore de decisão;308,95;278,54598039215693;-30,404019607843054;30,404019607843054
Califórnia;4103503;SAEB Matemática;Árvore de decisão;287,12;274,6027118644068;-12,517288135593219;12,517288135593219
Vitorino;4128708;SAEB Matemática;Árvore de decisão;272,01;278,54598039215693;6,535980392156944;6,535980392156944
Rolândia;4122404;SAEB Matemática;Árvore de decisão;277,06;278,54598039215693;1,4859803921569323;1,4859803921569323
Foz do Jordão;4108452;SAEB Matemática;Árvore de decisão;277,33;270,61692307692306;-6,713076923076926;6,713076923076926
Francisco Alves;4108320;SAEB Matemática;Árvore de decisão;275,8;278,54598039215693;2,7459803921569232;2,7459803921569232
Terra Rica;4127304;SAEB Matemática;Árvore de decisão;286,45;270,61692307692306;-15,83307692307693;15,83307692307693
Campo Largo;4104204;SAEB Matemática;Árvore de decisão;289,13;275,50200000000007;-13,627999999999929;13,627999999999929
Assis Chateaubriand;4102000;SAEB Matemática;Árvore de decisão;279,44;282,7927272727273;3,352727272727293;3,352727272727293
Bituruna;4102901;SAEB Matemática;Árvore de decisão;281,31;278,54598039215693;-2,7640196078430677;2,7640196078430677
Nova Esperança do Sudoeste;4116950;SAEB Matemática;Árvore de decisão;276,09;279,73;3,640000000000043;3,640000000000043
Itaperuçu;4111258;SAEB Matemática;Árvore de decisão;259,76;266,7909090909091;7,03090909090912;7,03090909090912
Diamante D'Oeste;4107157;SAEB Matemática;Árvore de decisão;269,21;274,6027118644068;5,392711864406806;5,392711864406806
Peabiru;4118808;SAEB Matemática;Árvore de decisão;292,77;278,54598039215693;-14,224019607843047;14,224019607843047
Bela Vista do Paraíso;4102802;SAEB Matemática;Árvore de decisão;269,81;270,61692307692306;0,8069230769230558;0,8069230769230558
São Jorge do Patrocínio;4125357;SAEB Matemática;Árvore de decisão;269,44;274,6027118644068;5,162711864406788;5,162711864406788
Maripá;4115358;SAEB Matemática;Árvore de decisão;309,03;278,54598039215693;-30,484019607843038;30,484019607843038
Reserva do Iguaçu;4121752;SAEB Matemática;Árvore de decisão;269,7;278,54598039215693;8,845980392156946;8,845980392156946
Piên;4119103;SAEB Matemática;Árvore de decisão;277,54;278,54598039215693;1,0059803921569141;1,0059803921569141
Porto Barreiro;4120150;SAEB Matemática;Árvore de decisão;274,65;288,4916666666667;13,841666666666697;13,841666666666697
Santa Cruz de Monte Castelo;4123303;SAEB Matemática;Árvore de decisão;269,69;278,54598039215693;8,855980392156937;8,855980392156937
Doutor Ulysses;4128633;SAEB Matemática;Árvore de decisão;269,85;266,7909090909091;-3,059090909090912;3,059090909090912
Inácio Martins;4110201;SAEB Matemática;Árvore de decisão;277,71;270,61692307692306;-7,0930769230769215;7,0930769230769215
Lindoeste;4113452;SAEB Matemática;Árvore de decisão;268,3;279,73;11,430000000000007;11,430000000000007
Altônia;4100509;SAEB Matemática;Árvore de decisão;288,05;270,61692307692306;-17,433076923076953;17,433076923076953
Cafezal do Sul;4103479;SAEB Matemática;Árvore de decisão;271,17;279,73;8,560000000000002;8,560000000000002
Floraí;4107801;SAEB Matemática;Árvore de decisão;275,61;275,50200000000007;-0,10799999999994725;0,10799999999994725
Tapira;4126900;SAEB Matemática;Árvore de decisão;267,52;274,6027118644068;7,082711864406804;7,082711864406804
Dois Vizinhos;4107207;SAEB Matemática;Árvore de decisão;282,73;282,7927272727273;0,06272727272727252;0,06272727272727252
Tamboara;4126702;SAEB Matemática;Árvore de decisão;274,7;274,6027118644068;-0,09728813559320315;0,09728813559320315
Conselheiro Mairinck;4106100;SAEB Matemática;Árvore de decisão;275,86;288,4916666666667;12,63166666666666;12,63166666666666
Foz do Iguaçu;4108304;SAEB Matemática;Árvore de decisão;283,75;275,50200000000007;-8,247999999999934;8,247999999999934
Almirante Tamandaré;4100400;SAEB Matemática;Árvore de decisão;267,52;266,7909090909091;-0,7290909090908713;0,7290909090908713
Araruna;4101705;SAEB Matemática;Árvore de decisão;282,71;278,54598039215693;-4,164019607843045;4,164019607843045
Iguatu;4110052;SAEB Matemática;Árvore de decisão;264,86;265,91636363636366;1,056363636363642;1,056363636363642
Prado Ferreira;4120333;SAEB Matemática;Árvore de decisão;281,37;274,6027118644068;-6,767288135593219;6,767288135593219
Sarandi;4126256;SAEB Matemática;Árvore de decisão;272,37;270,61692307692306;-1,7530769230769465;1,7530769230769465
Carambeí;4104659;SAEB Matemática;Árvore de decisão;277,4;278,54598039215693;1,1459803921569574;1,1459803921569574
Palmeira;4117701;SAEB Matemática;Árvore de decisão;283,3;282,7927272727273;-0,5072727272727207;0,5072727272727207
União da Vitória;4128203;SAEB Matemática;Árvore de decisão;284,59;270,61692307692306;-13,973076923076917;13,973076923076917
Mangueirinha;4114401;SAEB Matemática;Árvore de decisão;280,36;278,54598039215693;-1,814019607843079;1,814019607843079
Coronel Vivida;4106506;SAEB Matemática;Árvore de decisão;290,58;282,7927272727273;-7,787272727272693;7,787272727272693
Nova Fátima;4117008;SAEB Matemática;Árvore de decisão;257,64;270,61692307692306;12,976923076923072;12,976923076923072
Jardim Alegre;4112504;SAEB Matemática;Árvore de decisão;274,04;270,61692307692306;-3,4230769230769624;3,4230769230769624
Floresta;4107900;SAEB Matemática;Árvore de decisão;277,34;279,73;2,390000000000043;2,390000000000043
Medianeira;4115804;SAEB Matemática;Árvore de decisão;291,8;282,7927272727273;-9,00727272727272;9,00727272727272
Jandaia do Sul;4112108;SAEB Matemática;Árvore de decisão;269,49;274,6027118644068;5,112711864406776;5,112711864406776
Ourizona;4117404;SAEB Matemática;Árvore de decisão;282,42;288,4916666666667;6,071666666666658;6,071666666666658
Telêmaco Borba;4127106;SAEB Matemática;Árvore de decisão;274,88;278,54598039215693;3,665980392156939;3,665980392156939
Pato Branco;4118501;SAEB Matemática;Árvore de decisão;292,33;282,7927272727273;-9,537272727272693;9,537272727272693
Três Barras do Paraná;4127858;SAEB Matemática;Árvore de decisão;276,68;278,54598039215693;1,8659803921569278;1,8659803921569278
Colombo;4105805;SAEB Matemática;Árvore de decisão;274,26;270,61692307692306;-3,643076923076933;3,643076923076933
Santo Antônio do Paraíso;4124301;SAEB Matemática;Árvore de decisão;267,07;274,6027118644068;7,532711864406792;7,532711864406792
Santa Maria do Oeste;4123857;SAEB Matemática;Árvore de decisão;286,27;278,54598039215693;-7,724019607843047;7,724019607843047
Arapongas;4101507;SAEB Matemática;Árvore de decisão;283,33;282,7927272727273;-0,5372727272726934;0,5372727272726934
Castro;4104907;SAEB Matemática;Árvore de decisão;281,34;282,7927272727273;1,4527272727273157;1,4527272727273157
Juranda;4112959;SAEB Matemática;Árvore de decisão;283,62;278,54598039215693;-5,07401960784307;5,07401960784307
Santa Izabel do Oeste;4123808;SAEB Matemática;Floresta aleatória;274,27;277,3573597565987;3,087359756598744;3,087359756598744
Itapejara d'Oeste;4111209;SAEB Matemática;Floresta aleatória;272,19;284,9024053188763;12,712405318876279;12,712405318876279
Curiúva;4107009;SAEB Matemática;Floresta aleatória;258,03;273,5196958986989;15,489695898698926;15,489695898698926
Porecatu;4120002;SAEB Matemática;Floresta aleatória;271,08;279,7491785186496;8,66917851864963;8,66917851864963
Mato Rico;4115739;SAEB Matemática;Floresta aleatória;278,81;282,1560128467397;3,346012846739711;3,346012846739711
Rio Branco do Sul;4122206;SAEB Matemática;Floresta aleatória;269,5;279,86638629704163;10,366386297041629;10,366386297041629
Contenda;4106209;SAEB Matemática;Floresta aleatória;285,4;279,9998310080993;-5,400168991900671;5,400168991900671
Espigão Alto do Iguaçu;4107546;SAEB Matemática;Floresta aleatória;277,43;279,46365693919404;2,0336569391940316;2,0336569391940316
Ramilândia;4121257;SAEB Matemática;Floresta aleatória;274,34;277,17537810065824;2,835378100658261;2,835378100658261
Boa Esperança do Iguaçu;4103024;SAEB Matemática;Floresta aleatória;290,1;275,34480219061027;-14,755197809389756;14,755197809389756
Cidade Gaúcha;4105607;SAEB Matemática;Floresta aleatória;282,24;276,0577958164308;-6,182204183569183;6,182204183569183
Cruzeiro do Iguaçu;4106571;SAEB Matemática;Floresta aleatória;280,04;282,81926665148916;2,779266651489138;2,779266651489138
Nova Santa Rosa;4117222;SAEB Matemática;Floresta aleatória;285,85;280,5607655944206;-5,289234405579407;5,289234405579407
Brasilândia do Sul;4103370;SAEB Matemática;Floresta aleatória;256,26;277,3640624345546;21,104062434554635;21,104062434554635
Terra Boa;4127205;SAEB Matemática;Floresta aleatória;295,44;277,8286360513987;-17,61136394860131;17,61136394860131
Pinhalão;4119202;SAEB Matemática;Floresta aleatória;272,41;278,99230394174975;6,582303941749728;6,582303941749728
São João do Caiuá;4124905;SAEB Matemática;Floresta aleatória;257,15;275,3903335294626;18,240333529462646;18,240333529462646
Cianorte;4105508;SAEB Matemática;Floresta aleatória;281,81;282,5021704268031;0,6921704268031021;0,6921704268031021
Paula Freitas;4118600;SAEB Matemática;Floresta aleatória;284,88;280,8799851302027;-4,000014869797269;4,000014869797269
São José dos Pinhais;4125506;SAEB Matemática;Floresta aleatória;275,58;278,7182047619385;3,138204761938539;3,138204761938539
Campo Magro;4104253;SAEB Matemática;Floresta aleatória;274,54;270,5910827407512;-3,9489172592488444;3,9489172592488444
Jussara;4113007;SAEB Matemática;Floresta aleatória;281,95;279,9175792237069;-2,0324207762930655;2,0324207762930655
Nova Prata do Iguaçu;4117255;SAEB Matemática;Floresta aleatória;277,66;279,8558681585122;2,1958681585121553;2,1958681585121553
Amaporã;4100905;SAEB Matemática;Floresta aleatória;284,45;271,02602328064035;-13,423976719359644;13,423976719359644
Mercedes;4115853;SAEB Matemática;Floresta aleatória;299,96;279,5280213479853;-20,431978652014664;20,431978652014664
Apucarana;4101408;SAEB Matemática;Floresta aleatória;285,94;279,85648294791923;-6,083517052080765;6,083517052080765
Santa Terezinha de Itaipu;4124053;SAEB Matemática;Floresta aleatória;280,36;276,2465959038734;-4,113404096126601;4,113404096126601
Ivaí;4111407;SAEB Matemática;Floresta aleatória;283,87;279,19249727643233;-4,67750272356767;4,67750272356767
Rancho Alegre;4121307;SAEB Matemática;Floresta aleatória;266,59;280,66399346332565;14,073993463325678;14,073993463325678
Abatiá;4100103;SAEB Matemática;Floresta aleatória;262,48;274,81832568527705;12,338325685277027;12,338325685277027
Wenceslau Braz;4128500;SAEB Matemática;Floresta aleatória;271,32;278,09511788720306;6,775117887203066;6,775117887203066
Congonhinhas;4106001;SAEB Matemática;Floresta aleatória;249,48;273,54280843686604;24,06280843686605;24,06280843686605
Bandeirantes;4102406;SAEB Matemática;Floresta aleatória;270,55;281,0855029792429;10,535502979242892;10,535502979242892
Guamiranga;4108957;SAEB Matemática;Floresta aleatória;277,44;277,8189561929007;0,37895619290071636;0,37895619290071636
Guaporema;4109104;SAEB Matemática;Floresta aleatória;261,9;269,6283208515064;7,728320851506396;7,728320851506396
São Miguel do Iguaçu;4125704;SAEB Matemática;Floresta aleatória;304,21;279,9648905439821;-24,24510945601787;24,24510945601787
Campo Mourão;4104303;SAEB Matemática;Floresta aleatória;289,08;281,3479356478083;-7,732064352191685;7,732064352191685
Godoy Moreira;4108551;SAEB Matemática;Floresta aleatória;278,85;273,83294108626137;-5,017058913738651;5,017058913738651
São Jerônimo da Serra;4124707;SAEB Matemática;Floresta aleatória;271,41;277,30950175860096;5,899501758600934;5,899501758600934
São João do Triunfo;4125100;SAEB Matemática;Floresta aleatória;276,59;278,1668217393217;1,5768217393217014;1,5768217393217014
Bom Sucesso do Sul;4103222;SAEB Matemática;Floresta aleatória;308,95;278,1558723666549;-30,794127633345113;30,794127633345113
Califórnia;4103503;SAEB Matemática;Floresta aleatória;287,12;278,361989459485;-8,758010540514988;8,758010540514988
Vitorino;4128708;SAEB Matemática;Floresta aleatória;272,01;282,02973315059864;10,019733150598654;10,019733150598654
Rolândia;4122404;SAEB Matemática;Floresta aleatória;277,06;279,0861606718445;2,0261606718444796;2,0261606718444796
Foz do Jordão;4108452;SAEB Matemática;Floresta aleatória;277,33;276,7361255691431;-0,5938744308568857;0,5938744308568857
Francisco Alves;4108320;SAEB Matemática;Floresta aleatória;275,8;280,52800477144785;4,728004771447843;4,728004771447843
Terra Rica;4127304;SAEB Matemática;Floresta aleatória;286,45;275,67703980364587;-10,77296019635412;10,77296019635412
Campo Largo;4104204;SAEB Matemática;Floresta aleatória;289,13;278,95228771611346;-10,177712283886535;10,177712283886535
Assis Chateaubriand;4102000;SAEB Matemática;Floresta aleatória;279,44;282,98409747370397;3,544097473703971;3,544097473703971
Bituruna;4102901;SAEB Matemática;Floresta aleatória;281,31;278,4184336854458;-2,891566314554211;2,891566314554211
Nova Esperança do Sudoeste;4116950;SAEB Matemática;Floresta aleatória;276,09;281,3290845771193;5,239084577119343;5,239084577119343
Itaperuçu;4111258;SAEB Matemática;Floresta aleatória;259,76;270,5774462811818;10,817446281181788;10,817446281181788
Diamante D'Oeste;4107157;SAEB Matemática;Floresta aleatória;269,21;276,8359540103485;7,625954010348494;7,625954010348494
Peabiru;4118808;SAEB Matemática;Floresta aleatória;292,77;279,7113126694449;-13,058687330555074;13,058687330555074
Bela Vista do Paraíso;4102802;SAEB Matemática;Floresta aleatória;269,81;274,71325625948174;4,903256259481736;4,903256259481736
São Jorge do Patrocínio;4125357;SAEB Matemática;Floresta aleatória;269,44;276,6538591690946;7,213859169094576;7,213859169094576
Maripá;4115358;SAEB Matemática;Floresta aleatória;309,03;279,88746369353345;-29,142536306466525;29,142536306466525
Reserva do Iguaçu;4121752;SAEB Matemática;Floresta aleatória;269,7;279,23157574489574;9,531575744895747;9,531575744895747
Piên;4119103;SAEB Matemática;Floresta aleatória;277,54;281,52783911557594;3,987839115575923;3,987839115575923
Porto Barreiro;4120150;SAEB Matemática;Floresta aleatória;274,65;282,6208687480492;7,970868748049213;7,970868748049213
Santa Cruz de Monte Castelo;4123303;SAEB Matemática;Floresta aleatória;269,69;277,2756429755241;7,585642975524081;7,585642975524081
Doutor Ulysses;4128633;SAEB Matemática;Floresta aleatória;269,85;270,97301714153645;1,1230171415364225;1,1230171415364225
Inácio Martins;4110201;SAEB Matemática;Floresta aleatória;277,71;273,09727221424083;-4,612727785759148;4,612727785759148
Lindoeste;4113452;SAEB Matemática;Floresta aleatória;268,3;283,9719250614491;15,671925061449087;15,671925061449087
Altônia;4100509;SAEB Matemática;Floresta aleatória;288,05;277,87167658451045;-10,178323415489558;10,178323415489558
Cafezal do Sul;4103479;SAEB Matemática;Floresta aleatória;271,17;281,7331263254743;10,563126325474286;10,563126325474286
Floraí;4107801;SAEB Matemática;Floresta aleatória;275,61;276,66183542009736;1,0518354200973477;1,0518354200973477
Tapira;4126900;SAEB Matemática;Floresta aleatória;267,52;276,17518537482727;8,655185374827283;8,655185374827283
Dois Vizinhos;4107207;SAEB Matemática;Floresta aleatória;282,73;281,46984877404725;-1,260151225952768;1,260151225952768
Tamboara;4126702;SAEB Matemática;Floresta aleatória;274,7;272,5876578006932;-2,112342199306795;2,112342199306795
Conselheiro Mairinck;4106100;SAEB Matemática;Floresta aleatória;275,86;282,62170119675847;6,761701196758452;6,761701196758452
Foz do Iguaçu;4108304;SAEB Matemática;Floresta aleatória;283,75;277,31118849508084;-6,438811504919158;6,438811504919158
Almirante Tamandaré;4100400;SAEB Matemática;Floresta aleatória;267,52;270,14112415673463;2,621124156734652;2,621124156734652
Araruna;4101705;SAEB Matemática;Floresta aleatória;282,71;279,5456855343607;-3,164314465639279;3,164314465639279
Iguatu;4110052;SAEB Matemática;Floresta aleatória;264,86;269,98633199246393;5,126331992463918;5,126331992463918
Prado Ferreira;4120333;SAEB Matemática;Floresta aleatória;281,37;277,9042661390611;-3,465733860938883;3,465733860938883
Sarandi;4126256;SAEB Matemática;Floresta aleatória;272,37;274,60189934417997;2,231899344179965;2,231899344179965
Carambeí;4104659;SAEB Matemática;Floresta aleatória;277,4;281,6658960091179;4,26589600911791;4,26589600911791
Palmeira;4117701;SAEB Matemática;Floresta aleatória;283,3;284,28726550336563;0,9872655033656201;0,9872655033656201
União da Vitória;4128203;SAEB Matemática;Floresta aleatória;284,59;275,1604111882909;-9,429588811709095;9,429588811709095
Mangueirinha;4114401;SAEB Matemática;Floresta aleatória;280,36;278,28912162260923;-2,070878377390784;2,070878377390784
Coronel Vivida;4106506;SAEB Matemática;Floresta aleatória;290,58;281,2996124336591;-9,280387566340892;9,280387566340892
Nova Fátima;4117008;SAEB Matemática;Floresta aleatória;257,64;274,0704150859057;16,430415085905736;16,430415085905736
Jardim Alegre;4112504;SAEB Matemática;Floresta aleatória;274,04;274,2837023449496;0,24370234494955412;0,24370234494955412
Floresta;4107900;SAEB Matemática;Floresta aleatória;277,34;276,1760966694069;-1,1639033305930866;1,1639033305930866
Medianeira;4115804;SAEB Matemática;Floresta aleatória;291,8;282,72312808432827;-9,076871915671745;9,076871915671745
Jandaia do Sul;4112108;SAEB Matemática;Floresta aleatória;269,49;275,30167460108214;5,811674601082132;5,811674601082132
Ourizona;4117404;SAEB Matemática;Floresta aleatória;282,42;283,94648178121946;1,526481781219445;1,526481781219445
Telêmaco Borba;4127106;SAEB Matemática;Floresta aleatória;274,88;278,7867482524352;3,906748252435193;3,906748252435193
Pato Branco;4118501;SAEB Matemática;Floresta aleatória;292,33;282,9978798780088;-9,332120121991181;9,332120121991181
Três Barras do Paraná;4127858;SAEB Matemática;Floresta aleatória;276,68;276,4120910297612;-0,2679089702388069;0,2679089702388069
Colombo;4105805;SAEB Matemática;Floresta aleatória;274,26;276,87738382935794;2,617383829357948;2,617383829357948
Santo Antônio do Paraíso;4124301;SAEB Matemática;Floresta aleatória;267,07;273,47056122371856;6,400561223718569;6,400561223718569
Santa Maria do Oeste;4123857;SAEB Matemática;Floresta aleatória;286,27;274,5285829405301;-11,741417059469882;11,741417059469882
Arapongas;4101507;SAEB Matemática;Floresta aleatória;283,33;282,2842777325657;-1,0457222674342574;1,0457222674342574
Castro;4104907;SAEB Matemática;Floresta aleatória;281,34;282,8147674595078;1,4747674595078024;1,4747674595078024
Juranda;4112959;SAEB Matemática;Floresta aleatória;283,62;281,0032828226568;-2,6167171773432187;2,6167171773432187
Santa Izabel do Oeste;4123808;SAEB Língua Portuguesa;Árvore de decisão;281,52;280,8227419354838;-0,697258064516177;0,697258064516177
Itapejara d'Oeste;4111209;SAEB Língua Portuguesa;Árvore de decisão;271,17;287,3521739130435;16,18217391304347;16,18217391304347
Curiúva;4107009;SAEB Língua Portuguesa;Árvore de decisão;271,25;280,8227419354838;9,572741935483805;9,572741935483805
Porecatu;4120002;SAEB Língua Portuguesa;Árvore de decisão;284,66;287,3521739130435;2,6921739130434617;2,6921739130434617
Mato Rico;4115739;SAEB Língua Portuguesa;Árvore de decisão;289,98;288,972;-1,0080000000000382;1,0080000000000382
Rio Branco do Sul;4122206;SAEB Língua Portuguesa;Árvore de decisão;278,01;279,57705882352946;1,5670588235294645;1,5670588235294645
Contenda;4106209;SAEB Língua Portuguesa;Árvore de decisão;288,66;281,26736842105265;-7,392631578947373;7,392631578947373
Espigão Alto do Iguaçu;4107546;SAEB Língua Portuguesa;Árvore de decisão;289,75;280,8227419354838;-8,927258064516195;8,927258064516195
Ramilândia;4121257;SAEB Língua Portuguesa;Árvore de decisão;274,27;273,8284;-0,441599999999994;0,441599999999994
Boa Esperança do Iguaçu;4103024;SAEB Língua Portuguesa;Árvore de decisão;293,34;271,64529411764704;-21,694705882352935;21,694705882352935
Cidade Gaúcha;4105607;SAEB Língua Portuguesa;Árvore de decisão;279,69;287,3521739130435;7,662173913043489;7,662173913043489
Cruzeiro do Iguaçu;4106571;SAEB Língua Portuguesa;Árvore de decisão;300,07;280,8227419354838;-19,24725806451619;19,24725806451619
Nova Santa Rosa;4117222;SAEB Língua Portuguesa;Árvore de decisão;282,48;287,3521739130435;4,8721739130434685;4,8721739130434685
Brasilândia do Sul;4103370;SAEB Língua Portuguesa;Árvore de decisão;261,42;280,8227419354838;19,40274193548379;19,40274193548379
Terra Boa;4127205;SAEB Língua Portuguesa;Árvore de decisão;299,02;281,26736842105265;-17,75263157894733;17,75263157894733
Pinhalão;4119202;SAEB Língua Portuguesa;Árvore de decisão;277,71;280,8227419354838;3,1127419354838253;3,1127419354838253
São João do Caiuá;4124905;SAEB Língua Portuguesa;Árvore de decisão;250,49;280,8227419354838;30,332741935483796;30,332741935483796
Cianorte;4105508;SAEB Língua Portuguesa;Árvore de decisão;290,03;290,7975;0,7675000000000409;0,7675000000000409
Paula Freitas;4118600;SAEB Língua Portuguesa;Árvore de decisão;280,96;287,3521739130435;6,392173913043507;6,392173913043507
São José dos Pinhais;4125506;SAEB Língua Portuguesa;Árvore de decisão;284,3;283,30499999999995;-0,9950000000000614;0,9950000000000614
Campo Magro;4104253;SAEB Língua Portuguesa;Árvore de decisão;281,14;281,26736842105265;0,12736842105266533;0,12736842105266533
Jussara;4113007;SAEB Língua Portuguesa;Árvore de decisão;290,68;287,3521739130435;-3,32782608695652;3,32782608695652
Nova Prata do Iguaçu;4117255;SAEB Língua Portuguesa;Árvore de decisão;281,92;281,26736842105265;-0,6526315789473642;0,6526315789473642
Amaporã;4100905;SAEB Língua Portuguesa;Árvore de decisão;275,33;273,8284;-1,5015999999999963;1,5015999999999963
Mercedes;4115853;SAEB Língua Portuguesa;Árvore de decisão;315,88;280,8227419354838;-35,05725806451619;35,05725806451619
Apucarana;4101408;SAEB Língua Portuguesa;Árvore de decisão;295,79;285,96142857142866;-9,828571428571365;9,828571428571365
Santa Terezinha de Itaipu;4124053;SAEB Língua Portuguesa;Árvore de decisão;290,56;281,26736842105265;-9,29263157894735;9,29263157894735
Ivaí;4111407;SAEB Língua Portuguesa;Árvore de decisão;283,09;280,8227419354838;-2,26725806451617;2,26725806451617
Rancho Alegre;4121307;SAEB Língua Portuguesa;Árvore de decisão;249,43;280,8227419354838;31,392741935483798;31,392741935483798
Abatiá;4100103;SAEB Língua Portuguesa;Árvore de decisão;265,07;280,8227419354838;15,752741935483812;15,752741935483812
Wenceslau Braz;4128500;SAEB Língua Portuguesa;Árvore de decisão;282,8;281,26736842105265;-1,5326315789473597;1,5326315789473597
Congonhinhas;4106001;SAEB Língua Portuguesa;Árvore de decisão;266,65;280,8227419354838;14,172741935483828;14,172741935483828
Bandeirantes;4102406;SAEB Língua Portuguesa;Árvore de decisão;273,02;285,96142857142866;12,941428571428673;12,941428571428673
Guamiranga;4108957;SAEB Língua Portuguesa;Árvore de decisão;274,61;280,8227419354838;6,212741935483791;6,212741935483791
Guaporema;4109104;SAEB Língua Portuguesa;Árvore de decisão;267,22;271,64529411764704;4,425294117647013;4,425294117647013
São Miguel do Iguaçu;4125704;SAEB Língua Portuguesa;Árvore de decisão;303,11;283,30499999999995;-19,805000000000064;19,805000000000064
Campo Mourão;4104303;SAEB Língua Portuguesa;Árvore de decisão;296,77;290,7975;-5,972499999999968;5,972499999999968
Godoy Moreira;4108551;SAEB Língua Portuguesa;Árvore de decisão;301,94;288,972;-12,968000000000018;12,968000000000018
São Jerônimo da Serra;4124707;SAEB Língua Portuguesa;Árvore de decisão;273,43;280,8227419354838;7,392741935483798;7,392741935483798
São João do Triunfo;4125100;SAEB Língua Portuguesa;Árvore de decisão;277,49;280,8227419354838;3,3327419354837957;3,3327419354837957
Bom Sucesso do Sul;4103222;SAEB Língua Portuguesa;Árvore de decisão;286,52;280,8227419354838;-5,697258064516177;5,697258064516177
Califórnia;4103503;SAEB Língua Portuguesa;Árvore de decisão;296,43;280,8227419354838;-15,607258064516202;15,607258064516202
Vitorino;4128708;SAEB Língua Portuguesa;Árvore de decisão;274,01;287,3521739130435;13,342173913043496;13,342173913043496
Rolândia;4122404;SAEB Língua Portuguesa;Árvore de decisão;284,92;283,30499999999995;-1,615000000000066;1,615000000000066
Foz do Jordão;4108452;SAEB Língua Portuguesa;Árvore de decisão;283,86;280,8227419354838;-3,037258064516209;3,037258064516209
Francisco Alves;4108320;SAEB Língua Portuguesa;Árvore de decisão;276,71;280,8227419354838;4,112741935483825;4,112741935483825
Terra Rica;4127304;SAEB Língua Portuguesa;Árvore de decisão;285,92;280,8227419354838;-5,097258064516211;5,097258064516211
Campo Largo;4104204;SAEB Língua Portuguesa;Árvore de decisão;291,67;290,7975;-0,8725000000000023;0,8725000000000023
Assis Chateaubriand;4102000;SAEB Língua Portuguesa;Árvore de decisão;286,8;290,7975;3,9975000000000023;3,9975000000000023
Bituruna;4102901;SAEB Língua Portuguesa;Árvore de decisão;280,48;280,8227419354838;0,3427419354837866;0,3427419354837866
Nova Esperança do Sudoeste;4116950;SAEB Língua Portuguesa;Árvore de decisão;284,24;280,8227419354838;-3,4172580645162043;3,4172580645162043
Itaperuçu;4111258;SAEB Língua Portuguesa;Árvore de decisão;267,73;281,26736842105265;13,537368421052633;13,537368421052633
Diamante D'Oeste;4107157;SAEB Língua Portuguesa;Árvore de decisão;272,03;273,8284;1,798400000000015;1,798400000000015
Peabiru;4118808;SAEB Língua Portuguesa;Árvore de decisão;288,52;281,26736842105265;-7,25263157894733;7,25263157894733
Bela Vista do Paraíso;4102802;SAEB Língua Portuguesa;Árvore de decisão;278,06;281,26736842105265;3,2073684210526494;3,2073684210526494
São Jorge do Patrocínio;4125357;SAEB Língua Portuguesa;Árvore de decisão;274,61;280,8227419354838;6,212741935483791;6,212741935483791
Maripá;4115358;SAEB Língua Portuguesa;Árvore de decisão;292,71;280,8227419354838;-11,887258064516175;11,887258064516175
Reserva do Iguaçu;4121752;SAEB Língua Portuguesa;Árvore de decisão;278,22;280,8227419354838;2,6027419354837775;2,6027419354837775
Piên;4119103;SAEB Língua Portuguesa;Árvore de decisão;278,7;287,3521739130435;8,652173913043498;8,652173913043498
Porto Barreiro;4120150;SAEB Língua Portuguesa;Árvore de decisão;278,59;288,972;10,382000000000005;10,382000000000005
Santa Cruz de Monte Castelo;4123303;SAEB Língua Portuguesa;Árvore de decisão;274,75;280,8227419354838;6,072741935483805;6,072741935483805
Doutor Ulysses;4128633;SAEB Língua Portuguesa;Árvore de decisão;262,32;288,972;26,651999999999987;26,651999999999987
Inácio Martins;4110201;SAEB Língua Portuguesa;Árvore de decisão;283,53;280,8227419354838;-2,707258064516168;2,707258064516168
Lindoeste;4113452;SAEB Língua Portuguesa;Árvore de decisão;264,52;280,8227419354838;16,302741935483823;16,302741935483823
Altônia;4100509;SAEB Língua Portuguesa;Árvore de decisão;294,76;281,26736842105265;-13,49263157894734;13,49263157894734
Cafezal do Sul;4103479;SAEB Língua Portuguesa;Árvore de decisão;285,07;280,8227419354838;-4,247258064516188;4,247258064516188
Floraí;4107801;SAEB Língua Portuguesa;Árvore de decisão;287,11;280,8227419354838;-6,287258064516209;6,287258064516209
Tapira;4126900;SAEB Língua Portuguesa;Árvore de decisão;277,5;280,8227419354838;3,322741935483805;3,322741935483805
Dois Vizinhos;4107207;SAEB Língua Portuguesa;Árvore de decisão;283,12;290,7975;7,677500000000009;7,677500000000009
Tamboara;4126702;SAEB Língua Portuguesa;Árvore de decisão;283,29;280,8227419354838;-2,4672580645162157;2,4672580645162157
Conselheiro Mairinck;4106100;SAEB Língua Portuguesa;Árvore de decisão;284,94;280,8227419354838;-4,117258064516193;4,117258064516193
Foz do Iguaçu;4108304;SAEB Língua Portuguesa;Árvore de decisão;290,87;283,30499999999995;-7,565000000000055;7,565000000000055
Almirante Tamandaré;4100400;SAEB Língua Portuguesa;Árvore de decisão;277,06;285,96142857142866;8,901428571428653;8,901428571428653
Araruna;4101705;SAEB Língua Portuguesa;Árvore de decisão;281,29;281,26736842105265;-0,02263157894736878;0,02263157894736878
Iguatu;4110052;SAEB Língua Portuguesa;Árvore de decisão;281,27;271,64529411764704;-9,624705882352941;9,624705882352941
Prado Ferreira;4120333;SAEB Língua Portuguesa;Árvore de decisão;298,9;280,8227419354838;-18,077258064516172;18,077258064516172
Sarandi;4126256;SAEB Língua Portuguesa;Árvore de decisão;279,43;285,96142857142866;6,531428571428648;6,531428571428648
Carambeí;4104659;SAEB Língua Portuguesa;Árvore de decisão;284,63;283,30499999999995;-1,3250000000000455;1,3250000000000455
Palmeira;4117701;SAEB Língua Portuguesa;Árvore de decisão;285,18;290,7975;5,617500000000007;5,617500000000007
União da Vitória;4128203;SAEB Língua Portuguesa;Árvore de decisão;290,08;285,96142857142866;-4,118571428571329;4,118571428571329
Mangueirinha;4114401;SAEB Língua Portuguesa;Árvore de decisão;276,3;279,57705882352946;3,277058823529444;3,277058823529444
Coronel Vivida;4106506;SAEB Língua Portuguesa;Árvore de decisão;294,67;279,57705882352946;-15,09294117647056;15,09294117647056
Nova Fátima;4117008;SAEB Língua Portuguesa;Árvore de decisão;268,26;280,8227419354838;12,562741935483814;12,562741935483814
Jardim Alegre;4112504;SAEB Língua Portuguesa;Árvore de decisão;277,3;281,26736842105265;3,9673684210526403;3,9673684210526403
Floresta;4107900;SAEB Língua Portuguesa;Árvore de decisão;284,79;280,8227419354838;-3,9672580645162157;3,9672580645162157
Medianeira;4115804;SAEB Língua Portuguesa;Árvore de decisão;296,23;290,7975;-5,4325000000000045;5,4325000000000045
Jandaia do Sul;4112108;SAEB Língua Portuguesa;Árvore de decisão;280,42;285,96142857142866;5,541428571428639;5,541428571428639
Ourizona;4117404;SAEB Língua Portuguesa;Árvore de decisão;292,63;280,8227419354838;-11,80725806451619;11,80725806451619
Telêmaco Borba;4127106;SAEB Língua Portuguesa;Árvore de decisão;287,95;283,30499999999995;-4,645000000000039;4,645000000000039
Pato Branco;4118501;SAEB Língua Portuguesa;Árvore de decisão;294,51;290,7975;-3,7124999999999773;3,7124999999999773
Três Barras do Paraná;4127858;SAEB Língua Portuguesa;Árvore de decisão;267,4;280,8227419354838;13,422741935483828;13,422741935483828
Colombo;4105805;SAEB Língua Portuguesa;Árvore de decisão;283,57;285,96142857142866;2,391428571428662;2,391428571428662
Santo Antônio do Paraíso;4124301;SAEB Língua Portuguesa;Árvore de decisão;282,06;271,64529411764704;-10,414705882352962;10,414705882352962
Santa Maria do Oeste;4123857;SAEB Língua Portuguesa;Árvore de decisão;289,11;280,8227419354838;-8,287258064516209;8,287258064516209
Arapongas;4101507;SAEB Língua Portuguesa;Árvore de decisão;292,17;285,96142857142866;-6,208571428571361;6,208571428571361
Castro;4104907;SAEB Língua Portuguesa;Árvore de decisão;282,29;290,7975;8,507499999999993;8,507499999999993
Juranda;4112959;SAEB Língua Portuguesa;Árvore de decisão;288,44;287,3521739130435;-1,087826086956511;1,087826086956511
Santa Izabel do Oeste;4123808;SAEB Língua Portuguesa;Floresta aleatória;281,52;280,28371656370854;-1,236283436291444;1,236283436291444
Itapejara d'Oeste;4111209;SAEB Língua Portuguesa;Floresta aleatória;271,17;285,43982529093967;14,26982529093965;14,26982529093965
Curiúva;4107009;SAEB Língua Portuguesa;Floresta aleatória;271,25;277,2608010701355;6,010801070135528;6,010801070135528
Porecatu;4120002;SAEB Língua Portuguesa;Floresta aleatória;284,66;282,75906320658413;-1,9009367934158945;1,9009367934158945
Mato Rico;4115739;SAEB Língua Portuguesa;Floresta aleatória;289,98;280,54071395242914;-9,439286047570874;9,439286047570874
Rio Branco do Sul;4122206;SAEB Língua Portuguesa;Floresta aleatória;278,01;283,2156188607852;5,205618860785194;5,205618860785194
Contenda;4106209;SAEB Língua Portuguesa;Floresta aleatória;288,66;283,69802254014655;-4,961977459853472;4,961977459853472
Espigão Alto do Iguaçu;4107546;SAEB Língua Portuguesa;Floresta aleatória;289,75;282,3014417080351;-7,4485582919649005;7,4485582919649005
Ramilândia;4121257;SAEB Língua Portuguesa;Floresta aleatória;274,27;276,79620135522106;2,526201355221076;2,526201355221076
Boa Esperança do Iguaçu;4103024;SAEB Língua Portuguesa;Floresta aleatória;293,34;276,39862879327836;-16,941371206721612;16,941371206721612
Cidade Gaúcha;4105607;SAEB Língua Portuguesa;Floresta aleatória;279,69;282,5869770895652;2,896977089565212;2,896977089565212
Cruzeiro do Iguaçu;4106571;SAEB Língua Portuguesa;Floresta aleatória;300,07;281,05506898915786;-19,014931010842133;19,014931010842133
Nova Santa Rosa;4117222;SAEB Língua Portuguesa;Floresta aleatória;282,48;282,0758719820083;-0,4041280179916953;0,4041280179916953
Brasilândia do Sul;4103370;SAEB Língua Portuguesa;Floresta aleatória;261,42;282,22061475403365;20,80061475403363;20,80061475403363
Terra Boa;4127205;SAEB Língua Portuguesa;Floresta aleatória;299,02;282,5373148426207;-16,482685157379308;16,482685157379308
Pinhalão;4119202;SAEB Língua Portuguesa;Floresta aleatória;277,71;280,6698668584073;2,959866858407338;2,959866858407338
São João do Caiuá;4124905;SAEB Língua Portuguesa;Floresta aleatória;250,49;281,0847818471005;30,594781847100478;30,594781847100478
Cianorte;4105508;SAEB Língua Portuguesa;Floresta aleatória;290,03;288,4178259542462;-1,6121740457537612;1,6121740457537612
Paula Freitas;4118600;SAEB Língua Portuguesa;Floresta aleatória;280,96;281,72098694623054;0,7609869462305596;0,7609869462305596
São José dos Pinhais;4125506;SAEB Língua Portuguesa;Floresta aleatória;284,3;285,07128941268405;0,771289412684041;0,771289412684041
Campo Magro;4104253;SAEB Língua Portuguesa;Floresta aleatória;281,14;278,99339408182794;-2,1466059181720425;2,1466059181720425
Jussara;4113007;SAEB Língua Portuguesa;Floresta aleatória;290,68;282,10980999074405;-8,570190009255953;8,570190009255953
Nova Prata do Iguaçu;4117255;SAEB Língua Portuguesa;Floresta aleatória;281,92;282,831696267879;0,9116962678789946;0,9116962678789946
Amaporã;4100905;SAEB Língua Portuguesa;Floresta aleatória;275,33;279,634235493019;4,304235493019007;4,304235493019007
Mercedes;4115853;SAEB Língua Portuguesa;Floresta aleatória;315,88;279,14743849918267;-36,732561500817326;36,732561500817326
Apucarana;4101408;SAEB Língua Portuguesa;Floresta aleatória;295,79;286,8152836143879;-8,974716385612112;8,974716385612112
Santa Terezinha de Itaipu;4124053;SAEB Língua Portuguesa;Floresta aleatória;290,56;281,8476234164695;-8,7123765835305;8,7123765835305
Ivaí;4111407;SAEB Língua Portuguesa;Floresta aleatória;283,09;282,3963454881594;-0,6936545118405775;0,6936545118405775
Rancho Alegre;4121307;SAEB Língua Portuguesa;Floresta aleatória;249,43;282,56048096234366;33,130480962343654;33,130480962343654
Abatiá;4100103;SAEB Língua Portuguesa;Floresta aleatória;265,07;280,59284901818666;15,522849018186662;15,522849018186662
Wenceslau Braz;4128500;SAEB Língua Portuguesa;Floresta aleatória;282,8;284,0129886431167;1,2129886431167165;1,2129886431167165
Congonhinhas;4106001;SAEB Língua Portuguesa;Floresta aleatória;266,65;277,21280820817674;10,562808208176762;10,562808208176762
Bandeirantes;4102406;SAEB Língua Portuguesa;Floresta aleatória;273,02;287,08564219669364;14,06564219669366;14,06564219669366
Guamiranga;4108957;SAEB Língua Portuguesa;Floresta aleatória;274,61;283,3441958010781;8,734195801078101;8,734195801078101
Guaporema;4109104;SAEB Língua Portuguesa;Floresta aleatória;267,22;279,4417637062657;12,221763706265676;12,221763706265676
São Miguel do Iguaçu;4125704;SAEB Língua Portuguesa;Floresta aleatória;303,11;284,60482320289225;-18,505176797107765;18,505176797107765
Campo Mourão;4104303;SAEB Língua Portuguesa;Floresta aleatória;296,77;288,0114013376984;-8,758598662301608;8,758598662301608
Godoy Moreira;4108551;SAEB Língua Portuguesa;Floresta aleatória;301,94;281,92909522690405;-20,010904773095945;20,010904773095945
São Jerônimo da Serra;4124707;SAEB Língua Portuguesa;Floresta aleatória;273,43;282,97698247053063;9,546982470530622;9,546982470530622
São João do Triunfo;4125100;SAEB Língua Portuguesa;Floresta aleatória;277,49;280,81588100361034;3,325881003610334;3,325881003610334
Bom Sucesso do Sul;4103222;SAEB Língua Portuguesa;Floresta aleatória;286,52;281,47995028473684;-5,040049715263137;5,040049715263137
Califórnia;4103503;SAEB Língua Portuguesa;Floresta aleatória;296,43;281,7805322448614;-14,64946775513863;14,64946775513863
Vitorino;4128708;SAEB Língua Portuguesa;Floresta aleatória;274,01;284,45433335065167;10,444333350651675;10,444333350651675
Rolândia;4122404;SAEB Língua Portuguesa;Floresta aleatória;284,92;284,73956356043726;-0,18043643956275446;0,18043643956275446
Foz do Jordão;4108452;SAEB Língua Portuguesa;Floresta aleatória;283,86;280,43375096116716;-3,42624903883285;3,42624903883285
Francisco Alves;4108320;SAEB Língua Portuguesa;Floresta aleatória;276,71;286,87477341907316;10,164773419073185;10,164773419073185
Terra Rica;4127304;SAEB Língua Portuguesa;Floresta aleatória;285,92;281,459836635781;-4,4601633642189995;4,4601633642189995
Campo Largo;4104204;SAEB Língua Portuguesa;Floresta aleatória;291,67;287,6734862517451;-3,9965137482549267;3,9965137482549267
Assis Chateaubriand;4102000;SAEB Língua Portuguesa;Floresta aleatória;286,8;287,4395017358863;0,6395017358863129;0,6395017358863129
Bituruna;4102901;SAEB Língua Portuguesa;Floresta aleatória;280,48;281,93380845059244;1,453808450592419;1,453808450592419
Nova Esperança do Sudoeste;4116950;SAEB Língua Portuguesa;Floresta aleatória;284,24;283,4307917020107;-0,8092082979893007;0,8092082979893007
Itaperuçu;4111258;SAEB Língua Portuguesa;Floresta aleatória;267,73;279,24002470186133;11,510024701861312;11,510024701861312
Diamante D'Oeste;4107157;SAEB Língua Portuguesa;Floresta aleatória;272,03;281,11555162922366;9,085551629223687;9,085551629223687
Peabiru;4118808;SAEB Língua Portuguesa;Floresta aleatória;288,52;282,0209892894059;-6,499010710594064;6,499010710594064
Bela Vista do Paraíso;4102802;SAEB Língua Portuguesa;Floresta aleatória;278,06;281,14473773096904;3,0847377309690387;3,0847377309690387
São Jorge do Patrocínio;4125357;SAEB Língua Portuguesa;Floresta aleatória;274,61;283,789818043853;9,179818043853004;9,179818043853004
Maripá;4115358;SAEB Língua Portuguesa;Floresta aleatória;292,71;282,00201511575716;-10,70798488424282;10,70798488424282
Reserva do Iguaçu;4121752;SAEB Língua Portuguesa;Floresta aleatória;278,22;281,4717513807221;3,2517513807220553;3,2517513807220553
Piên;4119103;SAEB Língua Portuguesa;Floresta aleatória;278,7;284,2831921784853;5,583192178485319;5,583192178485319
Porto Barreiro;4120150;SAEB Língua Portuguesa;Floresta aleatória;278,59;285,408471089072;6,818471089072034;6,818471089072034
Santa Cruz de Monte Castelo;4123303;SAEB Língua Portuguesa;Floresta aleatória;274,75;279,0048804327233;4,254880432723326;4,254880432723326
Doutor Ulysses;4128633;SAEB Língua Portuguesa;Floresta aleatória;262,32;279,46984336082824;17,149843360828243;17,149843360828243
Inácio Martins;4110201;SAEB Língua Portuguesa;Floresta aleatória;283,53;276,084166094228;-7,445833905771963;7,445833905771963
Lindoeste;4113452;SAEB Língua Portuguesa;Floresta aleatória;264,52;286,9027829346386;22,382782934638612;22,382782934638612
Altônia;4100509;SAEB Língua Portuguesa;Floresta aleatória;294,76;282,71332917974735;-12,046670820252643;12,046670820252643
Cafezal do Sul;4103479;SAEB Língua Portuguesa;Floresta aleatória;285,07;284,37883182962213;-0,691168170377864;0,691168170377864
Floraí;4107801;SAEB Língua Portuguesa;Floresta aleatória;287,11;279,17020466197386;-7,939795338026158;7,939795338026158
Tapira;4126900;SAEB Língua Portuguesa;Floresta aleatória;277,5;282,9420321656701;5,442032165670128;5,442032165670128
Dois Vizinhos;4107207;SAEB Língua Portuguesa;Floresta aleatória;283,12;285,5029167901539;2,3829167901538995;2,3829167901538995
Tamboara;4126702;SAEB Língua Portuguesa;Floresta aleatória;283,29;278,32979548364517;-4,96020451635485;4,96020451635485
Conselheiro Mairinck;4106100;SAEB Língua Portuguesa;Floresta aleatória;284,94;281,33165269136225;-3,6083473086377467;3,6083473086377467
Foz do Iguaçu;4108304;SAEB Língua Portuguesa;Floresta aleatória;290,87;285,6267008525012;-5,243299147498817;5,243299147498817
Almirante Tamandaré;4100400;SAEB Língua Portuguesa;Floresta aleatória;277,06;281,5066724410109;4,4466724410108895;4,4466724410108895
Araruna;4101705;SAEB Língua Portuguesa;Floresta aleatória;281,29;283,39694349169156;2,1069434916915384;2,1069434916915384
Iguatu;4110052;SAEB Língua Portuguesa;Floresta aleatória;281,27;274,8237017347643;-6,446298265235669;6,446298265235669
Prado Ferreira;4120333;SAEB Língua Portuguesa;Floresta aleatória;298,9;281,1593968964796;-17,740603103520357;17,740603103520357
Sarandi;4126256;SAEB Língua Portuguesa;Floresta aleatória;279,43;283,0583100445139;3,62831004451391;3,62831004451391
Carambeí;4104659;SAEB Língua Portuguesa;Floresta aleatória;284,63;285,0965403934009;0,46654039340091913;0,46654039340091913
Palmeira;4117701;SAEB Língua Portuguesa;Floresta aleatória;285,18;289,21356368994225;4,033563689942241;4,033563689942241
União da Vitória;4128203;SAEB Língua Portuguesa;Floresta aleatória;290,08;283,78504994104566;-6,294950058954328;6,294950058954328
Mangueirinha;4114401;SAEB Língua Portuguesa;Floresta aleatória;276,3;282,1250500491285;5,8250500491284924;5,8250500491284924
Coronel Vivida;4106506;SAEB Língua Portuguesa;Floresta aleatória;294,67;285,96186022991594;-8,708139770084074;8,708139770084074
Nova Fátima;4117008;SAEB Língua Portuguesa;Floresta aleatória;268,26;278,0455736963627;9,78557369636269;9,78557369636269
Jardim Alegre;4112504;SAEB Língua Portuguesa;Floresta aleatória;277,3;280,35987570322175;3,059875703221735;3,059875703221735
Floresta;4107900;SAEB Língua Portuguesa;Floresta aleatória;284,79;279,3618203245099;-5,428179675490128;5,428179675490128
Medianeira;4115804;SAEB Língua Portuguesa;Floresta aleatória;296,23;287,1426233078401;-9,087376692159921;9,087376692159921
Jandaia do Sul;4112108;SAEB Língua Portuguesa;Floresta aleatória;280,42;284,71628769159474;4,296287691594728;4,296287691594728
Ourizona;4117404;SAEB Língua Portuguesa;Floresta aleatória;292,63;285,25752136195314;-7,372478638046857;7,372478638046857
Telêmaco Borba;4127106;SAEB Língua Portuguesa;Floresta aleatória;287,95;284,04135433347403;-3,908645666525956;3,908645666525956
Pato Branco;4118501;SAEB Língua Portuguesa;Floresta aleatória;294,51;289,14781006552056;-5,3621899344794315;5,3621899344794315
Três Barras do Paraná;4127858;SAEB Língua Portuguesa;Floresta aleatória;267,4;278,77092307329275;11,370923073292772;11,370923073292772
Colombo;4105805;SAEB Língua Portuguesa;Floresta aleatória;283,57;286,403787353057;2,833787353057005;2,833787353057005
Santo Antônio do Paraíso;4124301;SAEB Língua Portuguesa;Floresta aleatória;282,06;269,9797971613295;-12,080202838670516;12,080202838670516
Santa Maria do Oeste;4123857;SAEB Língua Portuguesa;Floresta aleatória;289,11;280,3964014017638;-8,713598598236217;8,713598598236217
Arapongas;4101507;SAEB Língua Portuguesa;Floresta aleatória;292,17;288,7128275710005;-3,457172428999513;3,457172428999513
Castro;4104907;SAEB Língua Portuguesa;Floresta aleatória;282,29;289,1888785420956;6,898878542095588;6,898878542095588
Juranda;4112959;SAEB Língua Portuguesa;Floresta aleatória;288,44;283,098646526244;-5,341353473755987;5,341353473755987
