region_code;region_name;state_code;state_abbr;state_name;city_code;city_name;has_educational_record;school_year;school_network;education_level;school_grades;approval_rate;performance_indicator;saeb_math_score;saeb_portuguese_score;saeb_standardized_average_score;ideb;ideb_projection;gdp_2023_current_prices_thousand_reais;gdp_per_capita_2023_current_reais;gdp_2022_current_prices_thousand_reais;gdp_per_capita_2022_current_reais;gdp_2021_current_prices_thousand_reais;gdp_per_capita_2021_current_reais;gross_value_added_agriculture_2021_current_prices_thousand_reais;gross_value_added_industry_2021_current_prices_thousand_reais;gross_value_added_services_2021_current_prices_thousand_reais;gross_value_added_public_administration_2021_current_prices_thousand_reais;gross_value_added_total_2021_current_prices_thousand_reais;taxes_less_subsidies_2021_current_prices_thousand_reais;main_economic_activity_2021;second_main_economic_activity_2021;third_main_economic_activity_2021
2;Nordeste;28;SE;Sergipe;2800100;Amparo do São Francisco;True;2023;publica;medio;todos (1-4);98.5;0.988753;251.6;270.71;4.275767;4.2;;49411.591;22770.32;39348.389;18132.9;37966.816;15912.33;1991.836;3576.698;6625.269;23763.737;35957.539;2009.276;Administração, defesa, educação e saúde públicas e seguridade social;Demais serviços;Eletricidade e gás, água, esgoto, atividades de gestão de resíduos e descontaminação
2;Nordeste;28;SE;Sergipe;2800209;Aquidabã;True;2023;publica;medio;todos (1-4);91.9;0.920447;254.91;256.59;4.110879;3.8;;362299.329;17997.09;293234.442;14566.31;287874.395;13207.67;49086.217;14564.801;81227.715;127160.343;272039.076;15835.318;Administração, defesa, educação e saúde públicas e seguridade social;Demais serviços;Agricultura, inclusive apoio à agricultura e a pós colheita
2;Nordeste;28;SE;Sergipe;2800308;Aracaju;True;2023;publica;medio;todos (1-4);88.9;0.895187;262.34;267.35;4.37631;3.9;;22291877.481;36983.19;20604498.178;34183.76;18405677.788;27364.4;3330.158;1850430.687;10683341.648;3511932.57;16049035.063;2356642.725;Demais serviços;Administração, defesa, educação e saúde públicas e seguridade social;Comércio e reparação de veículos automotores e motocicletas
2;Nordeste;28;SE;Sergipe;2800407;Arauá;True;2023;publica;medio;todos (1-4);95.3;0.955847;243.2;244.02;3.758239;3.6;;203786.827;19750.61;153674.521;14893.83;140121.885;14240.03;34309.894;7663.025;27264.771;62856.674;132094.364;8027.521;Administração, defesa, educação e saúde públicas e seguridade social;Agricultura, inclusive apoio à agricultura e a pós colheita;Demais serviços
2;Nordeste;28;SE;Sergipe;2800506;Areia Branca;False;;;;;;;;;;;;353833.617;19569.36;282928.543;15647.84;252263.149;13400.43;46114.241;15837.316;64573.113;108155.226;234679.896;17583.253;Administração, defesa, educação e saúde públicas e seguridade social;Demais serviços;Agricultura, inclusive apoio à agricultura e a pós colheita
2;Nordeste;28;SE;Sergipe;2800605;Barra dos Coqueiros;False;;;;;;;;;;;;2478981.558;59718.67;2283499.222;55009.5;2581591.798;82114.31;3614.258;1756682.227;214610.177;209915.431;2184822.093;396769.705;Eletricidade e gás, água, esgoto, atividades de gestão de resíduos e descontaminação;Administração, defesa, educação e saúde públicas e seguridade social;Demais serviços
2;Nordeste;28;SE;Sergipe;2800670;Boquim;True;2023;publica;medio;todos (1-4);98.9;0.989613;272.12;272.65;4.593011;4.5;;436636.496;17723.51;365383.428;14830.08;333080.032;12345.44;27215.269;12256.108;115890.561;148606.148;303968.086;29111.946;Administração, defesa, educação e saúde públicas e seguridade social;Demais serviços;Comércio e reparação de veículos automotores e motocicletas
2;Nordeste;28;SE;Sergipe;2800704;Brejo Grande;True;2023;publica;medio;todos (1-4);90.9;0.917552;244.49;243.74;3.772165;3.5;;122925.634;15677.29;108239.831;13804.34;95886.083;11420.45;12858.358;4143.003;19533.963;55138.924;91674.248;4211.835;Administração, defesa, educação e saúde públicas e seguridade social;Demais serviços;Agricultura, inclusive apoio à agricultura e a pós colheita
2;Nordeste;28;SE;Sergipe;2801009;Campo do Brito;True;2023;publica;medio;todos (1-4);88.2;0.896272;257.71;264.4;4.267121;3.8;;354386.358;19526.5;277079.53;15266.93;237677.001;12970.1;18999.677;26048.874;72771.467;102397.888;220217.906;17459.095;Administração, defesa, educação e saúde públicas e seguridade social;Demais serviços;Comércio e reparação de veículos automotores e motocicletas
2;Nordeste;28;SE;Sergipe;2801108;Canhoba;True;2023;publica;medio;todos (1-4);99.1;0.99187;252.47;254.65;4.047567;4.0;;95134.774;25094.9;77113.345;20341.16;84436.411;21093.28;33967.864;3699.28;12785.477;29053.053;79505.675;4930.736;Administração, defesa, educação e saúde públicas e seguridade social;Agricultura, inclusive apoio à agricultura e a pós colheita;Demais serviços
2;Nordeste;28;SE;Sergipe;2801207;Canindé de São Francisco;True;2023;publica;medio;todos (1-4);89.8;0.905115;257.41;258.21;4.170242;3.8;;2967956.618;110604.33;2954227.833;110092.71;2895221.78;93714.69;34942.808;2467497.911;141234.648;221038.554;2864713.921;30507.859;Eletricidade e gás, água, esgoto, atividades de gestão de resíduos e descontaminação;Administração, defesa, educação e saúde públicas e seguridade social;Demais serviços
2;Nordeste;28;SE;Sergipe;2801306;Capela;True;2023;publica;medio;todos (1-4);91.5;0.917275;242.36;238.93;3.670243;3.4;;595060.958;18804.26;439115.131;13876.29;385290.499;11069.02;32283.32;22998.541;111317.25;196431.718;363030.829;22259.67;Administração, defesa, educação e saúde públicas e seguridade social;Demais serviços;Agricultura, inclusive apoio à agricultura e a pós colheita
2;Nordeste;28;SE;Sergipe;2801405;Carira;True;2023;publica;medio;todos (1-4);78.5;0.788063;253.82;261.7;4.172067;3.3;;723768.733;36299.15;458583.778;22999.34;379817.764;16961.45;84247.412;21782.293;116571.083;123796.742;346397.529;33420.234;Administração, defesa, educação e saúde públicas e seguridade social;Demais serviços;Agricultura, inclusive apoio à agricultura e a pós colheita
2;Nordeste;28;SE;Sergipe;2801504;Carmópolis;True;2023;publica;medio;todos (1-4);82.9;0.831629;248.79;250.74;3.937349;3.3;;464416.713;33524.63;362970.624;26201.59;422600.834;24524.19;4198.734;154364.652;96535.309;134185.971;389284.665;33316.169;Administração, defesa, educação e saúde públicas e seguridade social;Indústrias extrativas;Demais serviços
2;Nordeste;28;SE;Sergipe;2801603;Cedro de São João;True;2023;publica;medio;todos (1-4);95.8;0.958127;260.91;265.99;4.335867;4.2;;84948.639;15757.49;71098.781;13188.42;64293.401;10843.89;3606.694;3497.359;17625.211;36922.942;61652.206;2641.195;Administração, defesa, educação e saúde públicas e seguridade social;Demais serviços;Comércio e reparação de veículos automotores e motocicletas
2;Nordeste;28;SE;Sergipe;2801702;Cristinápolis;True;2023;publica;medio;todos (1-4);88.0;0.881839;240.92;243.91;3.724569;3.3;;589914.464;34497.92;283845.507;16599.15;250777.22;13793.37;44664.715;17364.095;59967.063;110626.292;232622.166;18155.054;Administração, defesa, educação e saúde públicas e seguridade social;Demais serviços;Agricultura, inclusive apoio à agricultura e a pós colheita
2;Nordeste;28;SE;Sergipe;2801900;Cumbe;True;2023;publica;medio;todos (1-4);93.5;0.943758;263.84;277.4;4.547827;4.3;;82670.98;21618.98;63883.967;16706.06;69489.148;17337.61;24405.508;2708.798;12042.141;25795.609;64952.056;4537.092;Administração, defesa, educação e saúde públicas e seguridade social;Agricultura, inclusive apoio à agricultura e a pós colheita;Demais serviços
2;Nordeste;28;SE;Sergipe;2802007;Divina Pastora;True;2023;publica;medio;todos (1-4);95.8;0.965289;231.56;237.47;3.496702;3.4;;240796.937;55483.17;191830.439;44200.56;188619.161;35655.8;7549.528;95508.769;34655.261;46268.834;183982.393;4636.769;Indústrias extrativas;Administração, defesa, educação e saúde públicas e seguridade social;Demais serviços
2;Nordeste;28;SE;Sergipe;2802106;Estância;True;2023;publica;medio;todos (1-4);71.7;0.724567;256.26;258.53;4.158881;3.0;;1473224.591;22637.83;2383397.393;36623.7;2126563.415;30414.67;89366.102;563575.777;627176.457;402077.497;1682195.832;444367.583;Indústrias de transformação;Demais serviços;Administração, defesa, educação e saúde públicas e seguridade social
2;Nordeste;28;SE;Sergipe;2802205;Feira Nova;True;2023;publica;medio;todos (1-4);83.1;0.823012;237.79;231.93;3.501267;2.9;;169357.162;28146.45;112341.295;18801.89;114918.377;20459.03;39620.16;6455.716;21479.025;38051.257;105606.157;9312.22;Administração, defesa, educação e saúde públicas e seguridade social;Agricultura, inclusive apoio à agricultura e a pós colheita;Demais serviços
2;Nordeste;28;SE;Sergipe;2802304;Frei Paulo;True;2023;publica;medio;todos (1-4);90.5;0.907758;248.66;251.86;3.952289;3.6;;551018.667;37922.83;442101.752;30426.82;324740.673;20699.94;55388.554;34681.659;103160.259;88789.237;282019.709;42720.964;Administração, defesa, educação e saúde públicas e seguridade social;Demais serviços;Agricultura, inclusive apoio à agricultura e a pós colheita
2;Nordeste;28;SE;Sergipe;2802403;Gararu;True;2023;publica;medio;todos (1-4);83.4;0.841501;257.81;261.93;4.231549;3.6;;217566.187;19609.39;176744.446;15928.66;179510.515;15476.38;63394.228;7497.604;29562.279;66360.176;166814.287;12696.228;Administração, defesa, educação e saúde públicas e seguridade social;Pecuária, inclusive apoio à pecuária;Agricultura, inclusive apoio à agricultura e a pós colheita
2;Nordeste;28;SE;Sergipe;2802502;General Maynard;True;2023;publica;medio;todos (1-4);98.7;0.986653;248.05;252.94;3.959889;3.9;;50397.007;16594.34;47625.36;15681.71;43532.067;12724.95;1114.042;3030.892;8897.667;29412.097;42454.698;1077.369;Administração, defesa, educação e saúde públicas e seguridade social;Demais serviços;Indústrias extrativas
2;Nordeste;28;SE;Sergipe;2802601;Graccho Cardoso;True;2023;publica;medio;todos (1-4);93.2;0.932122;249.12;248.65;3.910696;3.6;;139799.259;23946.43;99164.183;16997.63;100982.469;17318.21;32561.857;4764.208;19378.411;37583.435;94287.912;6694.557;Administração, defesa, educação e saúde públicas e seguridade social;Agricultura, inclusive apoio à agricultura e a pós colheita;Demais serviços
2;Nordeste;28;SE;Sergipe;2802700;Ilha das Flores;True;2023;publica;medio;todos (1-4);90.6;0.911035;253.2;249.5;3.980724;3.6;;118392.187;14228.12;102803.931;12354.76;101814.795;11947.29;12704.295;4750.035;25021.7;53324.25;95800.28;6014.516;Administração, defesa, educação e saúde públicas e seguridade social;Demais serviços;Agricultura, inclusive apoio à agricultura e a pós colheita
2;Nordeste;28;SE;Sergipe;2802809;Indiaroba;True;2023;publica;medio;todos (1-4);90.4;0.907255;247.93;245.98;3.854012;3.5;;322888.157;19511.04;254736.158;15392.84;229669.731;12524.93;53350.097;6230.079;45336.506;112467.43;217384.112;12285.619;Administração, defesa, educação e saúde públicas e seguridade social;Agricultura, inclusive apoio à agricultura e a pós colheita;Demais serviços
2;Nordeste;28;SE;Sergipe;2802908;Itabaiana;True;2023;publica;medio;todos (1-4);74.6;0.754062;262.68;262.12;4.302792;3.2;;2942685.897;28448.24;2510210.092;24267.54;2213274.573;22855.2;155787.851;145955.033;1102528.805;516687.329;1920959.017;292315.555;Demais serviços;Administração, defesa, educação e saúde públicas e seguridade social;Comércio e reparação de veículos automotores e motocicletas
2;Nordeste;28;SE;Sergipe;2803005;Itabaianinha;True;2023;publica;medio;todos (1-4);82.9;0.835906;253.03;246.2;3.928935;3.3;;865771.933;21283.54;588847.115;14475.81;535796.555;12637.01;63944.681;42410.023;164291.044;226422.794;497068.541;38728.013;Administração, defesa, educação e saúde públicas e seguridade social;Demais serviços;Agricultura, inclusive apoio à agricultura e a pós colheita
2;Nordeste;28;SE;Sergipe;2803104;Itabi;True;2023;publica;medio;todos (1-4);87.7;0.872086;276.97;265.33;4.551548;4.0;;101138.057;21314.66;83596.026;17617.71;81127.364;16662.02;20040.352;5228.941;17565.78;32534.94;75370.013;5757.351;Administração, defesa, educação e saúde públicas e seguridade social;Demais serviços;Pecuária, inclusive apoio à pecuária
2;Nordeste;28;SE;Sergipe;2803203;Itaporanga d'Ajuda;True;2023;publica;medio;todos (1-4);89.8;0.920911;251.85;263.04;4.164458;3.8;;562365.723;16342.61;1099233.031;31944.23;880245.443;25111.13;55422.695;236186.366;216836.01;211495.119;719940.19;160305.253;Indústrias de transformação;Administração, defesa, educação e saúde públicas e seguridade social;Demais serviços
2;Nordeste;28;SE;Sergipe;2803302;Japaratuba;True;2023;publica;medio;todos (1-4);88.2;0.884242;264.88;272.28;4.485787;4.0;;549070.01;33874.39;453870.645;28001.15;527939.243;27688.64;49754.059;225585.401;106762.87;126409.787;508512.117;19427.127;Indústrias extrativas;Administração, defesa, educação e saúde públicas e seguridade social;Demais serviços
2;Nordeste;28;SE;Sergipe;2803401;Japoatã;True;2023;publica;medio;todos (1-4);89.5;0.8957;254.39;255.12;4.081569;3.7;;298619.811;22273.43;230263.65;17174.88;210653.588;15694.65;58777.904;7708.564;50237.423;81763.725;198487.616;12165.972;Administração, defesa, educação e saúde públicas e seguridade social;Agricultura, inclusive apoio à agricultura e a pós colheita;Demais serviços
2;Nordeste;28;SE;Sergipe;2803500;Lagarto;True;2023;publica;medio;todos (1-4);90.1;0.90364;273.15;280.63;4.726939;4.3;;2177825.208;21439.72;2127213.67;20941.47;1798319.172;16962.87;121048.851;220278.889;685405.2;560653.606;1587386.546;210932.626;Administração, defesa, educação e saúde públicas e seguridade social;Demais serviços;Comércio e reparação de veículos automotores e motocicletas
2;Nordeste;28;SE;Sergipe;2803609;Laranjeiras;True;2023;publica;medio;todos (1-4);83.5;0.836377;249.63;241.79;3.815164;3.2;;638032.867;26612.42;1415005.935;59020.06;1162006.538;38315.91;28986.164;504887.3;235606.17;183039.358;952518.992;209487.546;Indústrias de transformação;Demais serviços;Administração, defesa, educação e saúde públicas e seguridade social
2;Nordeste;28;SE;Sergipe;2803708;Macambira;True;2023;publica;medio;todos (1-4);90.9;0.915765;264.57;265.3;4.376942;4.0;;136318.076;19935.37;101487.733;14841.73;89534.571;12787.0;15540.747;4617.567;21543.327;42340.513;84042.154;5492.418;Administração, defesa, educação e saúde públicas e seguridade social;Demais serviços;Agricultura, inclusive apoio à agricultura e a pós colheita
2;Nordeste;28;SE;Sergipe;2803807;Malhada dos Bois;False;;;;;;;;;;;;67243.893;18788.46;58964.078;16475.01;52759.619;14201.78;2510.728;3123.419;17203.287;26747.154;49584.587;3175.032;Administração, defesa, educação e saúde públicas e seguridade social;Demais serviços;Comércio e reparação de veículos automotores e motocicletas
2;Nordeste;28;SE;Sergipe;2803906;Malhador;True;2023;publica;medio;todos (1-4);86.5;0.876184;278.68;283.74;4.851164;4.3;;224467.342;19463.05;185938.151;16122.27;173217.785;13651.02;52673.894;7073.089;35631.869;69967.138;165345.99;7871.795;Administração, defesa, educação e saúde públicas e seguridade social;Agricultura, inclusive apoio à agricultura e a pós colheita;Demais serviços
2;Nordeste;28;SE;Sergipe;2804003;Maruim;True;2023;publica;medio;todos (1-4);85.5;0.860285;231.51;240.46;3.54076;3.0;;320962.662;20418.77;468340.82;29794.57;448413.882;25877.99;13912.616;143181.249;105122.445;117768.392;379984.703;68429.179;Administração, defesa, educação e saúde públicas e seguridade social;Indústrias de transformação;Demais serviços
2;Nordeste;28;SE;Sergipe;2804102;Moita Bonita;True;2023;publica;medio;todos (1-4);97.2;0.973338;279.9;264.77;4.584317;4.5;;280139.71;25352.01;202404.894;18317.18;206468.242;18173.42;82671.933;7105.932;41986.143;62077.657;193841.665;12626.577;Agricultura, inclusive apoio à agricultura e a pós colheita;Administração, defesa, educação e saúde públicas e seguridade social;Demais serviços
2;Nordeste;28;SE;Sergipe;2804201;Monte Alegre de Sergipe;True;2023;publica;medio;todos (1-4);86.9;0.870422;262.9;258.64;4.253786;3.7;;337201.188;23488.52;238046.607;16604.81;218952.565;14296.61;43272.933;9868.103;59210.293;90436.97;202788.298;16164.266;Administração, defesa, educação e saúde públicas e seguridade social;Demais serviços;Pecuária, inclusive apoio à pecuária
2;Nordeste;28;SE;Sergipe;2804300;Muribeca;True;2023;publica;medio;todos (1-4);93.5;0.936672;247.57;249.67;3.904196;3.7;;112543.753;14388.1;105508.242;13488.65;96660.396;12630.39;8571.742;8427.484;26290.986;48786.789;92077.001;4583.396;Administração, defesa, educação e saúde públicas e seguridade social;Demais serviços;Comércio e reparação de veículos automotores e motocicletas
2;Nordeste;28;SE;Sergipe;2804409;Neópolis;True;2023;publica;medio;todos (1-4);97.5;0.97752;261.54;259.36;4.245464;4.2;;382704.881;23298.73;318547.717;19392.9;330965.807;17710.07;79831.415;21603.293;90977.525;105810.189;298222.421;32743.385;Administração, defesa, educação e saúde públicas e seguridade social;Demais serviços;Agricultura, inclusive apoio à agricultura e a pós colheita
2;Nordeste;28;SE;Sergipe;2804458;Nossa Senhora Aparecida;True;2023;publica;medio;todos (1-4);82.7;0.82812;261.1;260.61;4.257996;3.5;;209604.537;22704.13;126196.514;13669.47;109900.468;12457.55;19378.608;7066.006;27788.663;48342.513;102575.79;7324.678;Administração, defesa, educação e saúde públicas e seguridade social;Demais serviços;Agricultura, inclusive apoio à agricultura e a pós colheita
2;Nordeste;28;SE;Sergipe;2804508;Nossa Senhora da Glória;True;2023;publica;medio;todos (1-4);86.5;0.870811;264.89;263.12;4.348802;3.8;;1048319.704;25477.43;943165.567;22891.26;790790.161;20967.52;108597.465;55910.063;332586.221;207665.08;704758.828;86031.332;Demais serviços;Administração, defesa, educação e saúde públicas e seguridade social;Comércio e reparação de veículos automotores e motocicletas
2;Nordeste;28;SE;Sergipe;2804607;Nossa Senhora das Dores;True;2023;publica;medio;todos (1-4);90.2;0.905751;254.14;255.9;4.089735;3.7;;540609.743;21627.85;467048.624;18684.93;415736.18;15422.2;48540.191;46065.897;131064.97;151576.302;377247.36;38488.82;Administração, defesa, educação e saúde públicas e seguridade social;Demais serviços;Comércio e reparação de veículos automotores e motocicletas
2;Nordeste;28;SE;Sergipe;2804706;Nossa Senhora de Lourdes;True;2023;publica;medio;todos (1-4);98.6;0.986508;264.9;267.54;4.41511;4.4;;115909.832;18492.32;89604.346;14295.52;91164.828;14005.97;20674.147;3710.516;22405.327;38723.157;85513.146;5651.682;Administração, defesa, educação e saúde públicas e seguridade social;Demais serviços;Pecuária, inclusive apoio à pecuária
2;Nordeste;28;SE;Sergipe;2804805;Nossa Senhora do Socorro;True;2023;publica;medio;todos (1-4);89.3;0.903387;252.95;258.21;4.107602;3.7;;2852077.183;14829.08;3804226.31;19779.68;3232697.918;17219.66;7124.954;479813.862;1275836.653;973286.988;2736062.457;496635.461;Administração, defesa, educação e saúde públicas e seguridade social;Demais serviços;Comércio e reparação de veículos automotores e motocicletas
2;Nordeste;28;SE;Sergipe;2804904;Pacatuba;True;2023;publica;medio;todos (1-4);96.3;0.965065;244.87;243.55;3.774658;3.6;;219431.735;17551.73;281548.972;22520.31;236642.649;16153.08;36244.598;48574.436;36307.585;94740.354;215866.973;20775.676;Administração, defesa, educação e saúde públicas e seguridade social;Indústrias de transformação;Demais serviços
2;Nordeste;28;SE;Sergipe;2805000;Pedra Mole;True;2023;publica;medio;todos (1-4);93.0;0.93407;242.16;253.31;3.882704;3.6;;74512.297;26822.28;58162.017;20936.65;48011.71;14509.43;12028.621;1760.758;8043.316;23965.237;45797.932;2213.778;Administração, defesa, educação e saúde públicas e seguridade social;Agricultura, inclusive apoio à agricultura e a pós colheita;Demais serviços
2;Nordeste;28;SE;Sergipe;2805109;Pedrinhas;True;2023;publica;medio;todos (1-4);85.3;0.85031;254.03;242.67;3.890136;3.3;;128570.496;17383.79;103298.226;13966.77;98935.679;10171.24;7915.55;3738.919;24788.265;57986.318;94429.052;4506.627;Administração, defesa, educação e saúde públicas e seguridade social;Demais serviços;Comércio e reparação de veículos automotores e motocicletas
2;Nordeste;28;SE;Sergipe;2805208;Pinhão;True;2023;publica;medio;todos (1-4);90.2;0.917889;259.91;257.24;4.190834;3.8;;141417.06;24910.53;132055.486;23261.49;91574.102;13712.8;12148.948;3384.332;26498.912;40578.134;82610.326;8963.776;Administração, defesa, educação e saúde públicas e seguridade social;Demais serviços;Comércio e reparação de veículos automotores e motocicletas
2;Nordeste;28;SE;Sergipe;2805307;Pirambu;True;2023;publica;medio;todos (1-4);92.1;0.921929;248.19;242.61;3.807215;3.5;;155336.484;19630.54;159527.605;20160.19;137921.589;14616.53;6634.133;23783.252;33838.583;68329.88;132585.848;5335.741;Administração, defesa, educação e saúde públicas e seguridade social;Demais serviços;Indústrias extrativas
2;Nordeste;28;SE;Sergipe;2805406;Poço Redondo;True;2023;publica;medio;todos (1-4);92.4;0.926596;248.24;247.27;3.877678;3.6;;763538.928;22833.78;462181.826;13821.64;416245.13;11738.11;80397.937;30518.215;86778.489;188709.335;386403.976;29841.154;Administração, defesa, educação e saúde públicas e seguridade social;Demais serviços;Pecuária, inclusive apoio à pecuária
2;Nordeste;28;SE;Sergipe;2805505;Poço Verde;True;2023;publica;medio;todos (1-4);86.9;0.875409;270.56;278.65;4.660921;4.1;;388823.218;17840.84;392809.604;18023.75;322301.775;13427.56;23494.005;21581.48;113635.628;130231.209;288942.323;33359.452;Administração, defesa, educação e saúde públicas e seguridade social;Demais serviços;Comércio e reparação de veículos automotores e motocicletas
2;Nordeste;28;SE;Sergipe;2805604;Porto da Folha;True;2023;publica;medio;todos (1-4);94.2;0.943448;255.97;248.58;4.005856;3.8;;637807.556;23999.38;405211.523;15247.27;366553.464;12732.86;75585.531;26617.913;79352.585;159335.289;340891.318;25662.146;Administração, defesa, educação e saúde públicas e seguridade social;Demais serviços;Pecuária, inclusive apoio à pecuária
2;Nordeste;28;SE;Sergipe;2805703;Propriá;True;2023;publica;medio;todos (1-4);94.5;0.946227;253.86;250.79;4.009305;3.8;;614880.096;23100.16;573817.043;21557.48;554299.192;18628.15;14385.292;50625.745;260484.93;164769.437;490265.404;64033.788;Demais serviços;Administração, defesa, educação e saúde públicas e seguridade social;Comércio e reparação de veículos automotores e motocicletas
2;Nordeste;28;SE;Sergipe;2805802;Riachão do Dantas;True;2023;publica;medio;todos (1-4);91.6;0.917102;251.7;249.15;3.954417;3.6;;419338.643;22898.41;365972.168;19984.28;328904.479;16600.44;136588.061;9950.874;50192.478;115747.621;312479.034;16425.445;Agricultura, inclusive apoio à agricultura e a pós colheita;Administração, defesa, educação e saúde públicas e seguridade social;Demais serviços
2;Nordeste;28;SE;Sergipe;2805901;Riachuelo;True;2023;publica;medio;todos (1-4);89.3;0.890555;232.55;242.37;3.583959;3.2;;240563.022;27499.2;225681.737;27154.58;222400.947;21479.71;10915.196;56916.813;53429.529;66142.846;187404.384;34996.563;Administração, defesa, educação e saúde públicas e seguridade social;Demais serviços;Indústrias extrativas
2;Nordeste;28;SE;Sergipe;2806008;Ribeirópolis;True;2023;publica;medio;todos (1-4);87.7;0.883874;275.38;266.77;4.550774;4.0;;372070.867;21844.12;356224.016;20913.76;339443.05;17968.51;42544.696;25689.357;116867.908;106689.606;291791.568;47651.482;Administração, defesa, educação e saúde públicas e seguridade social;Demais serviços;Agricultura, inclusive apoio à agricultura e a pós colheita
2;Nordeste;28;SE;Sergipe;2806107;Rosário do Catete;True;2023;publica;medio;todos (1-4);92.3;0.927885;253.92;269.39;4.288591;4.0;;391878.489;42160.14;513849.286;55282.33;468956.06;42028.68;5410.289;231059.26;85912.126;88130.584;410512.259;58443.801;Indústrias extrativas;Administração, defesa, educação e saúde públicas e seguridade social;Demais serviços
2;Nordeste;28;SE;Sergipe;2806206;Salgado;True;2023;publica;medio;todos (1-4);94.5;0.947541;266.68;273.1;4.523343;4.3;;320943.343;15826.39;286738.504;14139.68;217519.174;10848.3;25867.666;11063.325;57025.519;109974.485;203930.995;13588.18;Administração, defesa, educação e saúde públicas e seguridade social;Demais serviços;Agricultura, inclusive apoio à agricultura e a pós colheita
2;Nordeste;28;SE;Sergipe;2806305;Santa Luzia do Itanhy;True;2023;publica;medio;todos (1-4);90.8;0.920274;245.03;231.93;3.602953;3.3;;238278.236;17499.87;217036.18;15939.79;192689.917;13564.94;50669.052;5242.493;33913.648;94060.42;183885.613;8804.304;Administração, defesa, educação e saúde públicas e seguridade social;Agricultura, inclusive apoio à agricultura e a pós colheita;Demais serviços
2;Nordeste;28;SE;Sergipe;2806404;Santana do São Francisco;True;2023;publica;medio;todos (1-4);98.1;0.978257;246.55;251.92;3.923553;3.8;;160614.555;21864.22;119178.518;16223.59;106772.621;13505.26;26727.366;3969.486;21267.019;49510.339;101474.21;5298.411;Administração, defesa, educação e saúde públicas e seguridade social;Agricultura, inclusive apoio à agricultura e a pós colheita;Demais serviços
2;Nordeste;28;SE;Sergipe;2806503;Santa Rosa de Lima;True;2023;publica;medio;todos (1-4);100.0;1.0;240.27;242.36;3.692237;3.7;;59185.703;15033.2;58257.966;14797.55;55083.536;14005.48;7257.761;2374.739;9735.646;33844.425;53212.571;1870.965;Administração, defesa, educação e saúde públicas e seguridade social;Demais serviços;Agricultura, inclusive apoio à agricultura e a pós colheita
2;Nordeste;28;SE;Sergipe;2806602;Santo Amaro das Brotas;True;2023;publica;medio;todos (1-4);85.3;0.849868;249.47;253.07;3.981779;3.4;;227941.577;20550.09;201708.619;18185.05;167665.266;13743.05;15891.505;33047.988;36707.942;75110.788;160758.224;6907.042;Administração, defesa, educação e saúde públicas e seguridade social;Demais serviços;Indústrias extrativas
2;Nordeste;28;SE;Sergipe;2806701;São Cristóvão;True;2023;publica;medio;todos (1-4);86.9;0.87987;257.37;260.61;4.205609;3.7;;1392937.53;14568.65;1175116.605;12290.47;1031740.474;11203.61;36460.209;100435.606;368419.875;445354.784;950670.474;81069.999;Administração, defesa, educação e saúde públicas e seguridade social;Demais serviços;Comércio e reparação de veículos automotores e motocicletas
2;Nordeste;28;SE;Sergipe;2806800;São Domingos;True;2023;publica;medio;todos (1-4);95.3;0.953281;243.21;253.47;3.899846;3.7;;161344.544;15623.56;139978.019;13554.57;135226.821;11992.45;6686.22;16919.829;31563.895;67071.602;122241.545;12985.276;Administração, defesa, educação e saúde públicas e seguridade social;Demais serviços;Indústrias de transformação
2;Nordeste;28;SE;Sergipe;2806909;São Francisco;True;2023;publica;medio;todos (1-4);91.3;0.907573;263.32;263.37;4.330494;3.9;;61511.33;18967.42;52946.475;16326.39;56033.562;14603.48;8036.348;3964.364;10706.607;31046.202;53753.522;2280.04;Administração, defesa, educação e saúde públicas e seguridade social;Demais serviços;Agricultura, inclusive apoio à agricultura e a pós colheita
2;Nordeste;28;SE;Sergipe;2807006;São Miguel do Aleixo;True;2023;publica;medio;todos (1-4);94.0;0.952555;270.62;263.72;4.438261;4.2;;79123.152;23041.1;52286.512;15226.12;49842.493;12573.79;6434.032;2882.536;9728.333;28022.66;47067.561;2774.932;Administração, defesa, educação e saúde públicas e seguridade social;Demais serviços;Pecuária, inclusive apoio à pecuária
2;Nordeste;28;SE;Sergipe;2807105;Simão Dias;True;2023;publica;medio;todos (1-4);95.5;0.958909;271.57;285.31;4.774807;4.6;;925386.501;21733.91;897435.447;21077.44;790408.245;19408.9;138552.594;84957.939;254380.008;215728.463;693619.004;96789.241;Administração, defesa, educação e saúde públicas e seguridade social;Demais serviços;Agricultura, inclusive apoio à agricultura e a pós colheita
2;Nordeste;28;SE;Sergipe;2807204;Siriri;True;2023;publica;medio;todos (1-4);95.2;0.950691;253.54;250.4;3.998972;3.8;;201981.259;25782.65;181479.639;23165.64;176735.571;19537.43;10452.103;62203.251;35434.711;62472.887;170562.953;6172.619;Administração, defesa, educação e saúde públicas e seguridade social;Indústrias extrativas;Demais serviços
2;Nordeste;28;SE;Sergipe;2807303;Telha;True;2023;publica;medio;todos (1-4);88.6;0.893386;273.36;271.0;4.585726;4.1;;53466.564;16330.65;44599.772;13622.41;44121.433;13488.67;5304.353;2070.326;8368.151;26903.178;42646.007;1475.426;Administração, defesa, educação e saúde públicas e seguridade social;Demais serviços;Agricultura, inclusive apoio à agricultura e a pós colheita
2;Nordeste;28;SE;Sergipe;2807402;Tobias Barreto;True;2023;publica;medio;todos (1-4);90.5;0.90996;268.88;274.53;4.575649;4.2;;1150010.304;22591.3;717304.905;14091.05;655791.184;12405.95;23069.282;35138.333;269799.648;265894.954;593902.218;61888.966;Administração, defesa, educação e saúde públicas e seguridade social;Demais serviços;Comércio e reparação de veículos automotores e motocicletas
2;Nordeste;28;SE;Sergipe;2807501;Tomar do Geru;True;2023;publica;medio;todos (1-4);89.0;0.897873;260.72;256.82;4.195923;3.8;;208833.285;17385.39;157899.255;13145.13;146965.409;10858.98;24941.922;5989.261;30940.524;78387.585;140259.293;6706.117;Administração, defesa, educação e saúde públicas e seguridade social;Demais serviços;Agricultura, inclusive apoio à agricultura e a pós colheita
2;Nordeste;28;SE;Sergipe;2807600;Umbaúba;True;2023;publica;medio;todos (1-4);89.4;0.896225;249.71;261.72;4.114641;3.7;;721872.317;30182.39;492745.672;20602.32;401569.249;15564.7;35939.38;21836.429;164849.274;144826.411;367451.494;34117.754;Administração, defesa, educação e saúde públicas e seguridade social;Demais serviços;Comércio e reparação de veículos automotores e motocicletas
