region_code;region_name;state_code;state_abbr;state_name;city_code;city_name;gdp_2023_current_prices_thousand_reais;gdp_per_capita_2023_current_reais;gdp_2022_current_prices_thousand_reais;gdp_per_capita_2022_current_reais;gdp_2021_current_prices_thousand_reais;gdp_per_capita_2021_current_reais;gross_value_added_agriculture_2021_current_prices_thousand_reais;gross_value_added_industry_2021_current_prices_thousand_reais;gross_value_added_services_2021_current_prices_thousand_reais;gross_value_added_public_administration_2021_current_prices_thousand_reais;gross_value_added_total_2021_current_prices_thousand_reais;taxes_less_subsidies_2021_current_prices_thousand_reais;main_economic_activity_2021;second_main_economic_activity_2021;third_main_economic_activity_2021;total_school_records;has_any_school_record;approval_rate_estadual_medio_todos_1_4;performance_indicator_estadual_medio_todos_1_4;saeb_math_score_estadual_medio_todos_1_4;saeb_portuguese_score_estadual_medio_todos_1_4;saeb_standardized_average_score_estadual_medio_todos_1_4;ideb_estadual_medio_todos_1_4;ideb_projection_estadual_medio_todos_1_4;approval_rate_publica_medio_todos_1_4;performance_indicator_publica_medio_todos_1_4;saeb_math_score_publica_medio_todos_1_4;saeb_portuguese_score_publica_medio_todos_1_4;saeb_standardized_average_score_publica_medio_todos_1_4;ideb_publica_medio_todos_1_4;ideb_projection_publica_medio_todos_1_4;approval_rate_estadual_fundamental_finais_6_9;performance_indicator_estadual_fundamental_finais_6_9;saeb_math_score_estadual_fundamental_finais_6_9;saeb_portuguese_score_estadual_fundamental_finais_6_9;saeb_standardized_average_score_estadual_fundamental_finais_6_9;ideb_estadual_fundamental_finais_6_9;ideb_projection_estadual_fundamental_finais_6_9;approval_rate_publica_fundamental_finais_6_9;performance_indicator_publica_fundamental_finais_6_9;saeb_math_score_publica_fundamental_finais_6_9;saeb_portuguese_score_publica_fundamental_finais_6_9;saeb_standardized_average_score_publica_fundamental_finais_6_9;ideb_publica_fundamental_finais_6_9;ideb_projection_publica_fundamental_finais_6_9;approval_rate_municipal_fundamental_iniciais_1_5;performance_indicator_municipal_fundamental_iniciais_1_5;saeb_math_score_municipal_fundamental_iniciais_1_5;saeb_portuguese_score_municipal_fundamental_iniciais_1_5;saeb_standardized_average_score_municipal_fundamental_iniciais_1_5;ideb_municipal_fundamental_iniciais_1_5;ideb_projection_municipal_fundamental_iniciais_1_5;approval_rate_publica_fundamental_iniciais_1_5;performance_indicator_publica_fundamental_iniciais_1_5;saeb_math_score_publica_fundamental_iniciais_1_5;saeb_portuguese_score_publica_fundamental_iniciais_1_5;saeb_standardized_average_score_publica_fundamental_iniciais_1_5;ideb_publica_fundamental_iniciais_1_5;ideb_projection_publica_fundamental_iniciais_1_5;approval_rate_estadual_fundamental_iniciais_1_5;performance_indicator_estadual_fundamental_iniciais_1_5;saeb_math_score_estadual_fundamental_iniciais_1_5;saeb_portuguese_score_estadual_fundamental_iniciais_1_5;saeb_standardized_average_score_estadual_fundamental_iniciais_1_5;ideb_estadual_fundamental_iniciais_1_5;ideb_projection_estadual_fundamental_iniciais_1_5;approval_rate_municipal_fundamental_finais_6_9;performance_indicator_municipal_fundamental_finais_6_9;saeb_math_score_municipal_fundamental_finais_6_9;saeb_portuguese_score_municipal_fundamental_finais_6_9;saeb_standardized_average_score_municipal_fundamental_finais_6_9;ideb_municipal_fundamental_finais_6_9;ideb_projection_municipal_fundamental_finais_6_9;approval_rate_federal_medio_todos_1_4;performance_indicator_federal_medio_todos_1_4;saeb_math_score_federal_medio_todos_1_4;saeb_portuguese_score_federal_medio_todos_1_4;saeb_standardized_average_score_federal_medio_todos_1_4;ideb_federal_medio_todos_1_4;ideb_projection_federal_medio_todos_1_4;approval_rate_federal_fundamental_iniciais_1_5;performance_indicator_federal_fundamental_iniciais_1_5;saeb_math_score_federal_fundamental_iniciais_1_5;saeb_portuguese_score_federal_fundamental_iniciais_1_5;saeb_standardized_average_score_federal_fundamental_iniciais_1_5;ideb_federal_fundamental_iniciais_1_5;ideb_projection_federal_fundamental_iniciais_1_5;approval_rate_federal_fundamental_finais_6_9;performance_indicator_federal_fundamental_finais_6_9;saeb_math_score_federal_fundamental_finais_6_9;saeb_portuguese_score_federal_fundamental_finais_6_9;saeb_standardized_average_score_federal_fundamental_finais_6_9;ideb_federal_fundamental_finais_6_9;ideb_projection_federal_fundamental_finais_6_9
1;Norte;12;AC;Acre;1200013;Acrelândia;502663.016;35850.73;445829.309;31797.25;398724.884;25362.56;157857.659;13439.221;91388.786;114911.158;377596.825;21128.059;Administração, defesa, educação e saúde públicas e seguridade social;Pecuária, inclusive apoio à pecuária;Agricultura, inclusive apoio à agricultura e a pós colheita;6;True;77.2;0.78646;262.95;261.66;4.299698;3.4;;77.2;0.78646;262.95;261.66;4.299698;3.4;;90.5;0.904841;251.2;256.04;5.120667;4.6;;90.3;0.902561;251.2;256.04;5.120667;4.6;;97.0;0.969634;207.06;191.85;5.403761;5.2;;97.0;0.969634;207.06;191.85;5.403761;5.2;;;;;;;;;;;;;;;;;;;;;;;;;;;;;;;;;;;;
1;Norte;12;AC;Acre;1200054;Assis Brasil;187366.498;23131.67;164920.809;20360.59;133916.175;17507.67;44810.294;3943.744;20601.455;61986.011;131341.504;2574.671;Administração, defesa, educação e saúde públicas e seguridade social;Agricultura, inclusive apoio à agricultura e a pós colheita;Demais serviços;6;True;86.0;0.866122;266.78;267.12;4.435227;3.8;;86.0;0.866122;266.78;267.12;4.435227;3.8;;72.6;0.714329;237.59;236.08;4.561167;3.3;;72.6;0.714329;237.59;236.08;4.561167;3.3;;93.3;0.932457;204.49;196.04;5.430897;5.1;;82.7;0.830368;204.49;196.04;5.430897;4.5;;;;;;;;;;;;;;;;;;;;;;;;;;;;;;;;;;;;
1;Norte;12;AC;Acre;1200104;Brasiléia;929800.488;35761.56;820792.843;31568.96;685636.225;25278.78;185723.919;45440.044;171335.056;203111.807;605610.826;80025.399;Administração, defesa, educação e saúde públicas e seguridade social;Demais serviços;Pecuária, inclusive apoio à pecuária;7;True;94.5;0.946945;271.22;268.43;4.517197;4.3;;94.5;0.946945;271.22;268.43;4.517197;4.3;;95.9;0.959265;263.44;267.92;5.522667;5.3;;95.9;0.959265;263.44;267.92;5.522667;5.3;;97.7;0.976216;215.83;202.44;5.763673;5.6;;98.0;0.979478;233.08;215.78;6.335417;6.2;;99.1;0.991101;272.53;246.29;7.643007;7.6;;;;;;;;;;;;;;;;;;;;;;;;;;;;;
1;Norte;12;AC;Acre;1200138;Bujari;365418.786;28289.76;344752.47;26689.83;300830.265;28455.38;168855.771;8390.806;36997.695;81805.917;296050.189;4780.076;Pecuária, inclusive apoio à pecuária;Administração, defesa, educação e saúde públicas e seguridade social;Agricultura, inclusive apoio à agricultura e a pós colheita;6;True;88.7;0.886603;245.62;246.36;3.827257;3.4;;88.7;0.886603;245.62;246.36;3.827257;3.4;;84.9;0.849442;225.58;231.37;4.2825;3.6;;85.4;0.854607;225.58;231.37;4.2825;3.7;;96.4;0.964108;169.69;167.99;4.256775;4.1;;96.2;0.963292;169.69;167.99;4.256775;4.1;;;;;;;;;;;;;;;;;;;;;;;;;;;;;;;;;;;;
1;Norte;12;AC;Acre;1200179;Capixaba;530656.841;51063.98;717612.049;69054.28;512352.894;41722.55;342298.272;13142.103;52997.489;94528.186;502966.051;9386.843;Agricultura, inclusive apoio à agricultura e a pós colheita;Administração, defesa, educação e saúde públicas e seguridade social;Pecuária, inclusive apoio à pecuária;6;True;81.4;0.827358;261.79;262.08;4.289693;3.5;;81.4;0.827358;261.79;262.08;4.289693;3.5;;86.7;0.865685;233.72;242.66;4.606333;4.0;;87.0;0.871056;235.87;237.58;4.5575;4.0;;92.2;0.921868;189.53;179.27;4.840492;4.5;;92.2;0.921868;189.53;179.27;4.840492;4.5;;;;;;;;;;;;;;;;;;;;;;;;;;;;;;;;;;;;
1;Norte;12;AC;Acre;1200203;Cruzeiro do Sul;2680143.051;29167.5;2313075.195;25172.77;2058629.669;22934.82;100356.957;167725.301;900139.923;696401.756;1864623.937;194005.732;Administração, defesa, educação e saúde públicas e seguridade social;Demais serviços;Comércio e reparação de veículos automotores e motocicletas;8;True;86.3;0.875811;265.97;267.59;4.430886;3.9;;87.3;0.885849;265.97;267.59;4.430886;3.9;;95.5;0.954652;250.15;256.19;5.105667;4.9;;95.6;0.955364;249.28;255.24;5.075333;4.8;;94.8;0.947863;192.05;190.26;5.088402;4.8;;96.3;0.963358;214.04;211.87;5.900967;5.7;;98.0;0.979912;232.8;230.29;6.593892;6.5;;96.0;0.962983;235.13;239.68;4.580167;4.4;;;;;;;;;;;;;;;;;;;;;;
1;Norte;12;AC;Acre;1200252;Epitaciolândia;793426.711;42300.3;776867.616;41417.48;644541.502;33960.77;160895.347;22539.976;246925.145;143215.398;573575.866;70965.636;Administração, defesa, educação e saúde públicas e seguridade social;Comércio e reparação de veículos automotores e motocicletas;Demais serviços;6;True;91.8;0.923534;265.33;269.05;4.443754;4.1;;91.8;0.923534;265.33;269.05;4.443754;4.1;;94.9;0.950572;260.57;266.21;5.446333;5.2;;94.9;0.950572;260.57;266.21;5.446333;5.2;;98.2;0.98255;229.48;216.58;6.28126;6.2;;98.2;0.98255;229.48;216.58;6.28126;6.2;;;;;;;;;;;;;;;;;;;;;;;;;;;;;;;;;;;;
1;Norte;12;AC;Acre;1200302;Feijó;741343.805;20926.55;639843.594;18061.41;567040.488;16207.64;172858.325;24430.691;103189.963;248872.237;549351.216;17689.272;Administração, defesa, educação e saúde públicas e seguridade social;Agricultura, inclusive apoio à agricultura e a pós colheita;Demais serviços;7;True;90.9;0.928951;254.63;250.52;4.016078;3.7;;90.9;0.928951;254.63;250.52;4.016078;3.7;;89.7;0.89524;249.37;255.92;5.088167;4.6;;89.7;0.89524;249.37;255.92;5.088167;4.6;;85.1;0.850248;209.36;198.95;5.576745;4.7;;87.9;0.880183;227.36;215.83;6.227166;5.5;;90.6;0.909041;233.58;221.67;6.45205;5.9;;;;;;;;;;;;;;;;;;;;;;;;;;;;;
1;Norte;12;AC;Acre;1200328;Jordão;150648.095;16335.73;136531.072;14804.93;113975.208;13209.92;21976.924;2459.774;14030.504;73684.212;112151.415;1823.793;Administração, defesa, educação e saúde públicas e seguridade social;Agricultura, inclusive apoio à agricultura e a pós colheita;Demais serviços;8;True;90.0;0.936562;251.72;264.58;4.185686;3.9;;90.0;0.936562;251.72;264.58;4.185686;3.9;;98.2;0.982086;237.63;244.06;4.694833;4.6;;94.7;0.946796;247.36;250.02;4.956333;4.7;;95.5;0.952608;182.78;174.41;4.623312;4.4;;96.3;0.961065;201.22;186.76;5.199765;5.0;;100.0;1.0;217.47;197.63;5.707516;5.7;;93.8;0.938625;258.7;256.97;5.261167;4.9;;;;;;;;;;;;;;;;;;;;;;
1;Norte;12;AC;Acre;1200336;Mâncio Lima;339224.183;17581.85;289345.138;14991.98;269204.838;13704.87;53380.808;13659.005;48626.059;147681.74;263347.612;5857.226;Administração, defesa, educação e saúde públicas e seguridade social;Demais serviços;Agricultura, inclusive apoio à agricultura e a pós colheita;6;True;85.4;0.855859;250.25;256.68;4.046776;3.5;;85.4;0.855859;250.25;256.68;4.046776;3.5;;93.4;0.933427;233.59;241.94;4.592167;4.3;;93.4;0.933427;233.59;241.94;4.592167;4.3;;96.3;0.963692;191.59;183.18;4.950896;4.8;;96.4;0.964958;191.59;183.18;4.950896;4.8;;;;;;;;;;;;;;;;;;;;;;;;;;;;;;;;;;;;
1;Norte;12;AC;Acre;1200344;Manoel Urbano;262614.03;21891.8;231081.957;19263.25;184903.705;19060.27;55704.076;11432.432;33663.135;74979.35;175778.992;9124.712;Administração, defesa, educação e saúde públicas e seguridade social;Agricultura, inclusive apoio à agricultura e a pós colheita;Demais serviços;7;True;89.5;0.898902;242.6;237.21;3.647866;3.3;;89.5;0.898902;242.6;237.21;3.647866;3.3;;95.6;0.953132;244.6;250.69;4.9215;4.7;;95.8;0.957268;237.29;242.2;4.658167;4.5;;90.6;0.906385;205.14;202.0;5.551666;5.0;;91.6;0.914796;205.14;202.0;5.551666;5.1;;;;;;;;;95.9;0.960579;230.52;234.34;4.414333;4.2;;;;;;;;;;;;;;;;;;;;;;
1;Norte;12;AC;Acre;1200351;Marechal Thaumaturgo;288045.144;16851.64;256481.015;15005.03;256864.842;13020.98;56418.934;5964.034;29457.958;161583.282;253424.207;3440.635;Administração, defesa, educação e saúde públicas e seguridade social;Agricultura, inclusive apoio à agricultura e a pós colheita;Demais serviços;6;True;84.5;0.856014;258.05;258.13;4.178034;3.6;;84.5;0.856014;258.05;258.13;4.178034;3.6;;;;;;;;;82.3;0.824951;230.26;226.04;4.271667;3.5;;91.3;0.913951;179.2;171.7;4.505718;4.1;;91.4;0.915218;179.2;171.7;4.505718;4.1;;;;;;;;;83.9;0.8404;230.26;226.04;4.271667;3.6;;;;;;;;;;;;;;;;;;;;;;
1;Norte;12;AC;Acre;1200385;Plácido de Castro;764818.375;46184.68;829047.04;50063.23;601470.508;29854.1;309366.107;17444.407;98405.076;149485.643;574701.234;26769.274;Agricultura, inclusive apoio à agricultura e a pós colheita;Administração, defesa, educação e saúde públicas e seguridade social;Pecuária, inclusive apoio à pecuária;8;True;89.8;0.90604;271.22;262.35;4.426179;4.0;;89.8;0.90604;271.22;262.35;4.426179;4.0;;93.8;0.938522;250.88;253.64;5.075333;4.8;;93.1;0.93108;244.49;244.8;4.8215;4.5;;95.2;0.952304;204.85;192.74;5.377768;5.1;;96.4;0.964812;204.99;196.66;5.451712;5.3;;98.6;0.987974;205.16;201.55;5.543865;5.5;;90.9;0.909824;222.31;214.16;3.941167;3.6;;;;;;;;;;;;;;;;;;;;;;
1;Norte;12;AC;Acre;1200393;Porto Walter;200511.946;18678.34;177517.447;16536.32;160534.749;12845.86;25572.853;4314.233;22836.36;104988.402;157711.848;2822.901;Administração, defesa, educação e saúde públicas e seguridade social;Demais serviços;Agricultura, inclusive apoio à agricultura e a pós colheita;7;True;86.6;0.885183;252.52;244.99;3.903658;3.5;;86.6;0.885183;252.52;244.99;3.903658;3.5;;91.9;0.899245;225.99;224.84;4.1805;3.8;;89.2;0.888832;221.53;215.82;3.955833;3.5;;96.8;0.968872;186.01;178.02;4.750589;4.6;;97.0;0.970497;186.01;178.02;4.750589;4.6;;;;;;;;;88.3;0.883924;218.06;208.8;3.781;3.3;;;;;;;;;;;;;;;;;;;;;;
1;Norte;12;AC;Acre;1200401;Rio Branco;12960965.992;35533.25;11266899.134;30888.87;10955674.857;26119.02;464933.151;880534.415;5153657.302;2949436.306;9448561.175;1507113.683;Demais serviços;Administração, defesa, educação e saúde públicas e seguridade social;Comércio e reparação de veículos automotores e motocicletas;10;True;88.4;0.888446;267.24;275.64;4.569232;4.1;;88.5;0.889448;268.55;277.33;4.612931;4.1;;93.6;0.93592;254.63;262.29;5.282;4.9;;93.5;0.934665;254.82;262.64;5.291;4.9;;98.3;0.983714;235.85;223.38;6.526461;6.4;;97.2;0.972228;231.79;221.44;6.413708;6.2;;96.7;0.967563;230.1;220.37;6.362001;6.2;;;;;;;;;91.0;0.915897;294.39;310.63;5.474355;5.0;;100.0;1.0;231.26;254.26;7.000321;7.0;;80.8;0.808808;267.96;287.46;5.923667;4.8;
1;Norte;12;AC;Acre;1200427;Rodrigues Alves;293645.129;19657.59;253224.62;16951.71;255648.556;12933.1;55116.275;7342.372;31896.104;158223.944;252578.695;3069.86;Administração, defesa, educação e saúde públicas e seguridade social;Agricultura, inclusive apoio à agricultura e a pós colheita;Demais serviços;7;True;84.9;0.863905;250.18;251.82;3.973039;3.4;;84.9;0.863905;250.18;251.82;3.973039;3.4;;91.0;0.91212;230.44;226.53;4.282833;3.9;;92.9;0.928207;234.47;232.36;4.447167;4.1;;97.4;0.975102;210.42;195.85;5.540611;5.4;;96.8;0.968424;210.42;195.85;5.540611;5.4;;;;;;;;;100.0;1.0;242.98;244.68;4.794333;4.8;;;;;;;;;;;;;;;;;;;;;;
1;Norte;12;AC;Acre;1200435;Santa Rosa do Purus;124069.582;18454.5;114984.05;17103.09;108545.109;15747.15;25745.472;2260.064;14093.654;64913.493;107012.683;1532.426;Administração, defesa, educação e saúde públicas e seguridade social;Agricultura, inclusive apoio à agricultura e a pós colheita;Demais serviços;4;True;;;;;;;;;;;;;;;;;;;;;;86.5;0.868152;209.15;223.02;3.8695;3.4;;91.2;0.916325;152.31;147.18;3.546732;3.2;;92.5;0.93041;152.31;147.18;3.546732;3.3;;;;;;;;;86.5;0.868152;209.15;223.02;3.8695;3.4;;;;;;;;;;;;;;;;;;;;;;
1;Norte;12;AC;Acre;1200450;Senador Guiomard;1111820.541;51823.46;1037716.235;48371.61;779671.689;33253.93;391220.06;30582.332;150417.753;175830.353;748050.498;31621.191;Agricultura, inclusive apoio à agricultura e a pós colheita;Administração, defesa, educação e saúde públicas e seguridade social;Pecuária, inclusive apoio à pecuária;7;True;92.7;0.93386;267.13;276.14;4.575172;4.3;;92.7;0.93386;267.13;276.14;4.575172;4.3;;96.6;0.965635;262.41;261.68;5.4015;5.2;;95.3;0.952819;260.5;261.16;5.361;5.1;;94.7;0.948486;223.52;216.72;6.170065;5.9;;96.8;0.968172;231.81;220.03;6.388453;6.2;;98.1;0.980991;242.42;224.26;6.667843;6.5;;;;;;;;;;;;;;;;;;;;;;;;;;;;;
1;Norte;12;AC;Acre;1200500;Sena Madureira;972647.74;23526.3;841620.646;20354.07;748094.167;15860.21;209648.957;36343.601;153427.532;322723.704;722143.794;25950.373;Administração, defesa, educação e saúde públicas e seguridade social;Demais serviços;Pecuária, inclusive apoio à pecuária;8;True;80.1;0.817566;262.95;270.46;4.431435;3.6;;82.4;0.84058;266.06;273.07;4.514186;3.8;;90.8;0.907438;248.62;257.26;5.098;4.6;;89.9;0.898448;248.62;257.26;5.098;4.6;;93.7;0.936306;223.35;218.98;6.207912;5.8;;89.9;0.898776;222.4;218.68;6.184328;5.6;;76.7;0.768647;206.47;213.51;5.78632;4.4;;;;;;;;;98.8;0.98725;282.33;286.72;4.947039;4.9;;;;;;;;;;;;;;;
1;Norte;12;AC;Acre;1200609;Tarauacá;932079.699;21443.39;800495.573;18417.44;711884.414;16279.09;176339.166;23416.041;158431.935;322737.007;680924.149;30960.265;Administração, defesa, educação e saúde públicas e seguridade social;Demais serviços;Agricultura, inclusive apoio à agricultura e a pós colheita;7;True;81.2;0.86769;250.63;252.72;3.992832;3.5;;83.4;0.883843;250.63;252.72;3.992832;3.5;;86.8;0.868002;251.83;250.12;5.0325;4.4;;87.0;0.870241;251.83;250.12;5.0325;4.4;;90.4;0.903975;213.31;197.54;5.626491;5.1;;89.5;0.893956;223.02;205.56;5.957614;5.3;;86.6;0.867729;260.48;236.55;7.235954;6.3;;;;;;;;;;;;;;;;;;;;;;;;;;;;;
1;Norte;12;AC;Acre;1200708;Xapuri;626025.729;34315.94;632359.642;34663.14;454980.626;22902.48;199220.702;23433.241;69330.853;142223.111;434207.908;20772.718;Administração, defesa, educação e saúde públicas e seguridade social;Agricultura, inclusive apoio à agricultura e a pós colheita;Pecuária, inclusive apoio à pecuária;6;True;82.3;0.833577;268.03;271.84;4.523442;3.8;;;;;;;;;91.2;0.910339;251.04;256.72;5.129333;4.7;;91.2;0.910339;251.04;256.72;5.129333;4.7;;94.9;0.94798;229.13;220.49;6.345672;6.0;;93.9;0.938616;236.61;223.21;6.537874;6.1;;93.0;0.929237;242.45;225.33;6.68787;6.2;;;;;;;;;;;;;;;;;;;;;;;;;;;;;
1;Norte;12;AC;Acre;1200807;Porto Acre;533385.984;31952.67;585138.606;35052.93;471314.639;24623.3;259570.866;13578.138;50906.797;139960.174;464015.975;7298.664;Agricultura, inclusive apoio à agricultura e a pós colheita;Administração, defesa, educação e saúde públicas e seguridade social;Pecuária, inclusive apoio à pecuária;6;True;82.0;0.82206;265.8;264.97;4.389277;3.6;;82.0;0.82206;265.8;264.97;4.389277;3.6;;78.8;0.787335;241.78;242.3;4.734667;3.7;;78.8;0.787335;241.78;242.3;4.734667;3.7;;94.0;0.933956;183.24;170.06;4.552999;4.3;;93.4;0.93199;183.24;170.06;4.552999;4.2;;;;;;;;;;;;;;;;;;;;;;;;;;;;;;;;;;;;
