region_code;region_name;state_code;state_abbr;state_name;city_code;city_name;gdp_2023_current_prices_thousand_reais;gdp_per_capita_2023_current_reais;gdp_2022_current_prices_thousand_reais;gdp_per_capita_2022_current_reais;gdp_2021_current_prices_thousand_reais;gdp_per_capita_2021_current_reais;gross_value_added_agriculture_2021_current_prices_thousand_reais;gross_value_added_industry_2021_current_prices_thousand_reais;gross_value_added_services_2021_current_prices_thousand_reais;gross_value_added_public_administration_2021_current_prices_thousand_reais;gross_value_added_total_2021_current_prices_thousand_reais;taxes_less_subsidies_2021_current_prices_thousand_reais;main_economic_activity_2021;second_main_economic_activity_2021;third_main_economic_activity_2021;total_school_records;has_any_school_record;approval_rate_estadual_fundamental_finais_6_9;performance_indicator_estadual_fundamental_finais_6_9;saeb_math_score_estadual_fundamental_finais_6_9;saeb_portuguese_score_estadual_fundamental_finais_6_9;saeb_standardized_average_score_estadual_fundamental_finais_6_9;ideb_estadual_fundamental_finais_6_9;ideb_projection_estadual_fundamental_finais_6_9;approval_rate_publica_fundamental_finais_6_9;performance_indicator_publica_fundamental_finais_6_9;saeb_math_score_publica_fundamental_finais_6_9;saeb_portuguese_score_publica_fundamental_finais_6_9;saeb_standardized_average_score_publica_fundamental_finais_6_9;ideb_publica_fundamental_finais_6_9;ideb_projection_publica_fundamental_finais_6_9;approval_rate_municipal_fundamental_iniciais_1_5;performance_indicator_municipal_fundamental_iniciais_1_5;saeb_math_score_municipal_fundamental_iniciais_1_5;saeb_portuguese_score_municipal_fundamental_iniciais_1_5;saeb_standardized_average_score_municipal_fundamental_iniciais_1_5;ideb_municipal_fundamental_iniciais_1_5;ideb_projection_municipal_fundamental_iniciais_1_5;approval_rate_publica_fundamental_iniciais_1_5;performance_indicator_publica_fundamental_iniciais_1_5;saeb_math_score_publica_fundamental_iniciais_1_5;saeb_portuguese_score_publica_fundamental_iniciais_1_5;saeb_standardized_average_score_publica_fundamental_iniciais_1_5;ideb_publica_fundamental_iniciais_1_5;ideb_projection_publica_fundamental_iniciais_1_5;approval_rate_estadual_medio_todos_1_4;performance_indicator_estadual_medio_todos_1_4;saeb_math_score_estadual_medio_todos_1_4;saeb_portuguese_score_estadual_medio_todos_1_4;saeb_standardized_average_score_estadual_medio_todos_1_4;ideb_estadual_medio_todos_1_4;ideb_projection_estadual_medio_todos_1_4;approval_rate_publica_medio_todos_1_4;performance_indicator_publica_medio_todos_1_4;saeb_math_score_publica_medio_todos_1_4;saeb_portuguese_score_publica_medio_todos_1_4;saeb_standardized_average_score_publica_medio_todos_1_4;ideb_publica_medio_todos_1_4;ideb_projection_publica_medio_todos_1_4;approval_rate_municipal_fundamental_finais_6_9;performance_indicator_municipal_fundamental_finais_6_9;saeb_math_score_municipal_fundamental_finais_6_9;saeb_portuguese_score_municipal_fundamental_finais_6_9;saeb_standardized_average_score_municipal_fundamental_finais_6_9;ideb_municipal_fundamental_finais_6_9;ideb_projection_municipal_fundamental_finais_6_9;approval_rate_estadual_fundamental_iniciais_1_5;performance_indicator_estadual_fundamental_iniciais_1_5;saeb_math_score_estadual_fundamental_iniciais_1_5;saeb_portuguese_score_estadual_fundamental_iniciais_1_5;saeb_standardized_average_score_estadual_fundamental_iniciais_1_5;ideb_estadual_fundamental_iniciais_1_5;ideb_projection_estadual_fundamental_iniciais_1_5;approval_rate_federal_medio_todos_1_4;performance_indicator_federal_medio_todos_1_4;saeb_math_score_federal_medio_todos_1_4;saeb_portuguese_score_federal_medio_todos_1_4;saeb_standardized_average_score_federal_medio_todos_1_4;ideb_federal_medio_todos_1_4;ideb_projection_federal_medio_todos_1_4;approval_rate_federal_fundamental_finais_6_9;performance_indicator_federal_fundamental_finais_6_9;saeb_math_score_federal_fundamental_finais_6_9;saeb_portuguese_score_federal_fundamental_finais_6_9;saeb_standardized_average_score_federal_fundamental_finais_6_9;ideb_federal_fundamental_finais_6_9;ideb_projection_federal_fundamental_finais_6_9;approval_rate_municipal_medio_todos_1_4;performance_indicator_municipal_medio_todos_1_4;saeb_math_score_municipal_medio_todos_1_4;saeb_portuguese_score_municipal_medio_todos_1_4;saeb_standardized_average_score_municipal_medio_todos_1_4;ideb_municipal_medio_todos_1_4;ideb_projection_municipal_medio_todos_1_4
5;Centro-oeste;50;MS;Mato Grosso do Sul;5000203;Água Clara;1544633.286;92266.49;1718477.907;102650.85;1211925.182;75627.16;437794.807;352320.973;181127.601;139218.894;1110462.275;101462.907;Eletricidade e gás, água, esgoto, atividades de gestão de resíduos e descontaminação;Produção florestal, pesca e aquicultura;Demais serviços;4;True;93.3;0.944885;246.5;254.26;5.012667;4.7;;94.7;0.947247;246.5;254.26;5.012667;4.7;;99.4;0.994184;244.6;227.78;6.773446;6.7;;99.4;0.994184;244.6;227.78;6.773446;6.7;;;;;;;;;;;;;;;;;;;;;;;;;;;;;;;;;;;;;;;;;;;;;;;;;;
5;Centro-oeste;50;MS;Mato Grosso do Sul;5000252;Alcinópolis;384368.067;84718.55;291925.709;64343.33;237904.41;43342.03;123963.725;8570.233;35896.421;53929.996;222360.374;15544.036;Pecuária, inclusive apoio à pecuária;Administração, defesa, educação e saúde públicas e seguridade social;Agricultura, inclusive apoio à agricultura e a pós colheita;6;True;93.3;0.926857;252.13;252.52;5.0775;4.7;;95.7;0.95709;263.86;268.23;5.534833;5.3;;88.8;0.895307;225.66;223.21;6.328905;5.7;;88.8;0.895307;225.66;223.21;6.328905;5.7;;86.5;0.974332;265.93;273.74;4.52239;4.4;;86.5;0.974332;265.93;273.74;4.52239;4.4;;;;;;;;;;;;;;;;;;;;;;;;;;;;;;;;;;;;
5;Centro-oeste;50;MS;Mato Grosso do Sul;5000609;Amambai;2426261.174;61697.68;2107400.859;53589.34;2033694.68;50530.34;575058.731;104045.306;768518.777;286134.391;1733757.205;299937.475;Agricultura, inclusive apoio à agricultura e a pós colheita;Comércio e reparação de veículos automotores e motocicletas;Demais serviços;7;True;96.7;0.967934;263.31;264.71;5.467;5.3;;89.4;0.895406;262.82;263.24;5.434333;4.9;;95.5;0.955819;222.91;220.48;6.226788;6.0;;95.5;0.955819;222.91;220.48;6.226788;6.0;;87.3;0.874556;272.76;266.01;4.502599;3.9;;87.3;0.874556;272.76;266.01;4.502599;3.9;;79.8;0.79957;256.68;244.97;5.0275;4.0;;;;;;;;;;;;;;;;;;;;;;;;;;;;;
5;Centro-oeste;50;MS;Mato Grosso do Sul;5000708;Anastácio;783841.0;32505.64;964114.854;39993.15;609913.447;24073.0;141824.745;87227.152;166075.174;167535.076;562662.147;47251.3;Administração, defesa, educação e saúde públicas e seguridade social;Demais serviços;Pecuária, inclusive apoio à pecuária;7;True;92.2;0.921807;237.91;246.9;4.746833;4.4;;92.3;0.923627;237.91;246.9;4.746833;4.4;;88.7;0.89141;192.43;186.45;5.026381;4.5;;87.8;0.88112;192.57;183.45;4.974507;4.4;;84.6;0.860963;255.88;262.03;4.205939;3.6;;84.6;0.860963;255.88;262.03;4.205939;3.6;;;;;;;;;82.1;0.788275;192.75;179.72;4.910124;3.9;;;;;;;;;;;;;;;;;;;;;;
5;Centro-oeste;50;MS;Mato Grosso do Sul;5000807;Anaurilândia;623710.209;81498.79;438852.733;57343.88;410374.498;45016.95;204618.225;21679.656;80933.44;73747.496;380978.818;29395.68;Agricultura, inclusive apoio à agricultura e a pós colheita;Pecuária, inclusive apoio à pecuária;Administração, defesa, educação e saúde públicas e seguridade social;6;True;92.1;0.921835;258.37;251.47;5.164;4.8;;92.1;0.921835;258.37;251.47;5.164;4.8;;94.1;0.944886;230.69;216.82;6.308715;6.0;;94.1;0.944886;230.69;216.82;6.308715;6.0;;77.2;0.851032;261.1;261.81;4.27596;3.6;;77.2;0.851032;261.1;261.81;4.27596;3.6;;;;;;;;;;;;;;;;;;;;;;;;;;;;;;;;;;;;
5;Centro-oeste;50;MS;Mato Grosso do Sul;5000856;Angélica;1243471.217;115898.15;1013830.394;94494.4;883913.46;79768.38;444215.932;147320.973;150568.042;84082.117;826187.064;57726.396;Agricultura, inclusive apoio à agricultura e a pós colheita;Demais serviços;Indústrias de transformação;6;True;97.4;0.973298;262.35;269.13;5.524667;5.4;;97.4;0.973298;262.35;269.13;5.524667;5.4;;95.9;0.963019;241.0;229.78;6.741108;6.5;;96.1;0.963019;241.0;229.78;6.741108;6.5;;91.9;0.933082;250.05;256.04;4.034387;3.8;;91.9;0.933082;250.05;256.04;4.034387;3.8;;;;;;;;;;;;;;;;;;;;;;;;;;;;;;;;;;;;
5;Centro-oeste;50;MS;Mato Grosso do Sul;5000906;Antônio João;851780.994;91559.82;917074.913;98578.41;866590.014;95418.41;247294.367;17466.088;364115.302;67176.629;696052.385;170537.629;Comércio e reparação de veículos automotores e motocicletas;Agricultura, inclusive apoio à agricultura e a pós colheita;Demais serviços;6;True;95.7;0.957033;235.62;244.3;4.665333;4.5;;95.7;0.957033;235.62;244.3;4.665333;4.5;;99.0;0.990713;210.59;195.86;5.544037;5.5;;99.0;0.990713;210.59;195.86;5.544037;5.5;;88.6;0.890754;258.98;264.75;4.290197;3.8;;88.6;0.890754;258.98;264.75;4.290197;3.8;;;;;;;;;;;;;;;;;;;;;;;;;;;;;;;;;;;;
5;Centro-oeste;50;MS;Mato Grosso do Sul;5001003;Aparecida do Taboado;2189221.716;79107.53;2245279.187;81133.16;1660199.249;62919.7;278535.172;748573.755;315031.136;175058.242;1517198.304;143000.946;Indústrias de transformação;Demais serviços;Administração, defesa, educação e saúde públicas e seguridade social;6;True;91.7;0.917073;248.5;249.92;4.973667;4.6;;91.7;0.917073;248.5;249.92;4.973667;4.6;;92.4;0.924234;217.56;206.82;5.876325;5.4;;92.4;0.924234;217.56;206.82;5.876325;5.4;;80.3;0.806774;259.71;261.75;4.25554;3.4;;80.3;0.806774;259.71;261.75;4.25554;3.4;;;;;;;;;;;;;;;;;;;;;;;;;;;;;;;;;;;;
5;Centro-oeste;50;MS;Mato Grosso do Sul;5001102;Aquidauana;1437450.67;30712.79;1341941.172;28672.12;1116844.16;23178.73;226683.112;92770.038;387659.097;317298.603;1024410.85;92433.31;Administração, defesa, educação e saúde públicas e seguridade social;Demais serviços;Pecuária, inclusive apoio à pecuária;8;True;90.1;0.901141;246.37;251.1;4.957833;4.5;;90.4;0.904191;245.86;250.59;4.940833;4.5;;93.4;0.934019;192.09;189.97;5.083892;4.7;;93.1;0.930689;194.92;192.46;5.183173;4.8;;87.6;0.868898;267.16;269.78;4.480384;3.9;;85.7;0.868898;267.16;269.78;4.480384;3.9;;90.8;0.910544;242.15;246.85;4.816667;4.4;;85.7;0.857;199.96;196.9;5.360083;4.6;;;;;;;;;;;;;;;;;;;;;;
5;Centro-oeste;50;MS;Mato Grosso do Sul;5001243;Aral Moreira;1348751.703;125488.62;1184828.063;110237.07;1255600.93;100359.76;577099.317;45028.255;362335.734;97296.959;1081760.265;173840.665;Agricultura, inclusive apoio à agricultura e a pós colheita;Comércio e reparação de veículos automotores e motocicletas;Demais serviços;6;True;95.7;0.95642;239.28;244.44;4.728667;4.5;;95.8;0.956935;239.28;244.44;4.728667;4.5;;100.0;1.0;216.16;201.76;5.757607;5.8;;100.0;1.0;216.16;201.76;5.757607;5.8;;86.2;0.867015;252.2;253.46;4.02596;3.5;;86.2;0.867015;252.2;253.46;4.02596;3.5;;;;;;;;;;;;;;;;;;;;;;;;;;;;;;;;;;;;
5;Centro-oeste;50;MS;Mato Grosso do Sul;5001508;Bandeirantes;1001346.231;126114.13;1076854.73;135624.02;780113.614;107143.75;497302.754;28141.709;124784.502;68046.431;718275.396;61838.218;Agricultura, inclusive apoio à agricultura e a pós colheita;Demais serviços;Administração, defesa, educação e saúde públicas e seguridade social;2;True;;;;;;;;;;;;;;;92.2;0.925868;202.53;190.77;5.297675;4.9;;92.2;0.925868;202.53;190.77;5.297675;4.9;;;;;;;;;;;;;;;;;;;;;;;;;;;;;;;;;;;;;;;;;;;;;;;;;;
5;Centro-oeste;50;MS;Mato Grosso do Sul;5001904;Bataguassu;1841917.456;79975.57;1403351.852;60933.17;1055097.238;44669.65;85011.401;350539.299;322248.716;169531.672;927331.088;127766.15;Indústrias de transformação;Demais serviços;Administração, defesa, educação e saúde públicas e seguridade social;7;True;98.3;0.982918;256.12;265.4;5.358667;5.3;;98.2;0.981406;256.12;265.4;5.358667;5.3;;93.9;0.941247;230.67;226.11;6.477243;6.1;;94.9;0.948967;221.81;212.69;6.064159;5.8;;98.5;0.985316;263.03;277.33;4.535403;4.5;;98.5;0.985316;263.03;277.33;4.535403;4.5;;;;;;;;;99.6;0.997992;216.98;205.38;5.839074;5.8;;;;;;;;;;;;;;;;;;;;;;
5;Centro-oeste;50;MS;Mato Grosso do Sul;5002001;Batayporã;784829.39;73266.37;637225.074;59487.03;603790.351;53113.16;250906.332;146448.487;88015.588;84481.563;569851.97;33938.38;Agricultura, inclusive apoio à agricultura e a pós colheita;Indústrias de transformação;Administração, defesa, educação e saúde públicas e seguridade social;5;True;99.8;0.998493;260.06;259.25;5.321833;5.3;;99.8;0.998493;260.06;259.25;5.321833;5.3;;89.2;0.897051;213.01;213.24;5.90622;5.3;;89.6;0.89956;214.7;213.16;5.937017;5.3;;;;;;;;;;;;;;;;;;;;;;;100.0;1.0;219.56;212.92;6.025402;6.0;;;;;;;;;;;;;;;;;;;;;;
5;Centro-oeste;50;MS;Mato Grosso do Sul;5002100;Bela Vista;1176300.428;54425.6;1098990.963;50848.61;931638.335;37502.55;314006.974;156573.446;211913.134;179182.657;861676.211;69962.124;Agricultura, inclusive apoio à agricultura e a pós colheita;Administração, defesa, educação e saúde públicas e seguridade social;Demais serviços;6;True;96.6;0.965925;243.05;244.24;4.788167;4.6;;96.2;0.962897;243.05;244.24;4.788167;4.6;;97.7;0.975187;181.47;177.41;4.652857;4.5;;97.7;0.975187;181.47;177.41;4.652857;4.5;;97.0;0.975541;259.92;260.75;4.243519;4.1;;97.0;0.975541;259.92;260.75;4.243519;4.1;;;;;;;;;;;;;;;;;;;;;;;;;;;;;;;;;;;;
5;Centro-oeste;50;MS;Mato Grosso do Sul;5002159;Bodoquena;386420.183;45105.66;511355.209;59688.95;332560.558;42625.04;81004.818;91751.233;61203.15;67657.99;301617.191;30943.368;Administração, defesa, educação e saúde públicas e seguridade social;Demais serviços;Pecuária, inclusive apoio à pecuária;4;True;91.4;0.90227;231.73;237.97;4.495;4.1;;93.0;0.92818;231.73;237.97;4.495;4.2;;82.6;0.823828;185.9;179.49;4.775217;3.9;;82.6;0.823828;185.9;179.49;4.775217;3.9;;;;;;;;;;;;;;;;;;;;;;;;;;;;;;;;;;;;;;;;;;;;;;;;;;
5;Centro-oeste;50;MS;Mato Grosso do Sul;5002209;Bonito;1586576.757;67060.18;1312946.331;55494.58;1130066.674;50447.15;392625.95;74435.79;383924.412;161882.348;1012868.501;117198.173;Agricultura, inclusive apoio à agricultura e a pós colheita;Demais serviços;Administração, defesa, educação e saúde públicas e seguridade social;6;True;86.4;0.862277;242.27;249.27;4.859;4.2;;86.9;0.868695;242.27;249.27;4.859;4.2;;91.7;0.916758;208.25;203.74;5.642653;5.2;;91.7;0.916758;208.25;203.74;5.642653;5.2;;80.9;0.817469;256.33;260.86;4.194744;3.4;;80.9;0.817469;256.33;260.86;4.194744;3.4;;;;;;;;;;;;;;;;;;;;;;;;;;;;;;;;;;;;
5;Centro-oeste;50;MS;Mato Grosso do Sul;5002308;Brasilândia;1159416.526;100130.97;1056554.953;91247.51;833888.844;70459.56;585628.922;23561.212;89139.361;95093.62;793423.114;40465.73;Produção florestal, pesca e aquicultura;Pecuária, inclusive apoio à pecuária;Administração, defesa, educação e saúde públicas e seguridade social;5;True;;;;;;;;91.4;0.914421;241.59;238.78;4.672833;4.3;;95.3;0.952835;203.51;200.84;5.499468;5.2;;95.5;0.954899;205.33;202.29;5.560564;5.3;;;;;;;;;;;;;;;;87.2;0.872777;238.05;235.11;4.552667;4.0;;98.5;0.983589;214.11;209.25;5.854667;5.8;;;;;;;;;;;;;;;;;;;;;;
5;Centro-oeste;50;MS;Mato Grosso do Sul;5002407;Caarapó;2553085.299;83401.45;2000419.57;65347.56;1967107.904;63444.86;724826.563;254079.52;531619.52;226835.497;1737361.099;229746.805;Agricultura, inclusive apoio à agricultura e a pós colheita;Demais serviços;Administração, defesa, educação e saúde públicas e seguridade social;8;True;91.7;0.916947;250.29;255.31;5.093333;4.7;;82.7;0.82938;254.46;255.26;5.162;4.3;;88.0;0.873621;215.35;209.28;5.878876;5.1;;89.1;0.89104;224.28;215.85;6.168751;5.5;;82.9;0.801612;265.59;263.35;4.362076;3.5;;82.9;0.801612;265.59;263.35;4.362076;3.5;;72.1;0.725616;259.98;255.2;5.253;3.8;;95.9;0.96299;249.39;234.29;6.983222;6.7;;;;;;;;;;;;;;;;;;;;;;
5;Centro-oeste;50;MS;Mato Grosso do Sul;5002605;Camapuã;872276.48;64218.25;774336.426;57007.76;607829.764;44448.25;293525.702;26167.139;141525.894;99839.781;561058.516;46771.248;Agricultura, inclusive apoio à agricultura e a pós colheita;Pecuária, inclusive apoio à pecuária;Demais serviços;6;True;98.5;0.982876;234.91;237.35;4.537667;4.5;;98.0;0.979527;234.91;237.35;4.537667;4.4;;95.2;0.955571;199.33;189.58;5.214969;5.0;;95.7;0.960247;199.33;189.58;5.214969;5.0;;87.9;0.883305;250.41;246.05;3.889892;3.4;;87.9;0.883305;250.41;246.05;3.889892;3.4;;;;;;;;;;;;;;;;;;;;;;;;;;;;;;;;;;;;
5;Centro-oeste;50;MS;Mato Grosso do Sul;5002704;Campo Grande;42269767.537;47065.77;40478598.373;45079.5;35187898.694;38414.69;817071.883;4733466.725;17725190.503;6698409.673;29974138.783;5213759.911;Demais serviços;Administração, defesa, educação e saúde públicas e seguridade social;Comércio e reparação de veículos automotores e motocicletas;11;True;94.7;0.948414;246.0;250.78;4.946333;4.7;;94.0;0.940419;248.88;254.25;5.052167;4.8;;94.2;0.942165;209.64;203.04;5.656452;5.3;;94.2;0.941757;209.45;202.83;5.649008;5.3;;85.5;0.823997;265.42;270.42;4.465527;3.7;;86.1;0.827911;270.73;274.11;4.595345;3.8;;93.6;0.938794;249.23;255.84;5.0845;4.8;;89.0;0.894467;181.13;170.62;4.522914;4.0;;96.3;0.96425;348.81;329.5;6.521166;6.3;;97.3;0.975201;335.54;313.16;7.478333;7.3;;87.3;0.885331;265.5;252.81;4.203028;3.7;
5;Centro-oeste;50;MS;Mato Grosso do Sul;5002803;Caracol;251147.647;49870.46;218739.98;43435.26;174648.938;27957.25;94655.611;5205.604;19608.178;47534.106;167003.498;7645.44;Pecuária, inclusive apoio à pecuária;Administração, defesa, educação e saúde públicas e seguridade social;Agricultura, inclusive apoio à agricultura e a pós colheita;7;True;87.2;0.866774;245.95;258.34;5.0715;4.4;;88.7;0.883469;244.23;248.73;4.882667;4.3;;93.6;0.936122;204.29;198.68;5.47508;5.1;;93.6;0.936122;204.29;198.68;5.47508;5.1;;95.3;0.957152;264.27;271.61;4.467189;4.3;;95.3;0.957152;264.27;271.61;4.467189;4.3;;89.1;0.887751;243.71;245.79;4.825;4.3;;;;;;;;;;;;;;;;;;;;;;;;;;;;;
5;Centro-oeste;50;MS;Mato Grosso do Sul;5002902;Cassilândia;1059973.419;50503.78;1000068.23;47649.52;712341.401;32286.7;163062.041;99013.656;236091.676;147713.421;645880.795;66460.606;Demais serviços;Administração, defesa, educação e saúde públicas e seguridade social;Pecuária, inclusive apoio à pecuária;7;True;93.6;0.93112;240.22;245.05;4.7545;4.4;;95.8;0.957278;243.71;246.24;4.8325;4.6;;97.9;0.979452;211.79;201.41;5.667847;5.6;;97.9;0.979452;211.79;201.41;5.667847;5.6;;86.1;0.856543;264.85;267.89;4.419647;3.8;;86.1;0.856543;264.85;267.89;4.419647;3.8;;97.2;0.972152;246.72;247.28;4.9;4.8;;;;;;;;;;;;;;;;;;;;;;;;;;;;;
5;Centro-oeste;50;MS;Mato Grosso do Sul;5002951;Chapadão do Sul;3329527.327;107428.37;3540874.441;114247.55;2655074.589;100195.27;928310.313;162235.026;975755.023;227969.024;2294269.387;360805.203;Agricultura, inclusive apoio à agricultura e a pós colheita;Demais serviços;Comércio e reparação de veículos automotores e motocicletas;8;True;91.4;0.903005;260.88;260.0;5.348;4.8;;94.9;0.950148;255.75;257.4;5.219167;5.0;;97.2;0.973521;222.16;213.69;6.08902;5.9;;97.3;0.973521;222.28;213.5;6.087856;5.9;;86.1;0.881457;269.93;282.28;4.706414;4.1;;86.1;0.881457;269.93;282.28;4.706414;4.1;;95.5;0.955668;254.66;256.84;5.191667;5.0;;100.0;1.0;225.03;209.23;6.0627;6.1;;;;;;;;;;;;;;;;;;;;;;
5;Centro-oeste;50;MS;Mato Grosso do Sul;5003108;Corguinho;172551.44;36075.99;139569.867;29180.4;144629.98;23486.52;62694.266;6668.839;22117.644;46540.295;138021.043;6608.937;Pecuária, inclusive apoio à pecuária;Administração, defesa, educação e saúde públicas e seguridade social;Demais serviços;4;True;95.3;0.950797;257.44;253.89;5.188833;4.9;;89.7;0.901369;257.44;253.89;5.188833;4.7;;92.8;0.927836;205.89;204.49;5.611251;5.2;;92.8;0.927836;205.89;204.49;5.611251;5.2;;;;;;;;;;;;;;;;;;;;;;;;;;;;;;;;;;;;;;;;;;;;;;;;;;
5;Centro-oeste;50;MS;Mato Grosso do Sul;5003157;Coronel Sapucaia;388241.057;27170.62;361038.694;25495.28;336177.673;21760.48;141260.219;16887.807;55493.518;104975.787;318617.331;17560.342;Agricultura, inclusive apoio à agricultura e a pós colheita;Administração, defesa, educação e saúde públicas e seguridade social;Demais serviços;6;True;95.8;0.956647;235.93;238.43;4.572667;4.4;;92.6;0.927092;235.93;238.43;4.572667;4.2;;90.1;0.897411;200.23;186.97;5.18469;4.7;;90.1;0.897411;200.23;186.97;5.18469;4.7;;87.9;0.881515;259.39;254.95;4.149249;3.7;;87.9;0.881515;259.39;254.95;4.149249;3.7;;;;;;;;;;;;;;;;;;;;;;;;;;;;;;;;;;;;
5;Centro-oeste;50;MS;Mato Grosso do Sul;5003207;Corumbá;4187429.397;43497.63;3858946.613;40085.46;3847164.808;34145.73;552127.318;925417.629;1154617.289;916154.136;3548316.372;298848.437;Demais serviços;Administração, defesa, educação e saúde públicas e seguridade social;Indústrias extrativas;7;True;93.6;0.935125;229.73;238.91;4.477333;4.2;;91.3;0.912451;230.74;240.25;4.5165;4.1;;92.4;0.921446;192.88;187.5;5.05406;4.7;;92.4;0.921866;192.88;187.5;5.05406;4.7;;86.0;0.865687;258.06;261.98;4.235809;3.7;;87.6;0.878728;261.3;268.21;4.374578;3.8;;89.3;0.905734;248.13;263.51;5.194;4.7;;;;;;;;;;;;;;;;;;;;;;;;;;;;;
5;Centro-oeste;50;MS;Mato Grosso do Sul;5003256;Costa Rica;3341491.28;128336.26;3569032.38;137075.41;2556158.567;119134.91;1105811.959;714565.357;408075.554;173558.438;2402011.309;154147.258;Agricultura, inclusive apoio à agricultura e a pós colheita;Indústrias de transformação;Demais serviços;7;True;96.6;0.966391;259.24;261.74;5.349667;5.2;;96.1;0.961166;259.14;255.04;5.236333;5.0;;96.5;0.964781;228.69;211.54;6.174548;6.0;;96.5;0.964781;228.69;211.54;6.174548;6.0;;96.4;0.968218;257.01;263.28;4.240523;4.1;;96.4;0.968218;257.01;263.28;4.240523;4.1;;95.8;0.961225;259.05;249.49;5.142333;4.9;;;;;;;;;;;;;;;;;;;;;;;;;;;;;
5;Centro-oeste;50;MS;Mato Grosso do Sul;5003306;Coxim;1400833.097;43570.44;1273342.003;39605.05;1225785.16;36539.34;231015.351;88164.586;519894.264;239507.701;1078581.902;147203.258;Demais serviços;Administração, defesa, educação e saúde públicas e seguridade social;Comércio e reparação de veículos automotores e motocicletas;8;True;96.5;0.965157;249.08;254.66;5.062333;4.9;;96.3;0.963125;250.3;256.02;5.105333;4.9;;83.9;0.837385;202.59;198.4;5.437547;4.6;;85.3;0.851512;207.42;201.6;5.587904;4.8;;92.5;0.925963;259.19;262.88;4.265153;3.9;;94.3;0.925963;259.19;262.88;4.265153;3.9;;93.8;0.932331;269.46;277.39;5.780833;5.4;;97.6;0.976;210.8;203.84;5.693135;5.6;;;;;;;;;;;;;;;;;;;;;;
5;Centro-oeste;50;MS;Mato Grosso do Sul;5003454;Deodápolis;712633.366;52157.9;576103.418;42165.22;461295.44;35367.28;166400.261;46584.104;117437.094;92702.945;423124.404;38171.036;Agricultura, inclusive apoio à agricultura e a pós colheita;Administração, defesa, educação e saúde públicas e seguridade social;Demais serviços;6;True;91.1;0.909604;247.73;253.2;5.0155;4.6;;91.1;0.909604;247.73;253.2;5.0155;4.6;;99.7;0.997188;206.9;196.43;5.483981;5.5;;99.3;0.993176;206.9;196.43;5.483981;5.4;;85.0;0.857857;262.97;266.53;4.372883;3.8;;85.0;0.857857;262.97;266.53;4.372883;3.8;;;;;;;;;;;;;;;;;;;;;;;;;;;;;;;;;;;;
5;Centro-oeste;50;MS;Mato Grosso do Sul;5003488;Dois Irmãos do Buriti;456776.952;41151.08;375901.316;33864.98;310922.579;26926.7;131333.335;19289.781;54668.526;88683.453;293975.096;16947.483;Administração, defesa, educação e saúde públicas e seguridade social;Agricultura, inclusive apoio à agricultura e a pós colheita;Pecuária, inclusive apoio à pecuária;7;True;95.6;0.960106;227.14;245.24;4.539667;4.4;;86.5;0.865511;243.18;251.86;4.917333;4.3;;93.3;0.932208;185.1;180.74;4.782677;4.5;;93.3;0.932208;185.1;180.74;4.782677;4.5;;89.4;0.90509;248.18;245.97;3.857374;3.5;;89.4;0.90509;248.18;245.97;3.857374;3.5;;84.7;0.847027;249.83;254.6;5.073833;4.3;;;;;;;;;;;;;;;;;;;;;;;;;;;;;
5;Centro-oeste;50;MS;Mato Grosso do Sul;5003504;Douradina;259999.126;46611.53;221683.753;39742.52;214591.531;35616.85;80040.925;8179.142;60136.164;46442.732;194798.964;19792.567;Agricultura, inclusive apoio à agricultura e a pós colheita;Administração, defesa, educação e saúde públicas e seguridade social;Demais serviços;4;True;91.2;0.912872;239.64;235.75;4.589833;4.2;;91.0;0.910178;239.64;235.75;4.589833;4.2;;97.1;0.971801;190.01;186.75;4.985652;4.8;;97.1;0.971801;190.01;186.75;4.985652;4.8;;;;;;;;;;;;;;;;;;;;;;;;;;;;;;;;;;;;;;;;;;;;;;;;;;
5;Centro-oeste;50;MS;Mato Grosso do Sul;5003702;Dourados;20257953.123;83240.35;17441797.712;71668.41;12300148.81;53950.39;1094472.707;1908025.957;5904077.334;1672707.792;10579283.791;1720865.019;Demais serviços;Comércio e reparação de veículos automotores e motocicletas;Administração, defesa, educação e saúde públicas e seguridade social;8;True;91.3;0.912925;246.56;250.63;4.953167;4.5;;85.3;0.855279;247.73;252.35;5.001333;4.3;;86.9;0.868334;212.69;206.01;5.768659;5.0;;87.1;0.869495;212.49;205.61;5.757569;5.0;;84.1;0.792058;268.76;274.47;4.573066;3.6;;84.8;0.795853;272.03;276.9;4.65537;3.7;;76.3;0.775435;253.89;261.39;5.254667;4.1;;93.1;0.916854;208.03;196.82;5.512636;5.1;;;;;;;;;;;;;;;;;;;;;;
5;Centro-oeste;50;MS;Mato Grosso do Sul;5003751;Eldorado;704591.974;61882.31;558799.59;49077.78;524690.873;42154.0;176773.794;67916.574;132450.788;93128.49;470269.647;54421.226;Agricultura, inclusive apoio à agricultura e a pós colheita;Administração, defesa, educação e saúde públicas e seguridade social;Demais serviços;4;True;94.3;0.943345;252.96;241.37;4.9055;4.6;;87.3;0.8741;247.37;239.54;4.781833;4.2;;89.7;0.893251;204.44;195.66;5.423034;4.8;;89.9;0.896149;204.44;195.66;5.423034;4.9;;;;;;;;;;;;;;;;;;;;;;;;;;;;;;;;;;;;;;;;;;;;;;;;;;
5;Centro-oeste;50;MS;Mato Grosso do Sul;5003801;Fátima do Sul;769333.268;37329.97;730287.387;35435.36;699103.137;36502.88;91261.742;219465.219;202184.581;130667.303;643578.845;55524.292;Indústrias de transformação;Demais serviços;Administração, defesa, educação e saúde públicas e seguridade social;6;True;94.8;0.947892;260.64;259.97;5.3435;5.1;;94.8;0.947892;260.64;259.97;5.3435;5.1;;94.2;0.944857;224.88;214.37;6.153292;5.8;;94.2;0.944857;224.88;214.37;6.153292;5.8;;91.1;0.920688;264.91;272.34;4.487106;4.1;;91.1;0.920688;264.91;272.34;4.487106;4.1;;;;;;;;;;;;;;;;;;;;;;;;;;;;;;;;;;;;
5;Centro-oeste;50;MS;Mato Grosso do Sul;5003900;Figueirão;186834.917;52793.14;161689.779;45687.98;142133.312;46357.9;79301.457;4324.173;18367.146;31838.788;133831.564;8301.747;Pecuária, inclusive apoio à pecuária;Administração, defesa, educação e saúde públicas e seguridade social;Demais serviços;6;True;99.3;0.993371;262.1;250.75;5.214167;5.2;;99.3;0.993371;262.1;250.75;5.214167;5.2;;98.8;0.989366;212.84;199.07;5.645339;5.6;;98.8;0.989366;212.84;199.07;5.645339;5.6;;97.7;1.0;277.97;277.08;4.741491;4.7;;97.7;1.0;277.97;277.08;4.741491;4.7;;;;;;;;;;;;;;;;;;;;;;;;;;;;;;;;;;;;
5;Centro-oeste;50;MS;Mato Grosso do Sul;5004007;Glória de Dourados;449930.239;43080.26;332846.667;31869.65;280100.74;28196.17;111024.415;12519.083;71549.508;66578.251;261671.256;18429.484;Agricultura, inclusive apoio à agricultura e a pós colheita;Administração, defesa, educação e saúde públicas e seguridade social;Demais serviços;4;True;96.3;0.962973;257.92;262.42;5.339;5.1;;96.3;0.962973;257.92;262.42;5.339;5.1;;98.3;0.98463;219.15;219.17;6.131214;6.0;;98.3;0.984615;219.15;219.17;6.131214;6.0;;;;;;;;;;;;;;;;;;;;;;;;;;;;;;;;;;;;;;;;;;;;;;;;;;
5;Centro-oeste;50;MS;Mato Grosso do Sul;5004106;Guia Lopes da Laguna;477599.794;48048.27;360935.884;36315.11;350227.616;35906.05;143262.328;35945.14;77687.321;68576.698;325471.488;24756.128;Agricultura, inclusive apoio à agricultura e a pós colheita;Administração, defesa, educação e saúde públicas e seguridade social;Demais serviços;6;True;96.6;0.965414;230.87;240.05;4.515333;4.4;;96.6;0.965414;230.87;240.05;4.515333;4.4;;91.4;0.913481;213.45;198.49;5.646435;5.2;;91.4;0.913481;213.45;198.49;5.646435;5.2;;96.3;0.962308;273.64;281.73;4.750288;4.6;;96.3;0.962308;273.64;281.73;4.750288;4.6;;;;;;;;;;;;;;;;;;;;;;;;;;;;;;;;;;;;
5;Centro-oeste;50;MS;Mato Grosso do Sul;5004304;Iguatemi;962593.231;69712.72;756245.664;54816.3;788190.55;48435.48;392060.998;72902.069;145741.77;114847.697;725552.534;62638.016;Agricultura, inclusive apoio à agricultura e a pós colheita;Administração, defesa, educação e saúde públicas e seguridade social;Demais serviços;5;True;93.3;0.932364;242.68;239.68;4.706;4.4;;93.0;0.929239;242.68;239.68;4.706;4.4;;89.4;0.893965;213.82;207.0;5.808223;5.2;;88.8;0.887054;212.34;203.52;5.716706;5.1;;;;;;;;;;;;;;;;;;;;;;;80.9;0.737672;207.14;191.34;5.396015;4.0;;;;;;;;;;;;;;;;;;;;;;
5;Centro-oeste;50;MS;Mato Grosso do Sul;5004403;Inocência;946306.681;112601.94;474388.131;56447.9;406133.073;53678.7;195213.52;30824.604;77735.122;74062.684;377835.93;28297.142;Pecuária, inclusive apoio à pecuária;Administração, defesa, educação e saúde públicas e seguridade social;Demais serviços;6;True;97.8;0.977427;241.61;247.18;4.813167;4.7;;97.0;0.969202;241.61;247.18;4.813167;4.7;;98.3;0.982884;227.1;210.61;6.127295;6.0;;98.3;0.983291;227.1;210.61;6.127295;6.0;;90.7;0.903303;256.0;256.15;4.119601;3.7;;90.7;0.903303;256.0;256.15;4.119601;3.7;;;;;;;;;;;;;;;;;;;;;;;;;;;;;;;;;;;;
5;Centro-oeste;50;MS;Mato Grosso do Sul;5004502;Itaporã;1525654.29;63208.12;1340705.789;55545.67;1124125.325;44121.41;406842.874;65377.632;336943.189;167141.374;976305.07;147820.255;Agricultura, inclusive apoio à agricultura e a pós colheita;Demais serviços;Administração, defesa, educação e saúde públicas e seguridade social;6;True;95.3;0.951516;248.2;255.1;5.055;4.8;;95.3;0.951516;248.2;255.1;5.055;4.8;;90.4;0.901948;217.99;210.2;5.945985;5.4;;91.6;0.914084;217.99;210.2;5.945985;5.4;;87.9;0.904093;270.54;273.96;4.590431;4.2;;87.9;0.904093;270.54;273.96;4.590431;4.2;;;;;;;;;;;;;;;;;;;;;;;;;;;;;;;;;;;;
5;Centro-oeste;50;MS;Mato Grosso do Sul;5004601;Itaquiraí;1546552.505;79624.8;1232965.605;63447.0;1258878.268;58270.61;515008.822;261026.993;234747.137;144114.387;1154897.339;103980.929;Agricultura, inclusive apoio à agricultura e a pós colheita;Indústrias de transformação;Demais serviços;6;True;86.3;0.864264;255.94;252.96;5.148333;4.4;;86.7;0.867141;255.94;252.96;5.148333;4.5;;88.5;0.888248;199.8;192.61;5.27903;4.7;;88.5;0.888248;199.8;192.61;5.27903;4.7;;80.0;0.811078;262.13;272.88;4.456145;3.6;;80.0;0.811078;262.13;272.88;4.456145;3.6;;;;;;;;;;;;;;;;;;;;;;;;;;;;;;;;;;;;
5;Centro-oeste;50;MS;Mato Grosso do Sul;5004700;Ivinhema;2005468.709;72084.71;1561568.932;56129.14;1461628.382;62792.82;649497.55;168303.135;358756.086;166244.199;1342800.97;118827.413;Agricultura, inclusive apoio à agricultura e a pós colheita;Demais serviços;Administração, defesa, educação e saúde públicas e seguridade social;6;True;92.8;0.928434;260.52;263.1;5.393667;5.0;;92.8;0.928434;260.52;263.1;5.393667;5.0;;91.4;0.920212;228.43;225.02;6.414677;5.9;;91.5;0.92003;228.43;225.02;6.414677;5.9;;90.2;0.942226;283.32;287.55;4.973368;4.7;;90.2;0.942226;283.32;287.55;4.973368;4.7;;;;;;;;;;;;;;;;;;;;;;;;;;;;;;;;;;;;
5;Centro-oeste;50;MS;Mato Grosso do Sul;5004809;Japorã;242175.215;29722.04;191238.094;23470.56;165050.279;17611.0;66158.711;5538.651;19037.564;68206.099;158941.025;6109.254;Administração, defesa, educação e saúde públicas e seguridade social;Agricultura, inclusive apoio à agricultura e a pós colheita;Demais serviços;6;True;96.6;0.964435;261.96;262.89;5.414167;5.2;;79.7;0.797451;261.96;262.89;5.414167;4.3;;;;;;;;;90.3;0.904552;210.7;193.74;5.507591;5.0;;73.4;0.73155;245.72;233.63;3.638093;2.7;;73.4;0.73155;245.72;233.63;3.638093;2.7;;;;;;;;;97.5;0.973812;210.7;193.74;5.507591;5.4;;;;;;;;;;;;;;;;;;;;;;
5;Centro-oeste;50;MS;Mato Grosso do Sul;5004908;Jaraguari;717700.528;100532.36;777135.599;108857.77;370993.645;50530.32;228391.237;15671.721;47871.836;54183.569;346118.362;24875.283;Agricultura, inclusive apoio à agricultura e a pós colheita;Administração, defesa, educação e saúde públicas e seguridade social;Pecuária, inclusive apoio à pecuária;4;True;;;;;;;;;;;;;;;94.1;0.946635;185.99;192.33;5.010389;4.7;;94.1;0.946635;185.99;192.33;5.010389;4.7;;94.2;0.944537;256.83;260.6;4.197875;4.0;;94.2;0.944537;256.83;260.6;4.197875;4.0;;;;;;;;;;;;;;;;;;;;;;;;;;;;;;;;;;;;
5;Centro-oeste;50;MS;Mato Grosso do Sul;5005004;Jardim;1130237.391;47130.54;1067856.508;44529.27;930097.641;35264.37;144955.598;62973.098;400948.05;189002.215;797878.962;132218.679;Demais serviços;Administração, defesa, educação e saúde públicas e seguridade social;Comércio e reparação de veículos automotores e motocicletas;5;True;98.4;0.984271;243.98;252.89;4.947833;4.9;;98.2;0.980526;243.9;253.09;4.949833;4.9;;92.9;0.932817;201.11;194.76;5.343121;5.0;;92.9;0.932817;201.11;194.76;5.343121;5.0;;88.0;0.917844;252.72;261.96;4.160509;3.8;;;;;;;;;;;;;;;;;;;;;;;;;;;;;;;;;;;;;;;;;;;
5;Centro-oeste;50;MS;Mato Grosso do Sul;5005103;Jateí;729978.052;203563.32;389893.254;108726.51;474839.715;118266.43;338629.566;22474.108;43378.582;46600.678;451082.934;23756.781;Agricultura, inclusive apoio à agricultura e a pós colheita;Administração, defesa, educação e saúde públicas e seguridade social;Pecuária, inclusive apoio à pecuária;6;True;92.5;0.924964;235.3;233.06;4.472667;4.1;;92.9;0.929976;235.3;233.06;4.472667;4.2;;;;;;;;;97.7;0.976771;196.73;182.23;5.031715;4.9;;87.6;0.89228;271.03;264.49;4.455546;4.0;;87.6;0.89228;271.03;264.49;4.455546;4.0;;;;;;;;;99.2;0.991082;196.73;182.23;5.031715;5.0;;;;;;;;;;;;;;;;;;;;;;
5;Centro-oeste;50;MS;Mato Grosso do Sul;5005152;Juti;517929.686;76969.79;388258.332;57699.26;483742.575;70506.13;300467.439;43654.685;60775.967;51745.458;456643.549;27099.026;Agricultura, inclusive apoio à agricultura e a pós colheita;Demais serviços;Administração, defesa, educação e saúde públicas e seguridade social;2;True;;;;;;;;;;;;;;;85.5;0.852463;203.03;200.19;5.478489;4.7;;85.5;0.852463;203.03;200.19;5.478489;4.7;;;;;;;;;;;;;;;;;;;;;;;;;;;;;;;;;;;;;;;;;;;;;;;;;;
5;Centro-oeste;50;MS;Mato Grosso do Sul;5005202;Ladário;420685.263;19546.76;385976.003;17934.02;371027.873;15433.77;10072.938;20632.927;146436.076;161627.969;338769.91;32257.963;Administração, defesa, educação e saúde públicas e seguridade social;Demais serviços;Comércio e reparação de veículos automotores e motocicletas;7;True;93.1;0.930419;235.44;244.45;4.664833;4.3;;91.5;0.915774;230.53;237.6;4.468833;4.1;;97.3;0.971628;190.56;183.27;4.932876;4.8;;97.3;0.971628;190.56;183.27;4.932876;4.8;;82.1;0.84082;258.02;262.1;4.237043;3.6;;82.1;0.84082;258.02;262.1;4.237043;3.6;;90.7;0.912005;225.66;230.79;4.274167;3.9;;;;;;;;;;;;;;;;;;;;;;;;;;;;;
5;Centro-oeste;50;MS;Mato Grosso do Sul;5005251;Laguna Carapã;1257650.182;184975.76;895137.931;131657.29;1097291.727;146383.63;638470.226;33781.0;241899.502;65631.55;979782.278;117509.449;Agricultura, inclusive apoio à agricultura e a pós colheita;Demais serviços;Comércio e reparação de veículos automotores e motocicletas;4;True;;;;;;;;84.5;0.853132;232.44;235.39;4.463833;3.8;;88.4;0.887913;201.35;196.89;5.386428;4.8;;88.4;0.887913;201.35;196.89;5.386428;4.8;;;;;;;;;;;;;;;;81.0;0.825512;224.41;230.99;4.256667;3.5;;;;;;;;;;;;;;;;;;;;;;;;;;;;;
5;Centro-oeste;50;MS;Mato Grosso do Sul;5005400;Maracaju;5921262.311;131446.32;5775525.427;128211.1;4517627.497;92301.97;1611912.308;227800.96;1634690.593;341150.742;3815554.603;702072.894;Agricultura, inclusive apoio à agricultura e a pós colheita;Comércio e reparação de veículos automotores e motocicletas;Demais serviços;8;True;91.9;0.919778;244.43;247.2;4.8605;4.5;;89.2;0.892051;243.96;245.61;4.826167;4.3;;90.1;0.903141;218.86;210.88;5.974952;5.4;;90.1;0.9017;221.4;211.14;6.028153;5.4;;83.2;0.852225;258.24;260.86;4.22157;3.6;;83.2;0.852225;258.24;260.86;4.22157;3.6;;84.9;0.845555;242.83;241.78;4.7435;4.0;;88.9;0.889;237.75;212.85;6.371266;5.7;;;;;;;;;;;;;;;;;;;;;;
5;Centro-oeste;50;MS;Mato Grosso do Sul;5005608;Miranda;782434.815;30640.46;673147.281;26360.72;631601.903;22221.51;147166.361;49120.731;190504.454;198719.271;585510.817;46091.086;Administração, defesa, educação e saúde públicas e seguridade social;Demais serviços;Pecuária, inclusive apoio à pecuária;8;True;88.2;0.866198;243.09;246.59;4.828;4.2;;79.7;0.799288;237.73;243.08;4.680167;3.7;;82.5;0.824407;190.54;184.32;4.951585;4.1;;82.1;0.81974;188.87;183.4;4.902988;4.0;;85.4;0.858961;248.71;251.38;3.945806;3.4;;85.4;0.858961;248.71;251.38;3.945806;3.4;;76.5;0.771774;227.93;236.66;4.409833;3.4;;60.0;0.586915;172.73;174.56;4.434245;2.6;;;;;;;;;;;;;;;;;;;;;;
5;Centro-oeste;50;MS;Mato Grosso do Sul;5005681;Mundo Novo;1018195.256;53050.34;838514.365;43688.55;942239.257;50718.01;69122.958;129910.986;370574.695;132235.019;701843.659;240395.599;Demais serviços;Comércio e reparação de veículos automotores e motocicletas;Administração, defesa, educação e saúde públicas e seguridade social;7;True;90.4;0.904363;252.38;258.7;5.184667;4.7;;90.4;0.904363;252.38;258.7;5.184667;4.7;;89.6;0.893621;233.44;218.72;6.395742;5.7;;90.7;0.90729;216.34;205.14;5.822497;5.3;;84.6;0.864408;271.46;280.03;4.694221;4.1;;84.6;0.864408;271.46;280.03;4.694221;4.1;;;;;;;;;94.3;0.957358;198.33;190.84;5.218795;5.0;;;;;;;;;;;;;;;;;;;;;;
5;Centro-oeste;50;MS;Mato Grosso do Sul;5005707;Naviraí;3670206.619;72739.3;2882131.786;57120.55;2901634.701;51370.91;661576.027;638145.314;880331.026;418240.495;2598292.862;303341.84;Agricultura, inclusive apoio à agricultura e a pós colheita;Demais serviços;Indústrias de transformação;6;True;95.7;0.955276;262.3;260.41;5.3785;5.1;;93.6;0.937782;259.93;260.15;5.334667;5.0;;92.4;0.926474;223.99;213.57;6.121762;5.7;;92.6;0.927801;224.78;213.86;6.142111;5.7;;;;;;;;;;;;;;;;92.0;0.928167;255.93;259.72;5.260833;4.9;;99.0;0.99;228.88;215.37;6.24781;6.2;;;;;;;;;;;;;;;;;;;;;;
5;Centro-oeste;50;MS;Mato Grosso do Sul;5005806;Nioaque;618784.393;46806.69;541178.652;40936.36;447264.968;32424.6;150216.861;70852.59;93428.043;101978.106;416475.601;30789.367;Pecuária, inclusive apoio à pecuária;Administração, defesa, educação e saúde públicas e seguridade social;Demais serviços;6;True;93.6;0.940771;241.8;241.13;4.7155;4.4;;94.1;0.940116;241.8;241.13;4.7155;4.4;;92.9;0.926172;204.89;193.88;5.399258;5.0;;92.9;0.926172;204.89;193.88;5.399258;5.0;;88.6;0.899913;263.06;262.29;4.310674;3.9;;88.6;0.899913;263.06;262.29;4.310674;3.9;;;;;;;;;;;;;;;;;;;;;;;;;;;;;;;;;;;;
5;Centro-oeste;50;MS;Mato Grosso do Sul;5006002;Nova Alvorada do Sul;2592615.07;118807.4;2485637.184;113905.1;2282707.353;99390.75;871385.834;687235.162;364808.29;175332.716;2098762.003;183945.35;Agricultura, inclusive apoio à agricultura e a pós colheita;Indústrias de transformação;Demais serviços;7;True;88.5;0.878855;242.7;245.69;4.8065;4.2;;83.3;0.835419;246.48;247.19;4.8945;4.1;;89.9;0.900124;219.29;210.26;5.971885;5.4;;90.0;0.901104;218.19;209.11;5.929984;5.3;;81.6;0.813496;268.99;263.15;4.406835;3.6;;81.6;0.813496;268.99;263.15;4.406835;3.6;;;;;;;;;94.0;0.94;213.23;203.88;5.740237;5.4;;;;;;;;;;;;;;;;;;;;;;
5;Centro-oeste;50;MS;Mato Grosso do Sul;5006200;Nova Andradina;3568744.549;73486.9;3205465.966;66006.34;3281854.93;58544.96;879100.3;709578.904;967041.539;360736.702;2916457.445;365397.485;Agricultura, inclusive apoio à agricultura e a pós colheita;Indústrias de transformação;Demais serviços;8;True;98.1;0.981206;269.22;265.88;5.585;5.5;;98.5;0.984944;277.34;276.46;5.896667;5.8;;97.3;0.974844;249.42;233.38;6.967249;6.8;;97.5;0.975646;238.63;225.25;6.613515;6.5;;92.8;0.933228;268.58;272.03;4.534011;4.2;;94.1;0.933228;268.58;272.03;4.534011;4.2;;98.9;0.989669;289.77;292.65;6.373667;6.3;;100.0;1.0;223.89;214.14;6.130217;6.1;;;;;;;;;;;;;;;;;;;;;;
5;Centro-oeste;50;MS;Mato Grosso do Sul;5006259;Novo Horizonte do Sul;450886.303;95506.52;267858.048;56737.57;279116.891;78491.81;160619.119;13449.666;49009.124;34884.536;257962.445;21154.446;Agricultura, inclusive apoio à agricultura e a pós colheita;Administração, defesa, educação e saúde públicas e seguridade social;Demais serviços;6;True;;;;;;;;95.5;0.956226;268.3;263.14;5.524;5.3;;91.7;0.920114;219.11;199.93;5.780632;5.3;;91.7;0.920114;219.11;199.93;5.780632;5.3;;79.9;0.929803;279.32;287.29;4.913296;4.6;;79.9;0.929803;279.32;287.29;4.913296;4.6;;98.5;0.98655;268.3;263.14;5.524;5.4;;;;;;;;;;;;;;;;;;;;;;;;;;;;;
5;Centro-oeste;50;MS;Mato Grosso do Sul;5006275;Paraíso das Águas;1389705.72;252215.19;1545565.962;280501.99;1296593.635;225455.34;602118.356;479839.255;101986.005;57598.973;1241542.59;55051.046;Agricultura, inclusive apoio à agricultura e a pós colheita;Indústrias de transformação;Demais serviços;6;True;;;;;;;;95.2;0.954077;250.35;251.67;5.033667;4.8;;95.2;0.953032;221.1;212.27;6.042973;5.8;;95.2;0.953032;221.1;212.27;6.042973;5.8;;94.5;0.947205;275.19;267.31;4.556189;4.3;;94.5;0.947205;275.19;267.31;4.556189;4.3;;95.4;0.958328;248.4;251.75;5.0025;4.8;;;;;;;;;;;;;;;;;;;;;;;;;;;;;
5;Centro-oeste;50;MS;Mato Grosso do Sul;5006309;Paranaíba;2012106.193;49127.28;1606751.139;39230.2;1587294.798;37435.32;333388.603;261243.583;556927.442;283200.138;1434759.766;152535.032;Demais serviços;Administração, defesa, educação e saúde públicas e seguridade social;Indústrias de transformação;7;True;88.2;0.882941;234.99;235.84;4.513833;4.0;;90.6;0.906303;236.12;238.15;4.571167;4.1;;95.6;0.956315;210.6;198.54;5.592955;5.3;;95.6;0.956315;210.6;198.54;5.592955;5.3;;81.7;0.82339;253.72;253.58;4.049105;3.3;;81.7;0.82339;253.72;253.58;4.049105;3.3;;93.2;0.9381;239.26;244.58;4.730667;4.4;;;;;;;;;;;;;;;;;;;;;;;;;;;;;
5;Centro-oeste;50;MS;Mato Grosso do Sul;5006358;Paranhos;371182.61;28727.08;241040.256;18654.92;286014.382;19622.28;110808.338;10662.766;43898.129;108282.481;273651.714;12362.668;Administração, defesa, educação e saúde públicas e seguridade social;Agricultura, inclusive apoio à agricultura e a pós colheita;Demais serviços;4;True;94.1;0.941518;258.84;256.0;5.247333;4.9;;88.1;0.880988;261.83;253.88;5.261833;4.6;;91.8;0.917983;218.35;200.92;5.784128;5.3;;91.8;0.917983;218.35;200.92;5.784128;5.3;;;;;;;;;;;;;;;;;;;;;;;;;;;;;;;;;;;;;;;;;;;;;;;;;;
5;Centro-oeste;50;MS;Mato Grosso do Sul;5006408;Pedro Gomes;460934.465;66407.5;390020.723;56190.85;268952.844;35538.17;116242.686;10770.452;63280.33;56474.909;246768.377;22184.467;Pecuária, inclusive apoio à pecuária;Administração, defesa, educação e saúde públicas e seguridade social;Demais serviços;4;True;97.8;0.977664;230.46;232.61;4.3845;4.3;;97.8;0.977664;230.46;232.61;4.3845;4.3;;88.5;0.87612;203.59;197.52;5.440631;4.8;;88.5;0.87612;203.59;197.52;5.440631;4.8;;;;;;;;;;;;;;;;;;;;;;;;;;;;;;;;;;;;;;;;;;;;;;;;;;
5;Centro-oeste;50;MS;Mato Grosso do Sul;5006606;Ponta Porã;6069789.697;65963.79;4682121.501;50883.22;4771499.682;50057.7;1701865.13;474228.297;1455556.332;644752.942;4276402.701;495096.98;Agricultura, inclusive apoio à agricultura e a pós colheita;Demais serviços;Administração, defesa, educação e saúde públicas e seguridade social;7;True;90.2;0.901829;242.2;246.3;4.808333;4.3;;90.2;0.901829;242.2;246.3;4.808333;4.3;;94.5;0.946932;208.74;194.15;5.477641;5.2;;94.3;0.944209;208.68;194.72;5.486859;5.2;;83.5;0.854562;259.68;263.54;4.281915;3.7;;84.6;0.861516;266.47;268.6;4.453028;3.8;;;;;;;;;92.9;0.928508;207.54;206.56;5.680376;5.3;;;;;;;;;;;;;;;;;;;;;;
5;Centro-oeste;50;MS;Mato Grosso do Sul;5006903;Porto Murtinho;571510.637;44444.41;452837.593;35215.61;464125.297;26582.2;217885.604;15372.43;79269.669;127182.253;439709.956;24415.341;Pecuária, inclusive apoio à pecuária;Administração, defesa, educação e saúde públicas e seguridade social;Demais serviços;5;True;;;;;;;;87.7;0.876387;236.37;238.89;4.587667;4.0;;90.8;0.902361;203.48;197.21;5.432895;4.9;;90.8;0.902361;203.89;199.52;5.48272;4.9;;;;;;;;;;;;;;;;87.5;0.874471;237.1;240.22;4.622;4.0;;90.0;0.9;206.73;215.72;5.831464;5.2;;;;;;;;;;;;;;;;;;;;;;
5;Centro-oeste;50;MS;Mato Grosso do Sul;5007109;Ribas do Rio Pardo;3353286.399;144850.38;2220978.387;95938.59;1965364.416;77651.7;1241378.771;145634.639;243321.868;208443.752;1838779.03;126585.386;Produção florestal, pesca e aquicultura;Pecuária, inclusive apoio à pecuária;Administração, defesa, educação e saúde públicas e seguridade social;7;True;91.2;0.914124;246.24;252.91;4.985833;4.6;;91.3;0.91247;239.81;245.76;4.7595;4.3;;90.9;0.909502;201.79;196.72;5.391734;4.9;;90.9;0.909502;201.79;196.72;5.391734;4.9;;82.8;0.857129;261.16;266.74;4.350606;3.7;;82.8;0.857129;261.16;266.74;4.350606;3.7;;91.4;0.918247;222.38;226.4;4.146333;3.8;;;;;;;;;;;;;;;;;;;;;;;;;;;;;
5;Centro-oeste;50;MS;Mato Grosso do Sul;5007208;Rio Brilhante;3833911.208;101963.01;3253726.767;86532.98;3298706.772;84921.91;1255137.133;779062.563;685532.446;291656.65;3011388.792;287317.981;Agricultura, inclusive apoio à agricultura e a pós colheita;Indústrias de transformação;Demais serviços;7;True;92.7;0.922558;250.09;259.36;5.1575;4.8;;90.1;0.897466;249.83;259.03;5.147667;4.6;;94.1;0.940058;213.64;207.03;5.805334;5.5;;94.1;0.940058;213.64;207.03;5.805334;5.5;;82.8;0.836345;278.07;287.59;4.900231;4.1;;82.8;0.836345;278.07;287.59;4.900231;4.1;;87.9;0.879571;249.53;258.65;5.136333;4.5;;;;;;;;;;;;;;;;;;;;;;;;;;;;;
5;Centro-oeste;50;MS;Mato Grosso do Sul;5007307;Rio Negro;170385.672;35196.38;157675.023;32570.75;130213.078;27367.19;47636.617;5469.763;28332.964;39216.414;120655.759;9557.32;Administração, defesa, educação e saúde públicas e seguridade social;Pecuária, inclusive apoio à pecuária;Demais serviços;2;True;;;;;;;;;;;;;;;99.8;0.997577;193.68;190.67;5.126963;5.1;;99.8;0.997577;193.68;190.67;5.126963;5.1;;;;;;;;;;;;;;;;;;;;;;;;;;;;;;;;;;;;;;;;;;;;;;;;;;
5;Centro-oeste;50;MS;Mato Grosso do Sul;5007406;Rio Verde de Mato Grosso;926596.607;46755.3;843881.055;42581.54;601958.447;30060.35;225646.62;33145.071;147518.114;152105.573;558415.378;43543.069;Pecuária, inclusive apoio à pecuária;Administração, defesa, educação e saúde públicas e seguridade social;Demais serviços;4;True;83.6;0.836045;232.69;239.69;4.539667;3.8;;83.6;0.836045;232.69;239.69;4.539667;3.8;;92.2;0.924365;207.34;199.3;5.544559;5.1;;92.2;0.924365;207.34;199.3;5.544559;5.1;;;;;;;;;;;;;;;;;;;;;;;;;;;;;;;;;;;;;;;;;;;;;;;;;;
5;Centro-oeste;50;MS;Mato Grosso do Sul;5007505;Rochedo;352336.836;67770.12;373745.648;71887.99;231963.666;45305.4;82061.361;49565.196;43078.231;41137.616;215842.404;16121.263;Administração, defesa, educação e saúde públicas e seguridade social;Indústrias de transformação;Pecuária, inclusive apoio à pecuária;4;True;99.1;0.991803;240.93;237.12;4.634167;4.6;;98.6;0.988357;240.93;237.12;4.634167;4.6;;96.9;0.967547;195.65;186.88;5.09565;4.9;;96.9;0.967547;195.65;186.88;5.09565;4.9;;;;;;;;;;;;;;;;;;;;;;;;;;;;;;;;;;;;;;;;;;;;;;;;;;
5;Centro-oeste;50;MS;Mato Grosso do Sul;5007554;Santa Rita do Pardo;642966.615;91499.45;414091.003;58928.56;467080.26;58767.02;290325.918;39687.7;48421.906;65284.734;443720.258;23360.003;Pecuária, inclusive apoio à pecuária;Produção florestal, pesca e aquicultura;Administração, defesa, educação e saúde públicas e seguridade social;7;True;97.8;0.976479;231.16;248.37;4.658833;4.5;;87.4;0.879742;242.03;247.82;4.830833;4.2;;90.9;0.907237;199.7;191.51;5.257121;4.8;;90.9;0.907237;199.7;191.51;5.257121;4.8;;85.0;0.852542;269.54;271.32;4.536865;3.9;;85.0;0.852542;269.54;271.32;4.536865;3.9;;84.3;0.872141;264.16;246.71;5.181167;4.5;;;;;;;;;;;;;;;;;;;;;;;;;;;;;
5;Centro-oeste;50;MS;Mato Grosso do Sul;5007695;São Gabriel do Oeste;2883850.034;97496.54;3210185.14;108529.2;2185644.211;79018.23;731872.003;216124.752;715968.934;226971.064;1890936.753;294707.458;Agricultura, inclusive apoio à agricultura e a pós colheita;Demais serviços;Comércio e reparação de veículos automotores e motocicletas;6;True;86.8;0.872272;257.51;261.97;5.324667;4.6;;87.6;0.882033;257.51;261.97;5.324667;4.7;;94.2;0.942001;228.59;221.11;6.346639;6.0;;94.0;0.939614;228.59;221.11;6.346639;6.0;;85.7;0.902625;283.61;288.62;4.993459;4.5;;85.7;0.902625;283.61;288.62;4.993459;4.5;;;;;;;;;;;;;;;;;;;;;;;;;;;;;;;;;;;;
5;Centro-oeste;50;MS;Mato Grosso do Sul;5007703;Sete Quedas;493949.383;44929.0;408989.175;37201.13;418189.362;38897.72;157934.668;18179.05;121998.314;73189.688;371301.719;46887.643;Agricultura, inclusive apoio à agricultura e a pós colheita;Demais serviços;Administração, defesa, educação e saúde públicas e seguridade social;6;True;94.5;0.943641;253.08;248.4;5.024667;4.7;;93.7;0.935133;253.08;248.4;5.024667;4.7;;88.6;0.889801;209.24;199.24;5.579728;5.0;;88.6;0.888213;210.61;201.96;5.655328;5.0;;90.6;0.910055;275.2;269.19;4.584473;4.2;;90.6;0.910055;275.2;269.19;4.584473;4.2;;;;;;;;;;;;;;;;;;;;;;;;;;;;;;;;;;;;
5;Centro-oeste;50;MS;Mato Grosso do Sul;5007802;Selvíria;2691218.217;330535.28;2961878.192;363777.72;1721432.233;262613.61;320151.038;1242519.506;51818.028;79465.247;1693953.819;27478.414;Eletricidade e gás, água, esgoto, atividades de gestão de resíduos e descontaminação;Produção florestal, pesca e aquicultura;Administração, defesa, educação e saúde públicas e seguridade social;7;True;88.9;0.887798;242.95;257.28;5.003833;4.4;;89.1;0.89092;251.91;262.3;5.236833;4.7;;96.6;0.967887;211.6;200.01;5.638766;5.5;;96.6;0.967887;211.6;200.01;5.638766;5.5;;84.0;0.838817;261.66;270.96;4.420802;3.7;;84.0;0.838817;261.66;270.96;4.420802;3.7;;89.4;0.894802;266.66;270.57;5.6205;5.0;;;;;;;;;;;;;;;;;;;;;;;;;;;;;
5;Centro-oeste;50;MS;Mato Grosso do Sul;5007901;Sidrolândia;4102346.427;87065.38;3961553.918;84077.29;3327696.301;54739.05;1333077.62;285785.993;895612.87;409720.739;2924197.222;403499.079;Agricultura, inclusive apoio à agricultura e a pós colheita;Demais serviços;Administração, defesa, educação e saúde públicas e seguridade social;7;True;94.6;0.946187;231.53;242.11;4.560667;4.3;;81.9;0.821778;235.19;238.43;4.560333;3.7;;84.9;0.846524;198.65;194.13;5.28472;4.5;;84.9;0.846718;198.65;194.13;5.28472;4.5;;79.5;0.798092;264.17;274.1;4.50306;3.6;;79.5;0.798092;264.17;274.1;4.50306;3.6;;79.2;0.800118;238.05;235.56;4.560167;3.6;;;;;;;;;;;;;;;;;;;;;;;;;;;;;
5;Centro-oeste;50;MS;Mato Grosso do Sul;5007935;Sonora;1489092.586;102582.85;1492716.976;102832.53;1024260.939;50811.64;345328.833;283719.462;187667.195;136011.968;952727.458;71533.481;Agricultura, inclusive apoio à agricultura e a pós colheita;Indústrias de transformação;Administração, defesa, educação e saúde públicas e seguridade social;5;True;99.5;0.995289;254.47;260.03;5.241667;5.2;;98.9;0.989175;255.21;261.85;5.284333;5.2;;99.5;0.995374;228.45;222.31;6.365786;6.3;;99.5;0.995374;228.45;222.31;6.365786;6.3;;;;;;;;;;;;;;;;98.7;0.988921;255.87;263.46;5.322167;5.3;;;;;;;;;;;;;;;;;;;;;;;;;;;;;
5;Centro-oeste;50;MS;Mato Grosso do Sul;5007950;Tacuru;378151.187;34988.08;299108.802;27674.76;313035.055;26539.64;148043.312;11097.758;50219.67;83372.967;292733.707;20301.349;Agricultura, inclusive apoio à agricultura e a pós colheita;Administração, defesa, educação e saúde públicas e seguridade social;Pecuária, inclusive apoio à pecuária;4;True;;;;;;;;;;;;;;;89.6;0.898774;222.64;213.82;6.100544;5.5;;89.6;0.898774;222.64;213.82;6.100544;5.5;;78.4;0.766269;264.12;282.94;4.634694;3.6;;78.4;0.766269;264.12;282.94;4.634694;3.6;;;;;;;;;;;;;;;;;;;;;;;;;;;;;;;;;;;;
5;Centro-oeste;50;MS;Mato Grosso do Sul;5007976;Taquarussu;215369.24;59412.2;165126.651;45552.18;181312.947;50533.15;104123.505;7505.862;22952.227;39063.982;173645.576;7667.37;Agricultura, inclusive apoio à agricultura e a pós colheita;Administração, defesa, educação e saúde públicas e seguridade social;Pecuária, inclusive apoio à pecuária;6;True;98.4;0.983909;247.06;249.48;4.942333;4.9;;98.4;0.983909;247.06;249.48;4.942333;4.9;;94.7;0.947426;234.48;226.77;6.561953;6.2;;94.7;0.947426;234.48;226.77;6.561953;6.2;;97.8;0.979528;263.56;261.96;4.312757;4.2;;97.8;0.979528;263.56;261.96;4.312757;4.2;;;;;;;;;;;;;;;;;;;;;;;;;;;;;;;;;;;;
5;Centro-oeste;50;MS;Mato Grosso do Sul;5008008;Terenos;1348544.08;76396.11;934247.592;52967.89;717675.216;31586.43;310427.064;94287.725;113117.201;150784.354;668616.343;49058.873;Agricultura, inclusive apoio à agricultura e a pós colheita;Administração, defesa, educação e saúde públicas e seguridade social;Pecuária, inclusive apoio à pecuária;6;True;95.3;0.952658;246.0;252.9;4.981667;4.7;;96.0;0.959843;246.0;252.9;4.981667;4.8;;97.8;0.977841;211.01;204.62;5.711325;5.6;;97.4;0.973599;211.01;204.62;5.711325;5.6;;92.4;0.926123;264.79;272.52;4.488116;4.2;;92.4;0.926123;264.79;272.52;4.488116;4.2;;;;;;;;;;;;;;;;;;;;;;;;;;;;;;;;;;;;
5;Centro-oeste;50;MS;Mato Grosso do Sul;5008305;Três Lagoas;14761815.743;111703.31;13045270.751;98714.14;11704743.416;93535.43;1276854.824;5676736.869;2556096.362;992375.17;10502063.226;1202680.191;Indústrias de transformação;Demais serviços;Produção florestal, pesca e aquicultura;8;True;95.6;0.955994;244.53;247.13;4.861;4.6;;96.2;0.962492;245.43;247.69;4.885333;4.7;;99.3;0.992968;222.48;209.09;6.011491;6.0;;99.2;0.99257;222.63;209.33;6.018717;6.0;;94.2;0.945019;265.66;273.04;4.508119;4.3;;93.0;0.930391;270.91;278.17;4.658652;4.3;;99.2;0.993234;261.75;257.85;5.326667;5.3;;96.2;0.973377;234.8;228.9;6.606787;6.4;;;;;;;;;;;;;;;;;;;;;;
5;Centro-oeste;50;MS;Mato Grosso do Sul;5008404;Vicentina;384733.891;60721.89;318970.736;50342.6;371815.759;60803.89;97421.245;147917.695;49174.539;48061.228;342574.707;29241.051;Indústrias de transformação;Agricultura, inclusive apoio à agricultura e a pós colheita;Administração, defesa, educação e saúde públicas e seguridade social;6;True;92.2;0.921963;237.86;250.44;4.805;4.4;;92.2;0.921963;237.86;250.44;4.805;4.4;;93.9;0.944685;211.48;191.46;5.481022;5.2;;95.0;0.953253;211.48;191.46;5.481022;5.2;;93.9;0.938668;276.89;283.09;4.816293;4.5;;93.9;0.938668;276.89;283.09;4.816293;4.5;;;;;;;;;;;;;;;;;;;;;;;;;;;;;;;;;;;;
