region_code;region_name;state_code;state_abbr;state_name;city_code;city_name;gdp_2023_current_prices_thousand_reais;gdp_per_capita_2023_current_reais;gdp_2022_current_prices_thousand_reais;gdp_per_capita_2022_current_reais;gdp_2021_current_prices_thousand_reais;gdp_per_capita_2021_current_reais;gross_value_added_agriculture_2021_current_prices_thousand_reais;gross_value_added_industry_2021_current_prices_thousand_reais;gross_value_added_services_2021_current_prices_thousand_reais;gross_value_added_public_administration_2021_current_prices_thousand_reais;gross_value_added_total_2021_current_prices_thousand_reais;taxes_less_subsidies_2021_current_prices_thousand_reais;main_economic_activity_2021;second_main_economic_activity_2021;third_main_economic_activity_2021;total_school_records;has_any_school_record;approval_rate_publica_fundamental_finais_6_9;performance_indicator_publica_fundamental_finais_6_9;saeb_math_score_publica_fundamental_finais_6_9;saeb_portuguese_score_publica_fundamental_finais_6_9;saeb_standardized_average_score_publica_fundamental_finais_6_9;ideb_publica_fundamental_finais_6_9;ideb_projection_publica_fundamental_finais_6_9;approval_rate_estadual_medio_todos_1_4;performance_indicator_estadual_medio_todos_1_4;saeb_math_score_estadual_medio_todos_1_4;saeb_portuguese_score_estadual_medio_todos_1_4;saeb_standardized_average_score_estadual_medio_todos_1_4;ideb_estadual_medio_todos_1_4;ideb_projection_estadual_medio_todos_1_4;approval_rate_estadual_fundamental_finais_6_9;performance_indicator_estadual_fundamental_finais_6_9;saeb_math_score_estadual_fundamental_finais_6_9;saeb_portuguese_score_estadual_fundamental_finais_6_9;saeb_standardized_average_score_estadual_fundamental_finais_6_9;ideb_estadual_fundamental_finais_6_9;ideb_projection_estadual_fundamental_finais_6_9;approval_rate_municipal_fundamental_iniciais_1_5;performance_indicator_municipal_fundamental_iniciais_1_5;saeb_math_score_municipal_fundamental_iniciais_1_5;saeb_portuguese_score_municipal_fundamental_iniciais_1_5;saeb_standardized_average_score_municipal_fundamental_iniciais_1_5;ideb_municipal_fundamental_iniciais_1_5;ideb_projection_municipal_fundamental_iniciais_1_5;approval_rate_publica_fundamental_iniciais_1_5;performance_indicator_publica_fundamental_iniciais_1_5;saeb_math_score_publica_fundamental_iniciais_1_5;saeb_portuguese_score_publica_fundamental_iniciais_1_5;saeb_standardized_average_score_publica_fundamental_iniciais_1_5;ideb_publica_fundamental_iniciais_1_5;ideb_projection_publica_fundamental_iniciais_1_5;approval_rate_publica_medio_todos_1_4;performance_indicator_publica_medio_todos_1_4;saeb_math_score_publica_medio_todos_1_4;saeb_portuguese_score_publica_medio_todos_1_4;saeb_standardized_average_score_publica_medio_todos_1_4;ideb_publica_medio_todos_1_4;ideb_projection_publica_medio_todos_1_4;approval_rate_municipal_fundamental_finais_6_9;performance_indicator_municipal_fundamental_finais_6_9;saeb_math_score_municipal_fundamental_finais_6_9;saeb_portuguese_score_municipal_fundamental_finais_6_9;saeb_standardized_average_score_municipal_fundamental_finais_6_9;ideb_municipal_fundamental_finais_6_9;ideb_projection_municipal_fundamental_finais_6_9;approval_rate_estadual_fundamental_iniciais_1_5;performance_indicator_estadual_fundamental_iniciais_1_5;saeb_math_score_estadual_fundamental_iniciais_1_5;saeb_portuguese_score_estadual_fundamental_iniciais_1_5;saeb_standardized_average_score_estadual_fundamental_iniciais_1_5;ideb_estadual_fundamental_iniciais_1_5;ideb_projection_estadual_fundamental_iniciais_1_5;approval_rate_municipal_medio_todos_1_4;performance_indicator_municipal_medio_todos_1_4;saeb_math_score_municipal_medio_todos_1_4;saeb_portuguese_score_municipal_medio_todos_1_4;saeb_standardized_average_score_municipal_medio_todos_1_4;ideb_municipal_medio_todos_1_4;ideb_projection_municipal_medio_todos_1_4;approval_rate_federal_medio_todos_1_4;performance_indicator_federal_medio_todos_1_4;saeb_math_score_federal_medio_todos_1_4;saeb_portuguese_score_federal_medio_todos_1_4;saeb_standardized_average_score_federal_medio_todos_1_4;ideb_federal_medio_todos_1_4;ideb_projection_federal_medio_todos_1_4;approval_rate_federal_fundamental_finais_6_9;performance_indicator_federal_fundamental_finais_6_9;saeb_math_score_federal_fundamental_finais_6_9;saeb_portuguese_score_federal_fundamental_finais_6_9;saeb_standardized_average_score_federal_fundamental_finais_6_9;ideb_federal_fundamental_finais_6_9;ideb_projection_federal_fundamental_finais_6_9;approval_rate_federal_fundamental_iniciais_1_5;performance_indicator_federal_fundamental_iniciais_1_5;saeb_math_score_federal_fundamental_iniciais_1_5;saeb_portuguese_score_federal_fundamental_iniciais_1_5;saeb_standardized_average_score_federal_fundamental_iniciais_1_5;ideb_federal_fundamental_iniciais_1_5;ideb_projection_federal_fundamental_iniciais_1_5
1;Norte;15;PA;Pará;1500107;Abaetetuba;2441092.172;15431.59;2193299.951;13865.15;1947974.167;12141.53;272103.456;73614.293;754091.481;669459.89;1769269.119;178705.048;Administração, defesa, educação e saúde públicas e seguridade social;Demais serviços;Comércio e reparação de veículos automotores e motocicletas;6;True;96.7;0.967031;237.55;244.12;4.6945;4.5;;99.2;0.990489;254.69;255.79;4.095813;4.1;;98.7;0.986828;237.55;244.12;4.6945;4.6;;89.6;0.898026;189.15;184.29;4.924513;4.4;;89.6;0.898026;189.15;184.29;4.924513;4.4;;98.8;0.990366;259.16;261.09;4.237935;4.2;;;;;;;;;;;;;;;;;;;;;;;;;;;;;;;;;;;;;;;;;;;
1;Norte;15;PA;Pará;1500131;Abel Figueiredo;131077.033;21361.97;126585.01;18006.4;105404.256;13986.76;27211.225;9393.594;24584.275;36359.239;97548.333;7855.923;Administração, defesa, educação e saúde públicas e seguridade social;Pecuária, inclusive apoio à pecuária;Demais serviços;6;True;85.6;0.860892;231.68;233.95;4.427167;3.8;;99.6;0.99187;249.59;249.41;3.928674;3.9;;;;;;;;;98.5;0.983554;203.98;193.69;5.378437;5.3;;98.5;0.983554;203.98;193.69;5.378437;5.3;;99.6;0.99187;249.59;249.41;3.928674;3.9;;85.6;0.860892;231.68;233.95;4.427167;3.8;;;;;;;;;;;;;;;;;;;;;;;;;;;;;;;;;;;;
1;Norte;15;PA;Pará;1500206;Acará;2111467.04;35773.63;1242612.023;21653.95;1432520.752;25698.21;904959.242;58472.312;130251.458;312426.984;1406109.995;26410.757;Agricultura, inclusive apoio à agricultura e a pós colheita;Administração, defesa, educação e saúde públicas e seguridade social;Demais serviços;6;True;80.0;0.803078;231.97;232.57;4.409;3.5;;97.8;0.964668;247.79;246.33;3.857286;3.7;;;;;;;;;84.7;0.844392;197.04;186.49;5.115085;4.3;;84.7;0.844392;197.04;186.49;5.115085;4.3;;97.8;0.964668;247.79;246.33;3.857286;3.7;;80.0;0.803078;231.97;232.57;4.409;3.5;;;;;;;;;;;;;;;;;;;;;;;;;;;;;;;;;;;;
1;Norte;15;PA;Pará;1500305;Afuá;665557.288;17623.65;539302.779;14280.49;443759.447;11119.0;174162.198;20306.774;46160.739;191038.928;431668.638;12090.809;Administração, defesa, educação e saúde públicas e seguridade social;Agricultura, inclusive apoio à agricultura e a pós colheita;Produção florestal, pesca e aquicultura;6;True;70.3;0.711266;225.08;228.96;4.234;3.0;;97.4;0.958484;257.34;259.1;4.182583;4.0;;;;;;;;;79.6;0.78664;184.54;174.74;4.662899;3.7;;79.6;0.78664;184.54;174.74;4.662899;3.7;;97.4;0.958484;257.34;259.1;4.182583;4.0;;70.3;0.711266;225.08;228.96;4.234;3.0;;;;;;;;;;;;;;;;;;;;;;;;;;;;;;;;;;;;
1;Norte;15;PA;Pará;1500347;Água Azul do Norte;1047225.878;57921.79;848598.193;46935.74;642852.642;23126.69;239535.884;123807.096;63707.32;123699.046;550749.346;92103.296;Pecuária, inclusive apoio à pecuária;Administração, defesa, educação e saúde públicas e seguridade social;Indústrias de transformação;6;True;82.1;0.828114;226.79;246.88;4.561167;3.8;;100.0;1.0;258.12;262.94;4.251023;4.3;;;;;;;;;90.4;0.903933;199.3;190.15;5.224761;4.7;;90.4;0.903933;199.3;190.15;5.224761;4.7;;100.0;1.0;258.12;262.94;4.251023;4.3;;82.1;0.828114;226.79;246.88;4.561167;3.8;;;;;;;;;;;;;;;;;;;;;;;;;;;;;;;;;;;;
1;Norte;15;PA;Pará;1500404;Alenquer;1578583.75;22753.7;919275.51;13250.44;744810.674;12978.06;302185.384;24520.523;135246.493;258088.078;720040.478;24770.196;Administração, defesa, educação e saúde públicas e seguridade social;Agricultura, inclusive apoio à agricultura e a pós colheita;Demais serviços;8;True;84.4;0.845733;231.57;235.58;4.4525;3.8;;98.8;0.984536;248.32;252.2;3.952604;3.9;;99.1;0.991644;236.92;239.44;4.606;4.6;;89.1;0.889429;182.63;175.35;4.63754;4.1;;89.4;0.894221;184.23;176.9;4.696256;4.2;;98.8;0.984536;248.32;252.2;3.952604;3.9;;81.2;0.815418;227.53;232.67;4.336667;3.5;;100.0;1.0;201.14;193.27;5.316602;5.3;;;;;;;;;;;;;;;;;;;;;;;;;;;;;
1;Norte;15;PA;Pará;1500503;Almeirim;593847.2;17323.43;687485.189;20054.99;687773.094;20202.48;88297.443;217294.275;118064.406;197238.572;620894.696;66878.398;Administração, defesa, educação e saúde públicas e seguridade social;Demais serviços;Indústrias extrativas;6;True;71.1;0.712726;234.21;239.34;4.559167;3.2;;98.4;0.978805;246.92;248.87;3.883091;3.8;;;;;;;;;83.3;0.83241;175.05;169.68;4.389793;3.7;;83.3;0.83241;175.05;169.68;4.389793;3.7;;98.4;0.978805;246.92;248.87;3.883091;3.8;;71.1;0.712726;234.21;239.34;4.559167;3.2;;;;;;;;;;;;;;;;;;;;;;;;;;;;;;;;;;;;
1;Norte;15;PA;Pará;1500602;Altamira;3887893.813;30788.13;3457956.969;27383.47;3118776.506;26583.5;429743.804;443279.899;1337527.145;569188.773;2779739.621;339036.885;Demais serviços;Comércio e reparação de veículos automotores e motocicletas;Administração, defesa, educação e saúde públicas e seguridade social;6;True;89.9;0.89972;244.19;250.45;4.910667;4.4;;99.7;0.995629;268.82;282.34;4.691723;4.7;;;;;;;;;95.1;0.950607;203.39;196.3;5.414632;5.1;;95.1;0.950607;203.39;196.3;5.414632;5.1;;99.1;0.990975;270.14;283.52;4.727927;4.7;;89.9;0.89972;244.19;250.45;4.910667;4.4;;;;;;;;;;;;;;;;;;;;;;;;;;;;;;;;;;;;
1;Norte;15;PA;Pará;1500701;Anajás;370837.756;13239.0;304791.32;10881.13;258574.161;8593.07;38552.119;7906.759;37950.767;159539.327;243948.972;14625.189;Administração, defesa, educação e saúde públicas e seguridade social;Demais serviços;Agricultura, inclusive apoio à agricultura e a pós colheita;6;True;75.7;0.764067;226.86;231.1;4.299333;3.3;;98.2;0.977352;235.23;230.02;3.43672;3.4;;;;;;;;;81.3;0.809816;181.6;171.44;4.546793;3.7;;81.3;0.809816;181.6;171.44;4.546793;3.7;;98.2;0.977352;235.23;230.02;3.43672;3.4;;75.7;0.764067;226.86;231.1;4.299333;3.3;;;;;;;;;;;;;;;;;;;;;;;;;;;;;;;;;;;;
1;Norte;15;PA;Pará;1500800;Ananindeua;11473897.449;23964.96;9983644.977;20852.35;8937579.161;16538.52;13285.364;1035307.804;4679394.526;1832302.524;7560290.219;1377288.942;Demais serviços;Comércio e reparação de veículos automotores e motocicletas;Administração, defesa, educação e saúde públicas e seguridade social;8;True;99.6;0.995475;247.5;258.28;5.096333;5.1;;99.5;0.995438;261.4;272.24;4.436312;4.4;;99.2;0.992183;242.75;254.34;4.9515;4.9;;100.0;1.0;221.69;213.7;6.080232;6.1;;100.0;0.9996;217.41;210.24;5.935644;5.9;;99.5;0.995191;262.27;272.96;4.459309;4.4;;100.0;1.0;254.96;264.47;5.323833;5.3;;99.8;0.998195;208.42;202.95;5.631534;5.6;;;;;;;;;;;;;;;;;;;;;;;;;;;;;
1;Norte;15;PA;Pará;1500859;Anapu;715999.089;22480.35;687042.972;21571.21;587646.637;20047.99;235104.415;22728.151;140245.962;146742.09;544820.617;42826.02;Administração, defesa, educação e saúde públicas e seguridade social;Agricultura, inclusive apoio à agricultura e a pós colheita;Pecuária, inclusive apoio à pecuária;6;True;82.7;0.829857;233.58;232.67;4.4375;3.7;;99.0;0.983827;260.18;261.22;4.254207;4.2;;;;;;;;;92.9;0.927283;187.95;180.8;4.838158;4.5;;92.9;0.927283;187.95;180.8;4.838158;4.5;;99.0;0.983827;260.18;261.22;4.254207;4.2;;82.7;0.829857;233.58;232.67;4.4375;3.7;;;;;;;;;;;;;;;;;;;;;;;;;;;;;;;;;;;;
1;Norte;15;PA;Pará;1500909;Augusto Corrêa;490156.571;10996.71;405344.847;9093.95;363264.865;7739.41;67395.739;12547.534;56528.437;214920.868;351392.577;11872.288;Administração, defesa, educação e saúde públicas e seguridade social;Demais serviços;Produção florestal, pesca e aquicultura;6;True;81.2;0.81319;231.37;236.34;4.461833;3.6;;98.7;0.979528;250.65;253.11;3.998951;3.9;;;;;;;;;90.5;0.898899;182.18;176.07;4.642043;4.2;;90.5;0.898899;182.18;176.07;4.642043;4.2;;98.7;0.979528;250.65;253.11;3.998951;3.9;;81.2;0.81319;231.37;236.34;4.461833;3.6;;;;;;;;;;;;;;;;;;;;;;;;;;;;;;;;;;;;
1;Norte;15;PA;Pará;1500958;Aurora do Pará;390415.051;16421.93;340026.93;14388.41;308260.187;9573.3;88250.275;9605.742;47400.109;152010.852;297266.979;10993.208;Administração, defesa, educação e saúde públicas e seguridade social;Agricultura, inclusive apoio à agricultura e a pós colheita;Demais serviços;7;True;89.0;0.890435;235.22;247.36;4.709667;4.2;;99.9;0.998663;253.5;257.15;4.099458;4.1;;100.0;1.0;247.58;266.39;5.232833;5.2;;96.7;0.967563;199.31;191.69;5.252951;5.1;;96.7;0.967776;199.31;191.69;5.252951;5.1;;99.9;0.998663;253.5;257.15;4.099458;4.1;;88.3;0.886325;232.38;242.98;4.589333;4.1;;;;;;;;;;;;;;;;;;;;;;;;;;;;;;;;;;;;
1;Norte;15;PA;Pará;1501006;Aveiro;228317.168;12483.17;186421.617;10192.54;151776.231;9242.81;49842.173;8054.968;12919.224;78063.767;148880.132;2896.098;Administração, defesa, educação e saúde públicas e seguridade social;Agricultura, inclusive apoio à agricultura e a pós colheita;Pecuária, inclusive apoio à pecuária;6;True;86.4;0.865108;224.52;234.54;4.317667;3.7;;96.8;0.953751;239.84;240.44;3.657455;3.5;;;;;;;;;95.1;0.950511;197.02;185.82;5.102522;4.9;;95.1;0.950511;197.02;185.82;5.102522;4.9;;96.8;0.953751;239.84;240.44;3.657455;3.5;;86.4;0.865108;224.52;234.54;4.317667;3.7;;;;;;;;;;;;;;;;;;;;;;;;;;;;;;;;;;;;
1;Norte;15;PA;Pará;1501105;Bagre;329848.074;10342.66;277457.603;7993.36;250289.533;7829.62;85696.122;6398.88;23117.641;130825.502;246038.146;4251.387;Administração, defesa, educação e saúde públicas e seguridade social;Agricultura, inclusive apoio à agricultura e a pós colheita;Demais serviços;6;True;75.8;0.760538;233.49;233.0;4.4415;3.4;;97.4;0.955733;242.76;247.19;3.799514;3.6;;;;;;;;;85.8;0.847587;176.11;164.75;4.320385;3.7;;85.8;0.847587;176.11;164.75;4.320385;3.7;;97.4;0.955733;242.76;247.19;3.799514;3.6;;75.8;0.760538;233.49;233.0;4.4415;3.4;;;;;;;;;;;;;;;;;;;;;;;;;;;;;;;;;;;;
1;Norte;15;PA;Pará;1501204;Baião;799362.814;15479.23;694648.006;13451.48;561718.716;11358.41;265130.803;15612.524;63199.394;207562.512;551505.234;10213.482;Administração, defesa, educação e saúde públicas e seguridade social;Agricultura, inclusive apoio à agricultura e a pós colheita;Demais serviços;6;True;82.5;0.827663;233.84;240.43;4.571167;3.8;;99.8;0.997656;243.97;237.47;3.670999;3.7;;;;;;;;;89.1;0.889794;175.03;169.51;4.38632;3.9;;89.1;0.889794;175.03;169.51;4.38632;3.9;;99.8;0.997656;243.97;237.47;3.670999;3.7;;82.5;0.827663;233.84;240.43;4.571167;3.8;;;;;;;;;;;;;;;;;;;;;;;;;;;;;;;;;;;;
1;Norte;15;PA;Pará;1501253;Bannach;153994.721;38202.61;138929.403;34465.25;128925.331;39804.05;90752.551;1597.925;10287.776;23317.324;125955.575;2969.756;Pecuária, inclusive apoio à pecuária;Administração, defesa, educação e saúde públicas e seguridade social;Demais serviços;4;True;75.7;0.758175;241.8;245.0;4.78;3.6;;91.6;0.857326;260.29;250.54;4.095871;3.5;;;;;;;;;;;;;;;;;;;;;;;91.6;0.857326;260.29;250.54;4.095871;3.5;;75.7;0.758175;241.8;245.0;4.78;3.6;;;;;;;;;;;;;;;;;;;;;;;;;;;;;;;;;;;;
1;Norte;15;PA;Pará;1501303;Barcarena;9190032.788;72562.44;8408789.119;66393.91;9242378.136;71461.87;181645.83;4694444.587;1468235.1;621746.319;6966071.837;2276306.299;Indústrias de transformação;Demais serviços;Administração, defesa, educação e saúde públicas e seguridade social;7;True;87.1;0.874639;230.91;238.88;4.4965;3.9;;98.7;0.980289;256.8;265.85;4.276046;4.2;;98.0;0.982446;216.91;221.96;3.981167;3.9;;89.6;0.8953;190.23;189.01;5.030942;4.5;;89.6;0.8953;190.23;189.01;5.030942;4.5;;98.7;0.980289;256.8;265.85;4.276046;4.2;;86.2;0.866345;231.86;240.02;4.531333;3.9;;;;;;;;;;;;;;;;;;;;;;;;;;;;;;;;;;;;
1;Norte;15;PA;Pará;1501402;Belém;40536061.655;31100.18;37604333.497;28851.2;33567694.796;22283.09;99129.199;3549131.614;17773250.805;5803062.627;27224574.245;6343120.551;Demais serviços;Administração, defesa, educação e saúde públicas e seguridade social;Comércio e reparação de veículos automotores e motocicletas;12;True;99.1;0.990471;241.49;250.96;4.874167;4.8;;99.3;0.99311;259.74;271.91;4.408057;4.4;;99.4;0.99371;241.16;251.07;4.8705;4.8;;98.8;0.987973;191.44;186.82;5.014215;5.0;;99.3;0.992596;203.22;196.8;5.420479;5.4;;98.7;0.988853;263.83;274.89;4.510112;4.5;;98.5;0.984742;236.58;246.97;4.725833;4.7;;99.8;0.997793;213.2;204.9;5.75821;5.7;;100.0;1.0;260.98;275.96;4.486101;4.5;;89.9;0.89963;320.42;315.97;5.919885;5.3;;96.6;0.966642;295.94;285.18;6.352;6.1;;98.9;0.989726;232.33;236.91;6.705286;6.6;
1;Norte;15;PA;Pará;1501451;Belterra;352843.834;19495.21;340703.452;18824.44;236957.565;13205.39;86223.274;10156.354;40822.52;90300.631;227502.779;9454.786;Administração, defesa, educação e saúde públicas e seguridade social;Agricultura, inclusive apoio à agricultura e a pós colheita;Demais serviços;6;True;88.5;0.880878;258.31;268.73;5.450667;4.8;;99.0;0.986301;252.41;261.71;4.152413;4.1;;;;;;;;;91.7;0.915087;203.0;197.97;5.437553;5.0;;91.7;0.915087;203.0;197.97;5.437553;5.0;;99.0;0.986301;252.41;261.71;4.152413;4.1;;88.5;0.880878;258.31;268.73;5.450667;4.8;;;;;;;;;;;;;;;;;;;;;;;;;;;;;;;;;;;;
1;Norte;15;PA;Pará;1501501;Benevides;3338144.875;52513.8;2700819.234;42487.76;1986151.576;30659.95;12266.072;438113.794;793917.691;274896.301;1519193.859;466957.717;Comércio e reparação de veículos automotores e motocicletas;Indústrias de transformação;Demais serviços;8;True;100.0;1.0;254.97;260.6;5.2595;5.3;;100.0;1.0;264.8;272.27;4.484514;4.5;;100.0;1.0;245.15;254.51;4.994333;5.0;;100.0;1.0;237.34;220.86;6.509078;6.5;;100.0;1.0;239.39;223.32;6.592928;6.6;;100.0;1.0;264.8;272.27;4.484514;4.5;;100.0;1.0;268.79;269.19;5.633;5.6;;100.0;1.0;252.79;239.43;7.141562;7.1;;;;;;;;;;;;;;;;;;;;;;;;;;;;;
1;Norte;15;PA;Pará;1501576;Bom Jesus do Tocantins;336973.823;18715.57;292674.992;16255.21;243654.131;14121.6;90328.335;7004.282;48029.953;86731.814;232094.384;11559.747;Administração, defesa, educação e saúde públicas e seguridade social;Pecuária, inclusive apoio à pecuária;Demais serviços;6;True;84.0;0.845827;254.85;262.22;5.2845;4.5;;99.6;0.995629;266.78;280.12;4.629838;4.6;;;;;;;;;89.3;0.889062;209.13;193.15;5.466901;4.9;;90.5;0.902921;209.13;193.15;5.466901;4.9;;99.6;0.995629;266.78;280.12;4.629838;4.6;;81.6;0.82303;254.85;262.22;5.2845;4.3;;;;;;;;;;;;;;;;;;;;;;;;;;;;;;;;;;;;
1;Norte;15;PA;Pará;1501600;Bonito;147258.247;11666.79;232988.609;18458.93;206570.498;12318.59;27274.154;53344.19;25631.105;64368.575;170618.023;35952.475;Administração, defesa, educação e saúde públicas e seguridade social;Indústrias de transformação;Agricultura, inclusive apoio à agricultura e a pós colheita;6;True;99.5;0.994722;222.51;229.86;4.206167;4.2;;100.0;1.0;239.42;233.82;3.552454;3.6;;99.5;0.994722;222.51;229.86;4.206167;4.2;;99.6;0.996188;174.32;168.44;4.353316;4.3;;99.6;0.996188;174.32;168.44;4.353316;4.3;;100.0;1.0;239.42;233.82;3.552454;3.6;;;;;;;;;;;;;;;;;;;;;;;;;;;;;;;;;;;;;;;;;;;
1;Norte;15;PA;Pará;1501709;Bragança;1977329.959;16065.14;1737012.228;14112.64;1388410.604;10670.07;185794.508;72588.874;465163.283;552596.486;1276143.15;112267.454;Administração, defesa, educação e saúde públicas e seguridade social;Demais serviços;Comércio e reparação de veículos automotores e motocicletas;8;True;95.2;0.951728;241.64;246.84;4.808;4.6;;98.6;0.980969;252.22;253.19;4.022199;3.9;;99.0;0.989857;241.64;246.84;4.808;4.8;;89.0;0.886002;191.8;181.39;4.922358;4.4;;89.7;0.898231;196.71;186.66;5.111879;4.6;;97.8;0.971993;254.35;256.34;4.099271;4.0;;;;;;;;;97.5;0.974682;210.62;201.59;5.648791;5.5;;;;;;;;;89.9;0.890071;276.01;288.33;4.882377;4.3;;;;;;;;;;;;;;;
1;Norte;15;PA;Pará;1501725;Brasil Novo;517482.03;20935.43;440739.481;17830.71;379575.301;25503.95;161865.029;16464.197;90036.868;82057.164;350423.258;29152.043;Pecuária, inclusive apoio à pecuária;Administração, defesa, educação e saúde públicas e seguridade social;Agricultura, inclusive apoio à agricultura e a pós colheita;6;True;93.1;0.932631;266.94;259.11;5.434167;5.1;;99.0;0.985949;271.92;272.64;4.590052;4.5;;;;;;;;;96.3;0.963206;212.44;196.92;5.598615;5.4;;96.3;0.963206;212.44;196.92;5.598615;5.4;;99.0;0.985949;271.92;272.64;4.590052;4.5;;93.1;0.932631;266.94;259.11;5.434167;5.1;;;;;;;;;;;;;;;;;;;;;;;;;;;;;;;;;;;;
1;Norte;15;PA;Pará;1501758;Brejo Grande do Araguaia;143221.297;21114.74;129481.336;19089.1;114973.901;15627.82;44232.216;3056.685;22068.59;40018.255;109375.745;5598.157;Administração, defesa, educação e saúde públicas e seguridade social;Pecuária, inclusive apoio à pecuária;Demais serviços;6;True;95.3;0.95457;239.09;248.33;4.790333;4.6;;98.6;0.979528;235.93;246.76;3.69715;3.6;;;;;;;;;98.1;0.979195;218.18;201.05;5.783248;5.7;;98.1;0.979195;218.18;201.05;5.783248;5.7;;98.6;0.979528;235.93;246.76;3.69715;3.6;;95.3;0.95457;239.09;248.33;4.790333;4.6;;;;;;;;;;;;;;;;;;;;;;;;;;;;;;;;;;;;
1;Norte;15;PA;Pará;1501782;Breu Branco;802220.696;17549.46;767219.193;16783.76;793767.522;11571.46;127549.695;159443.491;149723.898;278493.048;715210.132;78557.391;Administração, defesa, educação e saúde públicas e seguridade social;Indústrias de transformação;Demais serviços;6;True;82.6;0.825858;242.53;247.34;4.831167;4.0;;99.0;0.983115;253.15;256.6;4.086309;4.0;;;;;;;;;92.0;0.925412;193.32;185.05;5.017911;4.6;;92.0;0.925412;193.32;185.05;5.017911;4.6;;99.0;0.983115;253.15;256.6;4.086309;4.0;;82.6;0.825858;242.53;247.34;4.831167;4.0;;;;;;;;;;;;;;;;;;;;;;;;;;;;;;;;;;;;
1;Norte;15;PA;Pará;1501808;Breves;1515249.515;14165.45;1227011.447;11470.83;892629.519;8559.93;59886.547;32532.236;230633.07;509798.074;832849.928;59779.591;Administração, defesa, educação e saúde públicas e seguridade social;Demais serviços;Comércio e reparação de veículos automotores e motocicletas;6;True;59.3;0.599153;237.63;242.95;4.676333;2.8;;99.0;0.986653;255.56;264.23;4.234379;4.2;;;;;;;;;77.0;0.750882;188.81;182.56;4.88657;3.7;;77.0;0.750882;188.81;182.56;4.88657;3.7;;98.5;0.981446;256.83;266.24;4.282306;4.2;;59.3;0.599153;237.63;242.95;4.676333;2.8;;;;;;;;;;;;;;;;;;;;;;;;;;;;;;;;;;;;
1;Norte;15;PA;Pará;1501907;Bujaru;688319.814;28229.5;544690.343;22338.94;536455.711;18052.15;325586.913;21012.888;52241.655;127888.572;526730.029;9725.682;Agricultura, inclusive apoio à agricultura e a pós colheita;Administração, defesa, educação e saúde públicas e seguridade social;Demais serviços;7;True;90.8;0.907637;232.88;234.81;4.4615;4.0;;96.9;0.955338;244.24;243.53;3.76551;3.6;;100.0;1.0;247.95;250.76;4.9785;5.0;;96.2;0.962594;188.88;188.49;4.995724;4.8;;96.2;0.962594;188.88;188.49;4.995724;4.8;;96.9;0.955338;244.24;243.53;3.76551;3.6;;89.5;0.895243;223.17;224.53;4.128333;3.7;;;;;;;;;;;;;;;;;;;;;;;;;;;;;;;;;;;;
1;Norte;15;PA;Pará;1501956;Cachoeira do Piriá;237908.343;12119.63;214722.019;10938.46;227354.188;6439.35;43546.628;6325.893;28274.531;143594.483;221741.535;5612.652;Administração, defesa, educação e saúde públicas e seguridade social;Agricultura, inclusive apoio à agricultura e a pós colheita;Demais serviços;6;True;82.3;0.824361;238.32;246.09;4.740167;3.9;;96.7;0.956522;235.16;235.2;3.513281;3.4;;;;;;;;;93.5;0.935376;201.22;184.96;5.167038;4.8;;93.5;0.935376;201.22;184.96;5.167038;4.8;;96.7;0.956522;235.16;235.2;3.513281;3.4;;82.3;0.824361;238.32;246.09;4.740167;3.9;;;;;;;;;;;;;;;;;;;;;;;;;;;;;;;;;;;;
1;Norte;15;PA;Pará;1502004;Cachoeira do Arari;354702.357;14790.97;293835.055;12252.83;255900.891;10507.12;94533.04;7758.899;36136.15;108166.85;246594.939;9305.953;Administração, defesa, educação e saúde públicas e seguridade social;Produção florestal, pesca e aquicultura;Demais serviços;8;True;93.6;0.936052;234.04;232.38;4.440333;4.2;;99.3;0.989449;247.21;259.8;4.050786;4.0;;97.9;0.977765;242.4;240.77;4.7195;4.6;;87.8;0.872633;193.1;188.87;5.083167;4.4;;88.4;0.879135;195.18;189.45;5.133407;4.5;;99.3;0.989449;247.21;259.8;4.050786;4.0;;89.1;0.893907;229.73;228.06;4.2965;3.8;;96.1;0.963764;205.33;192.28;5.378564;5.2;;;;;;;;;;;;;;;;;;;;;;;;;;;;;
1;Norte;15;PA;Pará;1502103;Cametá;1901552.871;14171.23;1640809.294;12228.05;1392448.604;9888.57;428677.845;40086.285;271023.022;595045.958;1334833.11;57615.495;Administração, defesa, educação e saúde públicas e seguridade social;Agricultura, inclusive apoio à agricultura e a pós colheita;Demais serviços;6;True;75.0;0.751163;234.65;243.36;4.6335;3.5;;99.5;0.995438;252.48;253.35;4.028246;4.0;;;;;;;;;85.4;0.85474;186.56;178.92;4.777449;4.1;;85.4;0.85474;186.56;178.92;4.777449;4.1;;99.1;0.992194;253.13;254.32;4.051896;4.0;;75.0;0.751163;234.65;243.36;4.6335;3.5;;;;;;;;;;;;;;;;;;;;;;;;;;;;;;;;;;;;
1;Norte;15;PA;Pará;1502152;Canaã dos Carajás;16621560.0;215643.17;16061772.934;208380.66;34987915.115;894762.94;111000.806;30877676.867;3066192.64;407859.437;34462729.751;525185.364;Indústrias extrativas;Demais serviços;Construção;6;True;94.9;0.948858;235.72;243.12;4.647333;4.4;;99.1;0.985949;252.69;262.6;4.169669;4.1;;;;;;;;;95.8;0.95705;204.02;197.53;5.449019;5.2;;95.8;0.95705;204.02;197.53;5.449019;5.2;;99.1;0.985949;252.69;262.6;4.169669;4.1;;94.9;0.948858;235.72;243.12;4.647333;4.4;;;;;;;;;;;;;;;;;;;;;;;;;;;;;;;;;;;;
1;Norte;15;PA;Pará;1502202;Capanema;1883282.118;26753.45;1598656.137;22710.12;1426639.092;20430.76;144330.747;131409.545;669788.082;275294.979;1220823.353;205815.739;Demais serviços;Comércio e reparação de veículos automotores e motocicletas;Administração, defesa, educação e saúde públicas e seguridade social;7;True;99.0;0.989355;248.83;249.25;4.968;4.9;;99.3;0.990143;259.97;266.88;4.335988;4.3;;99.0;0.989355;248.83;249.25;4.968;4.9;;99.3;0.993173;214.92;208.97;5.865034;5.8;;99.3;0.993173;214.21;207.55;5.825666;5.8;;99.3;0.990143;259.97;266.88;4.335988;4.3;;;;;;;;;98.9;0.988931;197.79;174.69;4.914853;4.9;;;;;;;;;;;;;;;;;;;;;;;;;;;;;
1;Norte;15;PA;Pará;1502301;Capitão Poço;900134.035;15929.88;691741.243;12279.72;615256.053;11279.79;131839.77;35336.835;169179.131;236972.443;573328.179;41927.873;Administração, defesa, educação e saúde públicas e seguridade social;Demais serviços;Agricultura, inclusive apoio à agricultura e a pós colheita;8;True;98.6;0.986471;237.26;243.0;4.671;4.6;;99.1;0.987705;257.72;262.32;4.236123;4.2;;98.6;0.987854;237.92;242.52;4.674;4.6;;99.9;0.998598;199.8;189.23;5.217575;5.2;;99.6;0.99659;197.86;187.35;5.146371;5.1;;99.1;0.987705;257.72;262.32;4.236123;4.2;;98.6;0.98674;236.51;243.54;4.6675;4.6;;96.3;0.957947;181.55;171.53;4.547475;4.4;;;;;;;;;;;;;;;;;;;;;;;;;;;;;
1;Norte;15;PA;Pará;1502400;Castanhal;6318090.753;32862.91;5688912.361;29589.37;4707380.586;22888.36;140845.751;642749.807;2195152.724;890523.003;3869271.285;838109.301;Demais serviços;Comércio e reparação de veículos automotores e motocicletas;Administração, defesa, educação e saúde públicas e seguridade social;8;True;94.2;0.942297;237.91;244.95;4.714333;4.4;;99.3;0.990143;258.95;271.92;4.397111;4.4;;99.0;0.990664;242.27;250.7;4.882833;4.8;;90.0;0.900892;192.57;188.3;5.062689;4.6;;90.1;0.901315;192.58;188.21;5.061244;4.6;;98.7;0.984851;263.14;276.18;4.519732;4.5;;90.9;0.909294;231.57;236.6;4.4695;4.1;;100.0;1.0;192.82;181.92;4.95146;5.0;;;;;;;;;;;;;;;;;;;;;;;;;;;;;
1;Norte;15;PA;Pará;1502509;Chaves;331189.508;15955.56;293848.397;14156.59;247974.064;10257.46;111397.161;3192.049;14001.548;117089.479;245680.238;2293.826;Administração, defesa, educação e saúde públicas e seguridade social;Pecuária, inclusive apoio à pecuária;Produção florestal, pesca e aquicultura;6;True;76.3;0.767189;221.53;223.7;4.087167;3.1;;99.2;0.988404;243.21;238.33;3.673199;3.6;;;;;;;;;81.0;0.817117;159.64;147.85;3.698799;3.0;;81.0;0.817117;159.64;147.85;3.698799;3.0;;99.2;0.988404;243.21;238.33;3.673199;3.6;;76.3;0.767189;221.53;223.7;4.087167;3.1;;;;;;;;;;;;;;;;;;;;;;;;;;;;;;;;;;;;
1;Norte;15;PA;Pará;1502608;Colares;136193.895;10583.92;120634.997;9374.81;100826.097;8281.4;20699.347;2829.947;16834.039;57902.307;98265.641;2560.456;Administração, defesa, educação e saúde públicas e seguridade social;Demais serviços;Produção florestal, pesca e aquicultura;6;True;98.7;0.986281;229.64;235.59;4.4205;4.4;;99.0;0.987004;248.12;253.86;3.974645;3.9;;98.7;0.986281;229.64;235.59;4.4205;4.4;;93.3;0.929603;191.79;190.43;5.086531;4.7;;93.3;0.929603;191.79;190.43;5.086531;4.7;;99.0;0.987004;248.12;253.86;3.974645;3.9;;;;;;;;;;;;;;;;;;;;;;;;;;;;;;;;;;;;;;;;;;;
1;Norte;15;PA;Pará;1502707;Conceição do Araguaia;985296.16;22083.42;765891.565;17165.91;662414.901;13767.33;143288.707;30238.537;232424.593;200828.223;606780.059;55634.842;Administração, defesa, educação e saúde públicas e seguridade social;Demais serviços;Pecuária, inclusive apoio à pecuária;8;True;92.5;0.923975;227.0;236.68;4.394667;4.1;;97.8;0.96733;246.09;248.33;3.863349;3.7;;98.3;0.981783;228.07;238.3;4.4395;4.4;;96.2;0.96254;188.45;181.71;4.864245;4.7;;96.4;0.965039;188.24;181.38;4.854237;4.7;;96.2;0.955205;252.16;251.0;3.988572;3.8;;86.6;0.864069;223.66;231.58;4.254;3.7;;100.0;1.0;186.7;178.91;4.779939;4.8;;;;;;;;;;;;;;;;;;;;;;;;;;;;;
1;Norte;15;PA;Pará;1502756;Concórdia do Pará;520831.786;19375.46;452741.152;16842.42;419794.953;12261.8;110681.663;17551.946;93544.161;169625.078;391402.848;28392.105;Administração, defesa, educação e saúde públicas e seguridade social;Agricultura, inclusive apoio à agricultura e a pós colheita;Demais serviços;7;True;83.5;0.836568;225.46;235.2;4.344333;3.6;;97.7;0.969214;243.17;244.54;3.765602;3.6;;100.0;1.0;211.03;212.96;3.733167;3.7;;87.2;0.873402;174.68;169.89;4.38655;3.8;;87.2;0.873402;174.68;169.89;4.38655;3.8;;97.7;0.969214;243.17;244.54;3.765602;3.6;;83.4;0.835683;226.26;236.44;4.378333;3.7;;;;;;;;;;;;;;;;;;;;;;;;;;;;;;;;;;;;
1;Norte;15;PA;Pará;1502764;Cumaru do Norte;479032.2;34128.83;431267.678;30725.82;406772.444;28964.14;267033.652;7678.853;52184.378;64964.499;391861.382;14911.062;Pecuária, inclusive apoio à pecuária;Administração, defesa, educação e saúde públicas e seguridade social;Agricultura, inclusive apoio à agricultura e a pós colheita;6;True;97.2;0.970781;217.09;206.22;3.721833;3.6;;96.6;0.933962;252.72;237.58;3.795539;3.5;;;;;;;;;99.7;0.997395;173.91;161.74;4.223673;4.2;;99.7;0.997395;173.91;161.74;4.223673;4.2;;96.6;0.933962;252.72;237.58;3.795539;3.5;;97.2;0.970781;217.09;206.22;3.721833;3.6;;;;;;;;;;;;;;;;;;;;;;;;;;;;;;;;;;;;
1;Norte;15;PA;Pará;1502772;Curionópolis;737805.926;36982.75;1503196.58;75348.2;3666990.538;206428.2;108749.678;3061776.47;337556.519;109867.063;3617949.73;49040.808;Indústrias extrativas;Demais serviços;Administração, defesa, educação e saúde públicas e seguridade social;6;True;99.0;0.989696;248.8;255.52;5.072;5.0;;98.7;0.982402;245.8;248.46;3.861222;3.8;;;;;;;;;100.0;1.0;216.12;200.59;5.735571;5.7;;100.0;1.0;216.12;200.59;5.735571;5.7;;98.7;0.982402;245.8;248.46;3.861222;3.8;;99.0;0.989696;248.8;255.52;5.072;5.0;;;;;;;;;;;;;;;;;;;;;;;;;;;;;;;;;;;;
1;Norte;15;PA;Pará;1502806;Curralinho;396832.058;11704.92;328648.47;9693.79;282041.976;7938.14;56014.468;6512.028;34762.223;178402.811;275691.531;6350.445;Administração, defesa, educação e saúde públicas e seguridade social;Produção florestal, pesca e aquicultura;Demais serviços;8;True;77.7;0.784753;230.5;236.7;4.453333;3.5;;97.6;0.968085;240.27;246.19;3.749572;3.6;;98.9;0.98593;232.48;247.96;4.674;4.6;;84.9;0.854472;166.44;159.44;4.039298;3.5;;85.0;0.856269;166.81;160.29;4.061813;3.5;;97.6;0.968085;240.27;246.19;3.749572;3.6;;75.9;0.769795;229.48;230.86;4.339;3.3;;96.3;0.963;171.55;171.24;4.351362;4.2;;;;;;;;;;;;;;;;;;;;;;;;;;;;;
1;Norte;15;PA;Pará;1502855;Curuá;192167.955;13612.52;171988.947;12183.11;149513.604;10118.68;45804.708;3542.298;20904.699;75569.433;145821.138;3692.465;Administração, defesa, educação e saúde públicas e seguridade social;Produção florestal, pesca e aquicultura;Demais serviços;6;True;90.4;0.90402;222.65;233.04;4.2615;3.9;;97.9;0.975157;245.89;254.11;3.947067;3.8;;;;;;;;;91.4;0.915964;171.8;165.29;4.247951;3.9;;91.4;0.915964;171.8;165.29;4.247951;3.9;;97.9;0.975157;245.89;254.11;3.947067;3.8;;90.4;0.90402;222.65;233.04;4.2615;3.9;;;;;;;;;;;;;;;;;;;;;;;;;;;;;;;;;;;;
1;Norte;15;PA;Pará;1502905;Curuçá;485458.161;11765.26;443370.953;10990.31;369391.284;8989.15;103441.162;13672.111;60165.61;177839.268;355118.151;14273.132;Administração, defesa, educação e saúde públicas e seguridade social;Demais serviços;Pecuária, inclusive apoio à pecuária;7;True;92.4;0.922854;234.83;240.89;4.595333;4.2;;98.3;0.981252;251.79;257.29;4.077537;4.0;;96.2;0.965837;231.15;235.5;4.444167;4.3;;92.6;0.92403;181.48;175.55;4.61923;4.3;;92.6;0.92403;181.48;175.55;4.61923;4.3;;98.3;0.981252;251.79;257.29;4.077537;4.0;;91.5;0.91378;238.2;245.84;4.734;4.3;;;;;;;;;;;;;;;;;;;;;;;;;;;;;;;;;;;;
1;Norte;15;PA;Pará;1502939;Dom Eliseu;1332437.358;22782.94;1261537.918;21570.65;940079.607;15359.27;233611.578;49641.726;303028.944;257277.883;843560.13;96519.477;Administração, defesa, educação e saúde públicas e seguridade social;Demais serviços;Comércio e reparação de veículos automotores e motocicletas;6;True;90.3;0.902585;256.11;259.42;5.258833;4.7;;99.7;0.995629;264.6;269.12;4.434549;4.4;;;;;;;;;93.6;0.937457;215.18;201.96;5.742541;5.4;;93.6;0.937457;215.18;201.96;5.742541;5.4;;99.7;0.995629;264.6;269.12;4.434549;4.4;;90.3;0.902585;256.11;259.42;5.258833;4.7;;;;;;;;;;;;;;;;;;;;;;;;;;;;;;;;;;;;
1;Norte;15;PA;Pará;1502954;Eldorado do Carajás;736063.654;26108.95;605964.372;21494.2;555637.462;16309.18;156254.465;48329.575;139636.446;162776.245;506996.73;48640.732;Administração, defesa, educação e saúde públicas e seguridade social;Pecuária, inclusive apoio à pecuária;Demais serviços;6;True;92.9;0.928604;235.16;242.01;4.6195;4.3;;99.6;0.994268;247.92;254.77;3.985459;4.0;;;;;;;;;98.7;0.987134;199.97;187.16;5.183183;5.1;;98.7;0.987134;199.97;187.16;5.183183;5.1;;99.6;0.994268;247.92;254.77;3.985459;4.0;;92.9;0.928604;235.16;242.01;4.6195;4.3;;;;;;;;;;;;;;;;;;;;;;;;;;;;;;;;;;;;
1;Norte;15;PA;Pará;1503002;Faro;102051.794;11692.46;89800.522;10288.79;76574.244;11019.46;6823.237;2837.961;17181.417;46329.791;73172.406;3401.838;Administração, defesa, educação e saúde públicas e seguridade social;Demais serviços;Comércio e reparação de veículos automotores e motocicletas;6;True;93.0;0.927459;227.37;230.61;4.299667;4.0;;98.2;0.973315;246.34;247.06;3.847849;3.7;;97.6;0.975302;232.06;234.07;4.4355;4.3;;96.0;0.960362;220.66;192.07;5.667303;5.4;;96.0;0.960362;220.66;192.07;5.667303;5.4;;98.2;0.973315;246.34;247.06;3.847849;3.7;;;;;;;;;;;;;;;;;;;;;;;;;;;;;;;;;;;;;;;;;;;
1;Norte;15;PA;Pará;1503044;Floresta do Araguaia;657024.636;36709.39;566641.307;31659.48;602376.996;29041.41;260687.232;116718.934;95058.266;98986.173;571450.604;30926.392;Agricultura, inclusive apoio à agricultura e a pós colheita;Administração, defesa, educação e saúde públicas e seguridade social;Indústrias extrativas;6;True;84.1;0.841768;230.9;231.86;4.379333;3.7;;98.9;0.986301;245.85;246.87;3.838122;3.8;;;;;;;;;93.0;0.926309;187.71;178.81;4.797396;4.4;;93.0;0.926309;187.71;178.81;4.797396;4.4;;98.9;0.986301;245.85;246.87;3.838122;3.8;;84.1;0.841768;230.9;231.86;4.379333;3.7;;;;;;;;;;;;;;;;;;;;;;;;;;;;;;;;;;;;
1;Norte;15;PA;Pará;1503077;Garrafão do Norte;426846.806;17279.15;314532.524;12732.56;275694.422;10540.79;75424.663;9977.96;48968.134;129879.441;264250.198;11444.224;Administração, defesa, educação e saúde públicas e seguridade social;Agricultura, inclusive apoio à agricultura e a pós colheita;Demais serviços;6;True;76.3;0.765243;242.25;246.66;4.815167;3.7;;99.8;0.997656;255.86;261.71;4.200868;4.2;;;;;;;;;82.5;0.825254;200.79;192.24;5.291196;4.4;;82.5;0.825254;200.79;192.24;5.291196;4.4;;99.8;0.997656;255.86;261.71;4.200868;4.2;;76.3;0.765243;242.25;246.66;4.815167;3.7;;;;;;;;;;;;;;;;;;;;;;;;;;;;;;;;;;;;
1;Norte;15;PA;Pará;1503093;Goianésia do Pará;595811.202;22601.14;522757.144;19891.82;506230.454;12146.23;168148.983;16646.77;107030.082;183381.999;475207.835;31022.619;Administração, defesa, educação e saúde públicas e seguridade social;Pecuária, inclusive apoio à pecuária;Produção florestal, pesca e aquicultura;6;True;68.3;0.685272;233.38;242.32;4.595;3.1;;99.6;0.993243;256.57;266.6;4.284043;4.3;;;;;;;;;88.0;0.886328;193.2;182.27;4.965076;4.4;;88.0;0.886328;193.2;182.27;4.965076;4.4;;99.6;0.993243;256.57;266.6;4.284043;4.3;;68.3;0.685272;233.38;242.32;4.595;3.1;;;;;;;;;;;;;;;;;;;;;;;;;;;;;;;;;;;;
1;Norte;15;PA;Pará;1503101;Gurupá;489496.626;15399.76;398198.92;12526.71;333716.018;9778.65;79022.901;8404.868;45254.667;192765.749;325448.186;8267.832;Administração, defesa, educação e saúde públicas e seguridade social;Produção florestal, pesca e aquicultura;Agricultura, inclusive apoio à agricultura e a pós colheita;6;True;69.5;0.696935;228.23;236.53;4.412667;3.1;;99.7;0.995629;252.78;255.26;4.061053;4.0;;;;;;;;;82.7;0.8203;179.94;170.04;4.489659;3.7;;82.7;0.8203;179.94;170.04;4.489659;3.7;;99.7;0.995629;252.78;255.26;4.061053;4.0;;69.5;0.696935;228.23;236.53;4.412667;3.1;;;;;;;;;;;;;;;;;;;;;;;;;;;;;;;;;;;;
1;Norte;15;PA;Pará;1503200;Igarapé-Açu;599285.535;16741.22;499454.6;13952.42;415580.559;10592.36;82651.325;30194.45;108470.496;159985.754;381302.024;34278.534;Administração, defesa, educação e saúde públicas e seguridade social;Demais serviços;Agricultura, inclusive apoio à agricultura e a pós colheita;8;True;96.2;0.962798;225.14;235.5;4.344;4.2;;99.6;0.995629;246.36;248.8;3.874177;3.9;;98.0;0.982154;225.26;235.43;4.344833;4.3;;93.2;0.927469;176.13;176.49;4.534221;4.2;;93.9;0.939061;179.57;176.68;4.603325;4.3;;99.6;0.995629;246.36;248.8;3.874177;3.9;;90.2;0.910243;224.26;236.0;4.337667;3.9;;96.7;0.975781;186.5;177.07;4.742668;4.6;;;;;;;;;;;;;;;;;;;;;;;;;;;;;
1;Norte;15;PA;Pará;1503309;Igarapé-Miri;1021946.299;15763.24;818860.302;12630.69;690510.317;10897.0;188507.341;38014.911;126131.76;297345.675;649999.686;40510.631;Administração, defesa, educação e saúde públicas e seguridade social;Agricultura, inclusive apoio à agricultura e a pós colheita;Demais serviços;6;True;76.0;0.759126;232.93;239.93;4.547667;3.5;;98.9;0.985949;251.74;253.96;4.026985;4.0;;;;;;;;;81.2;0.805041;193.45;185.61;5.030574;4.0;;81.2;0.805041;193.45;185.61;5.030574;4.0;;98.9;0.985949;251.74;253.96;4.026985;4.0;;76.0;0.759126;232.93;239.93;4.547667;3.5;;;;;;;;;;;;;;;;;;;;;;;;;;;;;;;;;;;;
1;Norte;15;PA;Pará;1503408;Inhangapi;230529.658;22327.33;201526.406;19518.3;174530.051;14533.27;76518.941;19357.33;16975.58;49419.605;162271.456;12258.595;Administração, defesa, educação e saúde públicas e seguridade social;Produção florestal, pesca e aquicultura;Agricultura, inclusive apoio à agricultura e a pós colheita;6;True;98.7;0.985697;229.96;234.88;4.414;4.4;;99.0;0.986653;249.04;242.73;3.82095;3.8;;98.7;0.985697;229.96;234.88;4.414;4.4;;86.4;0.858049;177.72;178.68;4.604383;4.0;;86.4;0.858049;177.72;178.68;4.604383;4.0;;99.0;0.986653;249.04;242.73;3.82095;3.8;;;;;;;;;;;;;;;;;;;;;;;;;;;;;;;;;;;;;;;;;;;
1;Norte;15;PA;Pará;1503457;Ipixuna do Pará;612706.967;20202.02;607746.914;20038.48;624646.287;9299.48;83539.641;139038.962;89440.741;279300.955;591320.298;33325.989;Administração, defesa, educação e saúde públicas e seguridade social;Indústrias extrativas;Demais serviços;6;True;82.3;0.82479;234.72;238.45;4.552833;3.8;;98.7;0.979167;248.11;252.38;3.952349;3.9;;;;;;;;;86.9;0.864457;198.11;188.42;5.170596;4.5;;86.9;0.864457;198.11;188.42;5.170596;4.5;;98.7;0.979167;248.11;252.38;3.952349;3.9;;82.3;0.82479;234.72;238.45;4.552833;3.8;;;;;;;;;;;;;;;;;;;;;;;;;;;;;;;;;;;;
1;Norte;15;PA;Pará;1503507;Irituia;377734.549;12202.7;317600.194;10260.06;277699.44;8508.21;60721.35;11017.446;53670.458;141309.789;266719.042;10980.398;Administração, defesa, educação e saúde públicas e seguridade social;Demais serviços;Agricultura, inclusive apoio à agricultura e a pós colheita;6;True;97.5;0.973914;226.32;237.32;4.394;4.3;;98.7;0.980249;254.64;265.76;4.244362;4.2;;98.5;0.986827;226.32;237.32;4.394;4.3;;87.1;0.871133;183.34;175.27;4.649635;4.1;;87.1;0.871133;183.34;175.27;4.649635;4.1;;98.7;0.980249;254.64;265.76;4.244362;4.2;;;;;;;;;;;;;;;;;;;;;;;;;;;;;;;;;;;;;;;;;;;
1;Norte;15;PA;Pará;1503606;Itaituba;3806020.448;30864.46;3757069.625;30468.0;3077344.492;30306.42;166185.695;753354.589;1316449.665;486239.389;2722229.338;355115.154;Demais serviços;Indústrias extrativas;Comércio e reparação de veículos automotores e motocicletas;6;True;91.0;0.913869;255.37;263.48;5.314167;4.9;;98.3;0.983756;258.55;268.47;4.339846;4.3;;;;;;;;;93.0;0.93199;216.47;205.68;5.834796;5.4;;93.0;0.93199;216.47;205.68;5.834796;5.4;;96.5;0.97145;259.27;269.71;4.368522;4.2;;91.0;0.913869;255.37;263.48;5.314167;4.9;;;;;;;;;;;;;;;;;;;;;;;;;;;;;;;;;;;;
1;Norte;15;PA;Pará;1503705;Itupiranga;979791.945;19692.73;889870.271;17886.12;841409.974;15745.24;396489.05;27756.503;143779.904;239282.844;807308.3;34101.674;Administração, defesa, educação e saúde públicas e seguridade social;Pecuária, inclusive apoio à pecuária;Agricultura, inclusive apoio à agricultura e a pós colheita;6;True;83.7;0.837465;230.26;232.87;4.3855;3.7;;98.4;0.978805;251.47;249.28;3.953133;3.9;;;;;;;;;91.4;0.912839;189.35;182.76;4.900511;4.5;;91.4;0.912839;189.35;182.76;4.900511;4.5;;98.4;0.978805;251.47;249.28;3.953133;3.9;;83.7;0.837465;230.26;232.87;4.3855;3.7;;;;;;;;;;;;;;;;;;;;;;;;;;;;;;;;;;;;
1;Norte;15;PA;Pará;1503754;Jacareacanga;732418.403;30464.12;657774.713;27359.4;625352.949;89952.96;63183.856;290781.921;71690.996;182688.425;608345.198;17007.751;Eletricidade e gás, água, esgoto, atividades de gestão de resíduos e descontaminação;Administração, defesa, educação e saúde públicas e seguridade social;Demais serviços;4;True;78.3;0.788947;233.77;236.41;4.503;3.6;;;;;;;;;;;;;;;;91.4;0.907222;177.95;172.96;4.504772;4.1;;91.4;0.907222;177.95;172.96;4.504772;4.1;;;;;;;;;78.3;0.788947;233.77;236.41;4.503;3.6;;;;;;;;;;;;;;;;;;;;;;;;;;;;;;;;;;;;
1;Norte;15;PA;Pará;1503804;Jacundá;800237.449;21222.52;658641.88;17467.36;615188.901;10165.56;68475.321;29715.351;211259.15;250798.816;560248.639;54940.261;Administração, defesa, educação e saúde públicas e seguridade social;Demais serviços;Comércio e reparação de veículos automotores e motocicletas;6;True;75.2;0.752312;233.25;237.66;4.515167;3.4;;99.0;0.984182;252.99;261.69;4.16026;4.1;;;;;;;;;87.6;0.874187;188.76;178.51;4.811979;4.2;;87.6;0.874187;188.76;178.51;4.811979;4.2;;99.0;0.984182;252.99;261.69;4.16026;4.1;;75.2;0.752312;233.25;237.66;4.515167;3.4;;;;;;;;;;;;;;;;;;;;;;;;;;;;;;;;;;;;
1;Norte;15;PA;Pará;1503903;Juruti;1184841.849;23286.53;1294172.457;25435.28;1450845.915;24196.49;290459.469;467179.956;303247.71;322027.136;1382914.27;67931.645;Indústrias extrativas;Administração, defesa, educação e saúde públicas e seguridade social;Demais serviços;8;True;93.9;0.939007;243.86;246.78;4.844;4.5;;98.9;0.984536;245.54;246.66;3.830625;3.8;;99.6;0.996236;233.77;231.81;4.426333;4.4;;95.7;0.95626;198.85;187.26;5.163627;4.9;;95.9;0.957738;199.25;187.71;5.179443;5.0;;98.9;0.984536;245.54;246.66;3.830625;3.8;;93.2;0.932136;247.03;251.48;4.975167;4.6;;100.0;1.0;203.59;192.74;5.353722;5.4;;;;;;;;;;;;;;;;;;;;;;;;;;;;;
1;Norte;15;PA;Pará;1504000;Limoeiro do Ajuru;601991.05;20358.86;525619.392;17776.03;502725.016;16970.77;331383.478;5521.93;24231.168;136829.017;497965.593;4759.424;Produção florestal, pesca e aquicultura;Administração, defesa, educação e saúde públicas e seguridade social;Agricultura, inclusive apoio à agricultura e a pós colheita;7;True;79.9;0.800209;254.34;256.81;5.185833;4.1;;98.0;0.974889;245.25;246.83;3.829097;3.7;;98.1;0.980132;272.11;274.31;5.773667;5.7;;80.5;0.79605;207.78;186.38;5.318047;4.2;;80.5;0.79605;207.78;186.38;5.318047;4.2;;98.0;0.974889;245.25;246.83;3.829097;3.7;;78.1;0.782547;245.04;247.65;4.878167;3.8;;;;;;;;;;;;;;;;;;;;;;;;;;;;;;;;;;;;
1;Norte;15;PA;Pará;1504059;Mãe do Rio;488399.85;14217.09;422738.486;12305.72;339947.445;11186.53;31861.758;13164.596;121764.595;145552.629;312343.579;27603.867;Administração, defesa, educação e saúde públicas e seguridade social;Demais serviços;Comércio e reparação de veículos automotores e motocicletas;6;True;87.5;0.872889;241.13;245.02;4.769167;4.2;;98.9;0.983115;260.79;267.33;4.354241;4.3;;;;;;;;;93.0;0.930767;203.72;195.41;5.404748;5.0;;93.0;0.930767;203.72;195.41;5.404748;5.0;;98.9;0.983115;260.79;267.33;4.354241;4.3;;87.5;0.872889;241.13;245.02;4.769167;4.2;;;;;;;;;;;;;;;;;;;;;;;;;;;;;;;;;;;;
1;Norte;15;PA;Pará;1504109;Magalhães Barata;121850.919;15015.52;110100.87;13567.57;98319.177;11435.12;36893.16;2912.108;13278.698;42987.021;96070.987;2248.19;Administração, defesa, educação e saúde públicas e seguridade social;Produção florestal, pesca e aquicultura;Agricultura, inclusive apoio à agricultura e a pós colheita;7;True;91.1;0.915143;222.59;220.0;4.043167;3.7;;98.0;0.978079;238.77;227.7;3.451708;3.4;;97.2;0.978189;215.7;215.37;3.851167;3.8;;91.7;0.919724;184.46;182.46;4.801736;4.4;;91.7;0.919724;184.46;182.46;4.801736;4.4;;98.0;0.978079;238.77;227.7;3.451708;3.4;;88.8;0.886787;225.03;221.64;4.111167;3.6;;;;;;;;;;;;;;;;;;;;;;;;;;;;;;;;;;;;
1;Norte;15;PA;Pará;1504208;Marabá;9748964.708;36576.95;12233452.981;45897.94;13519525.064;46997.63;608868.832;6619707.641;3400317.894;1410549.63;12039443.997;1480081.067;Indústrias extrativas;Demais serviços;Administração, defesa, educação e saúde públicas e seguridade social;7;True;94.7;0.946965;241.91;250.68;4.8765;4.6;;99.0;0.985949;257.14;263.97;4.252678;4.2;;;;;;;;;97.3;0.97325;206.96;197.33;5.501489;5.4;;97.3;0.97325;206.96;197.33;5.501489;5.4;;98.5;0.9817;260.03;267.83;4.351052;4.3;;94.7;0.946965;241.91;250.68;4.8765;4.6;;;;;;;;;;;;;;;;91.8;0.919559;285.74;302.13;5.225621;4.8;;;;;;;;;;;;;;;
1;Norte;15;PA;Pará;1504307;Maracanã;361785.781;13930.38;310995.114;12048.47;289581.585;9796.73;74588.787;9660.218;44450.683;152739.343;281439.031;8142.554;Administração, defesa, educação e saúde públicas e seguridade social;Agricultura, inclusive apoio à agricultura e a pós colheita;Demais serviços;6;True;85.0;0.851736;235.21;241.47;4.611333;3.9;;98.4;0.980249;235.35;238.4;3.563854;3.5;;;;;;;;;93.6;0.937927;200.97;196.74;5.376449;5.0;;93.6;0.937927;200.97;196.74;5.376449;5.0;;98.4;0.980249;235.35;238.4;3.563854;3.5;;85.0;0.851736;235.21;241.47;4.611333;3.9;;;;;;;;;;;;;;;;;;;;;;;;;;;;;;;;;;;;
1;Norte;15;PA;Pará;1504406;Marapanim;333940.999;12566.93;297449.537;11236.81;263294.257;9218.02;52540.897;8453.34;53616.651;140619.411;255230.298;8063.959;Administração, defesa, educação e saúde públicas e seguridade social;Demais serviços;Produção florestal, pesca e aquicultura;6;True;85.7;0.855416;228.32;241.34;4.494333;3.8;;98.6;0.982759;244.03;243.38;3.760315;3.7;;;;;;;;;91.4;0.912655;192.46;184.22;4.986408;4.6;;91.4;0.912655;192.46;184.22;4.986408;4.6;;98.6;0.982759;244.03;243.38;3.760315;3.7;;85.7;0.855416;228.32;241.34;4.494333;3.8;;;;;;;;;;;;;;;;;;;;;;;;;;;;;;;;;;;;
1;Norte;15;PA;Pará;1504422;Marituba;2780522.03;24873.84;2475912.639;22403.41;2577121.099;18975.65;2144.901;218125.987;1286742.964;614045.406;2121059.258;456061.841;Comércio e reparação de veículos automotores e motocicletas;Administração, defesa, educação e saúde públicas e seguridade social;Demais serviços;6;True;97.0;0.970442;244.3;250.49;4.913167;4.8;;100.0;1.0;268.04;280.15;4.647983;4.6;;;;;;;;;98.4;0.984171;208.6;200.79;5.595696;5.5;;98.4;0.984171;208.6;200.79;5.595696;5.5;;100.0;1.0;268.04;280.15;4.647983;4.6;;97.0;0.969937;244.3;250.49;4.913167;4.8;;;;;;;;;;;;;;;;;;;;;;;;;;;;;;;;;;;;
1;Norte;15;PA;Pará;1504455;Medicilândia;1140468.562;42093.03;979332.762;36168.44;1023645.322;31645.76;626710.306;40563.336;165137.869;144099.521;976511.032;47134.291;Agricultura, inclusive apoio à agricultura e a pós colheita;Administração, defesa, educação e saúde públicas e seguridade social;Demais serviços;6;True;75.9;0.759637;235.3;245.3;4.676667;3.6;;98.2;0.974422;265.25;264.48;4.374217;4.3;;;;;;;;;85.8;0.849352;196.23;188.53;5.136718;4.4;;85.8;0.849352;196.23;188.53;5.136718;4.4;;98.2;0.974422;265.25;264.48;4.374217;4.3;;75.9;0.759637;235.3;245.3;4.676667;3.6;;;;;;;;;;;;;;;;;;;;;;;;;;;;;;;;;;;;
1;Norte;15;PA;Pará;1504505;Melgaço;347498.563;12463.63;270905.325;9718.23;216421.144;7696.07;31532.638;6069.428;22252.374;152233.41;212087.849;4333.294;Administração, defesa, educação e saúde públicas e seguridade social;Produção florestal, pesca e aquicultura;Demais serviços;6;True;71.6;0.724261;228.77;232.78;4.359167;3.2;;98.2;0.96959;241.86;242.34;3.714269;3.6;;;;;;;;;74.4;0.720152;170.97;172.11;4.356112;3.1;;74.4;0.720152;170.97;172.11;4.356112;3.1;;98.2;0.96959;241.86;242.34;3.714269;3.6;;71.6;0.724261;228.77;232.78;4.359167;3.2;;;;;;;;;;;;;;;;;;;;;;;;;;;;;;;;;;;;
1;Norte;15;PA;Pará;1504604;Mocajuba;480359.837;17661.59;381652.993;14032.39;451565.778;14148.13;184797.635;15067.314;61165.516;177073.75;438104.215;13461.562;Administração, defesa, educação e saúde públicas e seguridade social;Agricultura, inclusive apoio à agricultura e a pós colheita;Produção florestal, pesca e aquicultura;6;True;73.4;0.733078;224.36;226.97;4.188833;3.1;;99.4;0.993585;248.79;248.51;3.903965;3.9;;;;;;;;;87.7;0.874507;188.15;179.07;4.81052;4.2;;87.7;0.874507;188.15;179.07;4.81052;4.2;;99.4;0.993585;248.79;248.51;3.903965;3.9;;73.4;0.733078;224.36;226.97;4.188833;3.1;;;;;;;;;;;;;;;;;;;;;;;;;;;;;;;;;;;;
1;Norte;15;PA;Pará;1504703;Moju;2156272.999;25641.22;1537609.026;18516.71;1333106.903;15823.04;501316.95;104621.354;246897.758;375851.633;1228687.695;104419.207;Agricultura, inclusive apoio à agricultura e a pós colheita;Administração, defesa, educação e saúde públicas e seguridade social;Demais serviços;6;True;95.0;0.950573;229.83;237.8;4.4605;4.2;;96.5;0.951852;238.76;237.72;3.601568;3.4;;;;;;;;;99.4;0.994189;187.38;184.46;4.893825;4.9;;99.4;0.994189;187.38;184.46;4.893825;4.9;;96.5;0.951852;238.76;237.72;3.601568;3.4;;95.0;0.950573;229.83;237.8;4.4605;4.2;;;;;;;;;;;;;;;;;;;;;;;;;;;;;;;;;;;;
1;Norte;15;PA;Pará;1504752;Mojuí dos Campos;457250.562;19456.64;464580.102;19768.52;288392.855;17712.37;123924.354;16983.962;47683.927;88075.954;276668.197;11724.659;Agricultura, inclusive apoio à agricultura e a pós colheita;Administração, defesa, educação e saúde públicas e seguridade social;Demais serviços;6;True;94.7;0.947029;236.51;239.81;4.605333;4.4;;97.6;0.96959;255.37;255.06;4.094435;4.0;;;;;;;;;96.2;0.962662;200.81;191.27;5.273941;5.1;;96.2;0.962662;200.81;191.27;5.273941;5.1;;97.6;0.96959;255.37;255.06;4.094435;4.0;;94.7;0.947029;236.51;239.81;4.605333;4.4;;;;;;;;;;;;;;;;;;;;;;;;;;;;;;;;;;;;
1;Norte;15;PA;Pará;1504802;Monte Alegre;1227318.864;20451.22;1063686.202;17723.38;806681.881;13839.35;295333.682;33790.72;167509.124;272284.681;768918.206;37763.675;Administração, defesa, educação e saúde públicas e seguridade social;Agricultura, inclusive apoio à agricultura e a pós colheita;Demais serviços;6;True;83.9;0.841125;242.28;245.81;4.8015;4.0;;98.7;0.987552;256.65;259.41;4.177532;4.1;;;;;;;;;91.8;0.914035;199.53;192.79;5.27715;4.8;;91.8;0.914035;199.53;192.79;5.27715;4.8;;98.7;0.987552;256.65;259.41;4.177532;4.1;;83.9;0.841125;242.28;245.81;4.8015;4.0;;;;;;;;;;;;;;;;;;;;;;;;;;;;;;;;;;;;
1;Norte;15;PA;Pará;1504901;Muaná;464374.317;10235.72;395395.804;8715.3;338389.601;8163.01;102947.19;9198.054;41319.486;176776.115;330240.844;8148.757;Administração, defesa, educação e saúde públicas e seguridade social;Produção florestal, pesca e aquicultura;Demais serviços;6;True;92.3;0.923037;243.73;258.61;5.039;4.7;;96.7;0.959265;245.28;243.51;3.779817;3.6;;;;;;;;;94.4;0.945295;186.28;183.25;4.850833;4.6;;94.4;0.945295;186.28;183.25;4.850833;4.6;;96.7;0.959265;245.28;243.51;3.779817;3.6;;92.3;0.923037;243.73;258.61;5.039;4.7;;;;;;;;;;;;;;;;;;;;;;;;;;;;;;;;;;;;
1;Norte;15;PA;Pará;1504950;Nova Esperança do Piriá;334512.049;16335.19;274260.463;13392.93;350592.895;16292.25;179895.277;11846.853;47003.278;101532.306;340277.713;10315.181;Agricultura, inclusive apoio à agricultura e a pós colheita;Administração, defesa, educação e saúde públicas e seguridade social;Demais serviços;6;True;81.9;0.819533;237.58;246.07;4.7275;3.9;;99.2;0.985949;254.27;257.95;4.122249;4.1;;;;;;;;;89.7;0.898117;180.38;168.77;4.474965;4.0;;89.7;0.898117;180.38;168.77;4.474965;4.0;;99.2;0.985949;254.27;257.95;4.122249;4.1;;81.9;0.819533;237.58;246.07;4.7275;3.9;;;;;;;;;;;;;;;;;;;;;;;;;;;;;;;;;;;;
1;Norte;15;PA;Pará;1504976;Nova Ipixuna;231145.29;16563.62;202161.283;14486.66;192411.524;11300.38;59161.002;7790.315;35547.698;79842.121;182341.137;10070.386;Administração, defesa, educação e saúde públicas e seguridade social;Pecuária, inclusive apoio à pecuária;Demais serviços;6;True;81.4;0.817044;242.88;250.73;4.8935;4.0;;98.2;0.979889;261.74;254.61;4.177165;4.1;;;;;;;;;85.8;0.858248;201.64;199.18;5.433599;4.7;;85.8;0.858248;201.64;199.18;5.433599;4.7;;98.2;0.979889;261.74;254.61;4.177165;4.1;;81.4;0.817044;242.88;250.73;4.8935;4.0;;;;;;;;;;;;;;;;;;;;;;;;;;;;;;;;;;;;
1;Norte;15;PA;Pará;1505007;Nova Timboteua;185076.503;14452.33;167479.425;13078.2;147340.793;9417.15;28335.388;5202.911;36213.303;68322.877;138074.479;9266.314;Administração, defesa, educação e saúde públicas e seguridade social;Demais serviços;Agricultura, inclusive apoio à agricultura e a pós colheita;6;True;98.7;0.987149;227.73;235.48;4.386833;4.3;;99.1;0.989101;250.03;252.26;3.977519;3.9;;;;;;;;;99.4;0.994151;193.49;186.53;5.048065;5.0;;99.4;0.994151;193.49;186.53;5.048065;5.0;;99.1;0.989101;250.03;252.26;3.977519;3.9;;98.7;0.987149;227.73;235.48;4.386833;4.3;;;;;;;;;;;;;;;;;;;;;;;;;;;;;;;;;;;;
1;Norte;15;PA;Pará;1505031;Novo Progresso;1541047.549;45812.7;1280246.935;38059.54;971104.839;37685.0;232427.769;92440.434;367072.832;146115.365;838056.4;133048.438;Demais serviços;Pecuária, inclusive apoio à pecuária;Comércio e reparação de veículos automotores e motocicletas;6;True;85.5;0.85498;238.09;243.46;4.6925;4.0;;99.6;0.991525;279.6;286.69;4.908247;4.9;;;;;;;;;96.0;0.958648;203.71;197.4;5.440739;5.2;;96.0;0.958648;203.71;197.4;5.440739;5.2;;99.6;0.991525;279.6;286.69;4.908247;4.9;;85.5;0.85498;238.09;243.46;4.6925;4.0;;;;;;;;;;;;;;;;;;;;;;;;;;;;;;;;;;;;
1;Norte;15;PA;Pará;1505064;Novo Repartimento;1406400.148;23157.48;1233474.12;20310.12;1116164.368;14220.83;399141.772;26021.011;253529.032;363628.029;1042319.845;73844.523;Administração, defesa, educação e saúde públicas e seguridade social;Pecuária, inclusive apoio à pecuária;Demais serviços;6;True;76.0;0.76297;236.67;244.27;4.682333;3.6;;99.1;0.984182;254.48;257.78;4.122654;4.1;;;;;;;;;91.4;0.912406;192.85;183.89;4.987851;4.6;;91.4;0.912406;192.85;183.89;4.987851;4.6;;99.1;0.984182;254.48;257.78;4.122654;4.1;;76.0;0.76297;236.67;244.27;4.682333;3.6;;;;;;;;;;;;;;;;;;;;;;;;;;;;;;;;;;;;
1;Norte;15;PA;Pará;1505106;Óbidos;921982.054;17652.68;982930.187;18819.62;965318.822;18396.49;426321.313;106432.1;147931.754;248445.399;929130.566;36188.256;Agricultura, inclusive apoio à agricultura e a pós colheita;Administração, defesa, educação e saúde públicas e seguridade social;Demais serviços;7;True;83.2;0.835992;234.03;240.88;4.581833;3.8;;98.3;0.978442;252.01;255.5;4.053831;4.0;;;;;;;;;86.7;0.875886;192.45;178.81;4.887854;4.3;;86.7;0.875886;192.45;178.81;4.887854;4.3;;98.3;0.97832;255.58;259.68;4.166546;4.1;;83.2;0.835992;234.03;240.88;4.581833;3.8;;;;;;;;;;;;;;;;98.1;0.98416;284.38;293.41;5.075981;5.0;;;;;;;;;;;;;;;
1;Norte;15;PA;Pará;1505205;Oeiras do Pará;535992.102;15837.14;454247.038;13421.79;418633.997;12616.3;192352.544;9146.937;42088.031;167185.507;410773.019;7860.978;Administração, defesa, educação e saúde públicas e seguridade social;Produção florestal, pesca e aquicultura;Agricultura, inclusive apoio à agricultura e a pós colheita;6;True;67.8;0.685366;244.81;244.2;4.816833;3.3;;99.5;0.991525;252.22;255.46;4.056181;4.0;;;;;;;;;81.4;0.801956;176.81;164.02;4.320471;3.5;;81.4;0.801956;176.81;164.02;4.320471;3.5;;99.5;0.991525;252.22;255.46;4.056181;4.0;;67.8;0.685366;244.81;244.2;4.816833;3.3;;;;;;;;;;;;;;;;;;;;;;;;;;;;;;;;;;;;
1;Norte;15;PA;Pará;1505304;Oriximiná;1739412.002;25469.47;1802512.13;26393.42;2277389.743;30397.21;312023.296;949627.326;477327.769;410993.714;2149972.105;127417.639;Indústrias extrativas;Demais serviços;Administração, defesa, educação e saúde públicas e seguridade social;6;True;88.8;0.8883;240.54;249.49;4.833833;4.3;;98.6;0.984567;260.37;265.89;4.326785;4.3;;;;;;;;;92.3;0.920959;192.3;184.68;4.991718;4.6;;92.3;0.920959;192.3;184.68;4.991718;4.6;;98.6;0.984567;260.37;265.89;4.326785;4.3;;88.8;0.8883;240.54;249.49;4.833833;4.3;;;;;;;;;;;;;;;;;;;;;;;;;;;;;;;;;;;;
1;Norte;15;PA;Pará;1505403;Ourém;279080.616;15630.39;231548.936;12968.3;200486.516;11089.47;59918.383;16475.907;40546.378;73281.537;190222.205;10264.311;Administração, defesa, educação e saúde públicas e seguridade social;Agricultura, inclusive apoio à agricultura e a pós colheita;Demais serviços;7;True;99.6;0.996718;254.57;253.72;5.138167;5.1;;99.5;0.993585;264.43;266.49;4.39279;4.4;;99.6;0.996718;254.57;253.72;5.138167;5.1;;88.4;0.884781;217.99;212.0;5.978713;5.3;;89.3;0.895643;207.83;200.92;5.583365;5.0;;99.5;0.993585;264.43;266.49;4.39279;4.4;;;;;;;;;98.0;0.988494;193.92;185.73;5.041725;5.0;;;;;;;;;;;;;;;;;;;;;;;;;;;;;
1;Norte;15;PA;Pará;1505437;Ourilândia do Norte;1053014.288;32433.37;1778205.427;54769.63;1301993.796;38485.23;95171.973;574409.458;230528.011;167636.608;1067746.05;234247.746;Indústrias de transformação;Administração, defesa, educação e saúde públicas e seguridade social;Demais serviços;6;True;91.6;0.916848;239.42;248.59;4.800167;4.4;;98.9;0.983827;255.42;261.79;4.195886;4.1;;;;;;;;;97.2;0.972352;194.13;188.49;5.095915;5.0;;97.2;0.972352;194.13;188.49;5.095915;5.0;;98.9;0.983827;255.42;261.79;4.195886;4.1;;91.6;0.916848;239.42;248.59;4.800167;4.4;;;;;;;;;;;;;;;;;;;;;;;;;;;;;;;;;;;;
1;Norte;15;PA;Pará;1505486;Pacajá;1114327.561;27114.57;1071885.402;26081.84;867035.786;17654.97;413224.876;28136.091;149663.359;232065.491;823089.817;43945.969;Administração, defesa, educação e saúde públicas e seguridade social;Pecuária, inclusive apoio à pecuária;Agricultura, inclusive apoio à agricultura e a pós colheita;6;True;79.4;0.799399;245.18;246.89;4.867833;3.9;;99.6;0.994949;252.17;255.43;4.05503;4.0;;;;;;;;;87.8;0.875504;188.65;178.8;4.815153;4.2;;87.8;0.875504;188.65;178.8;4.815153;4.2;;99.6;0.994949;252.17;255.43;4.05503;4.0;;79.4;0.799399;245.18;246.89;4.867833;3.9;;;;;;;;;;;;;;;;;;;;;;;;;;;;;;;;;;;;
1;Norte;15;PA;Pará;1505494;Palestina do Pará;127592.48;18531.95;117612.945;17082.49;98673.251;13026.17;40875.031;2327.355;14834.561;37193.938;95230.884;3442.367;Administração, defesa, educação e saúde públicas e seguridade social;Pecuária, inclusive apoio à pecuária;Demais serviços;6;True;92.3;0.921405;247.65;255.13;5.046333;4.6;;100.0;1.0;240.42;247.63;3.773236;3.8;;;;;;;;;91.5;0.916585;184.84;177.77;4.723715;4.3;;91.5;0.916585;184.84;177.77;4.723715;4.3;;100.0;1.0;240.42;247.63;3.773236;3.8;;92.3;0.921405;247.65;255.13;5.046333;4.6;;;;;;;;;;;;;;;;;;;;;;;;;;;;;;;;;;;;
1;Norte;15;PA;Pará;1505502;Paragominas;5308605.056;50294.69;5020674.301;47572.19;4279105.081;36940.43;433732.686;1596083.21;1267404.761;558209.157;3855429.813;423675.268;Indústrias extrativas;Demais serviços;Comércio e reparação de veículos automotores e motocicletas;7;True;89.4;0.893555;250.7;255.12;5.097;4.6;;98.8;0.986202;260.23;271.0;4.401316;4.3;;;;;;;;;92.7;0.926662;212.6;207.55;5.794941;5.4;;92.7;0.926662;212.6;207.55;5.794941;5.4;;97.9;0.981078;263.56;275.92;4.521739;4.4;;89.4;0.893555;250.7;255.12;5.097;4.6;;;;;;;;;;;;;;;;93.4;0.937514;279.07;298.81;5.08224;4.8;;;;;;;;;;;;;;;
1;Norte;15;PA;Pará;1505536;Parauapebas;26421066.668;98646.44;25317042.044;95025.38;49756254.884;227418.7;238182.766;40659414.066;5655262.876;1797123.505;48349983.212;1406271.672;Indústrias extrativas;Demais serviços;Administração, defesa, educação e saúde públicas e seguridade social;6;True;94.2;0.942633;239.04;248.28;4.788667;4.5;;99.3;0.990835;259.44;268.38;4.350999;4.3;;;;;;;;;97.2;0.972816;200.89;194.16;5.328013;5.2;;97.2;0.972816;200.89;194.16;5.328013;5.2;;99.2;0.989524;261.66;270.36;4.41182;4.4;;94.2;0.942633;239.04;248.28;4.788667;4.5;;;;;;;;;;;;;;;;;;;;;;;;;;;;;;;;;;;;
1;Norte;15;PA;Pará;1505551;Pau D'Arco;153520.962;22149.9;120432.253;17375.88;114746.375;21492.11;56577.632;3671.378;14922.74;36286.455;111458.205;3288.17;Administração, defesa, educação e saúde públicas e seguridade social;Pecuária, inclusive apoio à pecuária;Agricultura, inclusive apoio à agricultura e a pós colheita;6;True;81.7;0.808886;221.78;217.78;3.992667;3.2;;98.5;0.980969;252.92;258.64;4.113618;4.0;;;;;;;;;95.1;0.951913;169.7;157.43;4.064966;3.9;;95.1;0.951913;169.7;157.43;4.064966;3.9;;98.5;0.980969;252.92;258.64;4.113618;4.0;;81.7;0.808886;221.78;217.78;3.992667;3.2;;;;;;;;;;;;;;;;;;;;;;;;;;;;;;;;;;;;
1;Norte;15;PA;Pará;1505601;Peixe-Boi;100656.898;12149.29;81669.42;9857.5;72240.226;8936.2;19299.565;2300.714;11423.642;36956.698;69980.62;2259.606;Administração, defesa, educação e saúde públicas e seguridade social;Agricultura, inclusive apoio à agricultura e a pós colheita;Demais serviços;6;True;87.7;0.873549;252.16;249.72;5.031333;4.4;;99.0;0.987355;250.91;252.5;3.993471;3.9;;;;;;;;;89.8;0.89945;234.76;219.19;6.429478;5.8;;89.8;0.89945;234.76;219.19;6.429478;5.8;;99.0;0.987355;250.91;252.5;3.993471;3.9;;87.7;0.873549;252.16;249.72;5.031333;4.4;;;;;;;;;;;;;;;;;;;;;;;;;;;;;;;;;;;;
1;Norte;15;PA;Pará;1505635;Piçarra;361690.008;28186.57;324867.536;25316.98;292566.036;22546.7;166604.938;12298.697;33511.705;68162.276;280577.616;11988.42;Pecuária, inclusive apoio à pecuária;Administração, defesa, educação e saúde públicas e seguridade social;Agricultura, inclusive apoio à agricultura e a pós colheita;6;True;89.4;0.896279;223.34;235.32;4.311;3.9;;99.5;0.992558;253.76;246.77;3.947721;3.9;;;;;;;;;95.7;0.960057;200.93;190.42;5.260777;5.1;;95.7;0.960057;200.93;190.42;5.260777;5.1;;99.5;0.992558;253.76;246.77;3.947721;3.9;;89.4;0.896279;223.34;235.32;4.311;3.9;;;;;;;;;;;;;;;;;;;;;;;;;;;;;;;;;;;;
1;Norte;15;PA;Pará;1505650;Placas;491401.617;26323.21;379126.261;20308.88;322977.381;9991.57;111622.989;9833.038;50874.936;136672.338;309003.301;13974.08;Administração, defesa, educação e saúde públicas e seguridade social;Agricultura, inclusive apoio à agricultura e a pós colheita;Pecuária, inclusive apoio à pecuária;6;True;95.1;0.945813;236.77;244.75;4.692;4.4;;99.6;0.994949;247.78;249.22;3.900409;3.9;;;;;;;;;98.1;0.981362;200.02;188.07;5.200683;5.1;;98.1;0.981362;200.02;188.07;5.200683;5.1;;99.6;0.994949;247.78;249.22;3.900409;3.9;;95.1;0.945813;236.77;244.75;4.692;4.4;;;;;;;;;;;;;;;;;;;;;;;;;;;;;;;;;;;;
1;Norte;15;PA;Pará;1505700;Ponta de Pedras;313391.742;12543.7;277170.891;11093.94;274902.796;8588.83;69027.147;6203.591;46385.193;143335.445;264951.376;9951.42;Administração, defesa, educação e saúde públicas e seguridade social;Produção florestal, pesca e aquicultura;Demais serviços;8;True;95.8;0.957931;247.63;244.59;4.870333;4.7;;98.4;0.980249;252.15;254.92;4.047114;4.0;;99.6;0.996463;253.04;254.39;5.123833;5.1;;97.6;0.97589;192.22;188.11;5.052555;4.9;;97.9;0.979245;201.34;191.96;5.296601;5.2;;98.4;0.980249;252.15;254.92;4.047114;4.0;;94.4;0.943914;242.15;234.66;4.6135;4.4;;99.7;0.995935;219.32;199.56;5.777913;5.8;;;;;;;;;;;;;;;;;;;;;;;;;;;;;
1;Norte;15;PA;Pará;1505809;Portel;1153539.866;18455.75;870234.522;13936.02;944900.281;14803.16;466733.269;34380.239;102528.558;318299.842;921941.908;22958.373;Agricultura, inclusive apoio à agricultura e a pós colheita;Administração, defesa, educação e saúde públicas e seguridade social;Demais serviços;6;True;68.0;0.668461;239.32;239.99;4.655167;3.1;;98.6;0.979167;258.87;261.64;4.242095;4.2;;;;;;;;;74.0;0.736233;181.81;175.75;4.629164;3.4;;74.0;0.736233;181.81;175.75;4.629164;3.4;;98.6;0.979167;258.87;261.64;4.242095;4.2;;68.0;0.668461;239.32;239.99;4.655167;3.1;;;;;;;;;;;;;;;;;;;;;;;;;;;;;;;;;;;;
1;Norte;15;PA;Pará;1505908;Porto de Moz;507177.479;12492.98;452978.341;11157.93;404115.12;9518.45;104945.173;10775.42;61332.39;213070.239;390123.222;13991.898;Administração, defesa, educação e saúde públicas e seguridade social;Demais serviços;Pecuária, inclusive apoio à pecuária;6;True;81.8;0.816854;270.46;256.94;5.456667;4.5;;99.9;0.997992;280.5;264.03;4.581666;4.6;;;;;;;;;93.9;0.947553;220.78;199.03;5.796139;5.5;;93.9;0.947553;220.78;199.03;5.796139;5.5;;99.9;0.997992;280.5;264.03;4.581666;4.6;;81.8;0.816854;270.46;256.94;5.456667;4.5;;;;;;;;;;;;;;;;;;;;;;;;;;;;;;;;;;;;
1;Norte;15;PA;Pará;1506005;Prainha;548886.134;15428.12;494695.747;13904.93;437646.749;14672.84;219178.132;13823.506;46956.972;148809.118;428767.728;8879.021;Administração, defesa, educação e saúde públicas e seguridade social;Agricultura, inclusive apoio à agricultura e a pós colheita;Produção florestal, pesca e aquicultura;6;True;91.6;0.919741;233.28;243.14;4.607;4.2;;99.0;0.983827;241.62;242.83;3.718233;3.7;;;;;;;;;92.4;0.92257;183.33;174.84;4.641626;4.3;;92.4;0.92257;183.33;174.84;4.641626;4.3;;99.0;0.983827;241.62;242.83;3.718233;3.7;;91.6;0.919741;233.28;243.14;4.607;4.2;;;;;;;;;;;;;;;;;;;;;;;;;;;;;;;;;;;;
1;Norte;15;PA;Pará;1506104;Primavera;564056.454;51981.98;486676.889;45581.8;321570.1;29531.65;5222.329;162579.987;33606.133;56792.53;258200.979;63369.121;Indústrias de transformação;Administração, defesa, educação e saúde públicas e seguridade social;Demais serviços;6;True;97.6;0.971986;240.24;247.76;4.8;4.7;;98.5;0.982759;250.32;256.87;4.050604;4.0;;97.6;0.971986;240.24;247.76;4.8;4.7;;100.0;1.0;225.17;208.39;6.050099;6.1;;100.0;1.0;225.17;208.39;6.050099;6.1;;98.5;0.982759;250.32;256.87;4.050604;4.0;;;;;;;;;;;;;;;;;;;;;;;;;;;;;;;;;;;;;;;;;;;
1;Norte;15;PA;Pará;1506112;Quatipuru;147129.344;12767.21;123175.91;10688.64;120745.938;8753.51;37132.453;3060.828;16673.53;60868.619;117735.43;3010.508;Administração, defesa, educação e saúde públicas e seguridade social;Produção florestal, pesca e aquicultura;Demais serviços;6;True;98.6;0.984251;232.84;242.15;4.583167;4.5;;100.0;1.0;245.18;250.29;3.87991;3.9;;98.6;0.984251;232.84;242.15;4.583167;4.5;;92.1;0.922552;199.28;185.81;5.14547;4.7;;92.1;0.922552;199.28;185.81;5.14547;4.7;;100.0;1.0;245.18;250.29;3.87991;3.9;;;;;;;;;;;;;;;;;;;;;;;;;;;;;;;;;;;;;;;;;;;
1;Norte;15;PA;Pará;1506138;Redenção;3681706.091;43012.09;3292754.145;38468.1;2551565.724;29557.33;200284.487;302558.294;1238252.204;392242.203;2133337.186;418228.538;Demais serviços;Comércio e reparação de veículos automotores e motocicletas;Administração, defesa, educação e saúde públicas e seguridade social;6;True;94.0;0.940363;240.54;244.31;4.7475;4.5;;99.5;0.992901;263.7;268.5;4.412627;4.4;;;;;;;;;97.7;0.977446;192.09;183.97;4.974802;4.9;;97.7;0.977446;192.09;183.97;4.974802;4.9;;99.5;0.992901;263.7;268.5;4.412627;4.4;;94.0;0.940363;240.54;244.31;4.7475;4.5;;;;;;;;;;;;;;;;;;;;;;;;;;;;;;;;;;;;
1;Norte;15;PA;Pará;1506161;Rio Maria;1007362.504;54795.61;872543.062;47462.09;601634.674;33042.33;163334.631;122405.277;134987.717;90737.552;511465.178;90169.496;Pecuária, inclusive apoio à pecuária;Indústrias de transformação;Demais serviços;6;True;93.6;0.935887;237.08;236.01;4.5515;4.3;;99.6;0.994949;255.44;267.92;4.287933;4.3;;;;;;;;;98.2;0.981764;186.29;179.4;4.781024;4.7;;98.2;0.981764;186.29;179.4;4.781024;4.7;;99.6;0.994949;255.44;267.92;4.287933;4.3;;93.6;0.935887;237.08;236.01;4.5515;4.3;;;;;;;;;;;;;;;;;;;;;;;;;;;;;;;;;;;;
1;Norte;15;PA;Pará;1506187;Rondon do Pará;1083238.556;20383.47;938381.503;17657.67;733550.332;13777.66;176744.669;41597.787;221451.342;230486.056;670279.854;63270.478;Administração, defesa, educação e saúde públicas e seguridade social;Demais serviços;Pecuária, inclusive apoio à pecuária;6;True;77.6;0.7749;244.7;248.21;4.881833;3.8;;99.2;0.988753;272.54;271.59;4.583042;4.5;;;;;;;;;88.9;0.889645;213.45;199.16;5.658617;5.0;;88.9;0.889645;213.45;199.16;5.658617;5.0;;99.2;0.988753;272.54;271.59;4.583042;4.5;;77.6;0.7749;244.7;248.21;4.881833;3.8;;;;;;;;;;;;;;;;;;;;;;;;;;;;;;;;;;;;
1;Norte;15;PA;Pará;1506195;Rurópolis;605553.853;16929.57;516465.045;14438.9;496483.359;9461.69;90007.638;65986.906;105318.065;202229.447;463542.055;32941.303;Administração, defesa, educação e saúde públicas e seguridade social;Demais serviços;Pecuária, inclusive apoio à pecuária;6;True;88.6;0.885692;245.25;252.83;4.968;4.4;;99.0;0.986051;268.8;271.14;4.523777;4.5;;;;;;;;;92.6;0.923288;207.7;201.21;5.586157;5.2;;92.6;0.923288;207.7;201.21;5.586157;5.2;;99.0;0.986051;268.8;271.14;4.523777;4.5;;88.6;0.885692;245.25;252.83;4.968;4.4;;;;;;;;;;;;;;;;;;;;;;;;;;;;;;;;;;;;
1;Norte;15;PA;Pará;1506203;Salinópolis;802287.288;17919.4;732524.492;16361.22;641472.929;15583.35;21407.633;58821.01;301367.581;185624.618;567220.842;74252.087;Demais serviços;Administração, defesa, educação e saúde públicas e seguridade social;Comércio e reparação de veículos automotores e motocicletas;7;True;97.4;0.973037;237.19;241.12;4.6385;4.5;;99.4;0.99187;254.69;261.74;4.184884;4.2;;99.0;0.989873;236.24;240.34;4.609667;4.6;;98.1;0.981769;193.34;183.35;4.987384;4.9;;98.1;0.981769;193.34;183.35;4.987384;4.9;;99.4;0.99187;254.69;261.74;4.184884;4.2;;94.7;0.939623;239.16;242.74;4.698333;4.4;;;;;;;;;;;;;;;;;;;;;;;;;;;;;;;;;;;;
1;Norte;15;PA;Pará;1506302;Salvaterra;270697.647;11218.77;235242.521;9749.37;210114.535;8614.08;36072.596;9143.828;46006.479;110527.571;201750.474;8364.061;Administração, defesa, educação e saúde públicas e seguridade social;Demais serviços;Produção florestal, pesca e aquicultura;6;True;84.3;0.847196;238.34;246.95;4.754833;4.0;;98.7;0.983744;263.15;264.94;4.351609;4.3;;;;;;;;;90.7;0.907561;189.27;180.57;4.859167;4.4;;90.7;0.907561;189.27;180.57;4.859167;4.4;;98.7;0.983744;263.15;264.94;4.351609;4.3;;84.3;0.847196;238.34;246.95;4.754833;4.0;;;;;;;;;;;;;;;;;;;;;;;;;;;;;;;;;;;;
1;Norte;15;PA;Pará;1506351;Santa Bárbara do Pará;300183.818;14235.49;278332.523;13198.0;240287.631;11016.81;12848.45;55637.849;44663.151;100138.879;213288.329;26999.303;Administração, defesa, educação e saúde públicas e seguridade social;Indústrias de transformação;Demais serviços;6;True;99.7;0.996235;238.44;247.97;4.7735;4.8;;99.3;0.990835;259.21;266.39;4.317978;4.3;;99.7;0.996235;238.44;247.97;4.7735;4.8;;95.4;0.956973;199.26;192.69;5.270179;5.0;;95.4;0.956973;199.26;192.69;5.270179;5.0;;99.3;0.990835;259.21;266.39;4.317978;4.3;;;;;;;;;;;;;;;;;;;;;;;;;;;;;;;;;;;;;;;;;;;
1;Norte;15;PA;Pará;1506401;Santa Cruz do Arari;115244.936;15479.51;98542.6;13236.08;95936.492;9140.29;37430.059;1676.201;8696.4;46820.856;94623.516;1312.976;Administração, defesa, educação e saúde públicas e seguridade social;Produção florestal, pesca e aquicultura;Pecuária, inclusive apoio à pecuária;7;True;93.2;0.929112;232.61;243.24;4.5975;4.3;;96.9;0.959265;244.7;248.43;3.845324;3.7;;100.0;1.0;231.35;250.99;4.705667;4.7;;87.7;0.881226;209.35;195.27;5.509645;4.9;;87.7;0.881226;209.35;195.27;5.509645;4.9;;96.9;0.959265;244.7;248.43;3.845324;3.7;;91.2;0.912236;233.62;237.04;4.511;4.1;;;;;;;;;;;;;;;;;;;;;;;;;;;;;;;;;;;;
1;Norte;15;PA;Pará;1506500;Santa Izabel do Pará;1828145.396;25036.57;1505978.487;20624.47;934543.385;12827.27;117822.254;69303.656;328897.463;297739.738;813763.112;120780.273;Administração, defesa, educação e saúde públicas e seguridade social;Demais serviços;Comércio e reparação de veículos automotores e motocicletas;6;True;92.8;0.929415;234.26;243.55;4.630167;4.3;;99.7;0.997481;254.12;262.08;4.181969;4.2;;;;;;;;;94.5;0.943137;183.78;179.4;4.733123;4.5;;94.5;0.943137;183.78;179.4;4.733123;4.5;;99.7;0.997481;254.12;262.08;4.181969;4.2;;92.8;0.929415;234.26;243.55;4.630167;4.3;;;;;;;;;;;;;;;;;;;;;;;;;;;;;;;;;;;;
1;Norte;15;PA;Pará;1506559;Santa Luzia do Pará;258360.428;12683.38;233057.745;11441.22;195899.236;9874.45;41040.005;5767.969;39811.043;100727.019;187346.036;8553.2;Administração, defesa, educação e saúde públicas e seguridade social;Demais serviços;Pecuária, inclusive apoio à pecuária;6;True;77.8;0.776794;233.38;235.93;4.4885;3.5;;99.4;0.992214;255.82;255.97;4.114378;4.1;;;;;;;;;91.0;0.909237;176.2;165.76;4.340466;3.9;;91.0;0.909237;176.2;165.76;4.340466;3.9;;99.4;0.992214;255.82;255.97;4.114378;4.1;;77.8;0.776794;233.38;235.93;4.4885;3.5;;;;;;;;;;;;;;;;;;;;;;;;;;;;;;;;;;;;
1;Norte;15;PA;Pará;1506583;Santa Maria das Barreiras;943385.78;57009.05;696577.213;42094.34;1071990.172;48192.33;337615.535;442875.953;147338.748;104468.844;1032299.081;39691.092;Indústrias extrativas;Pecuária, inclusive apoio à pecuária;Agricultura, inclusive apoio à agricultura e a pós colheita;4;True;;;;;;;;98.2;0.967708;234.77;234.52;3.497624;3.4;;;;;;;;;93.7;0.934603;165.76;159.64;4.029957;3.8;;93.7;0.934603;165.76;159.64;4.029957;3.8;;98.2;0.967708;234.77;234.52;3.497624;3.4;;;;;;;;;;;;;;;;;;;;;;;;;;;;;;;;;;;;;;;;;;;
1;Norte;15;PA;Pará;1506609;Santa Maria do Pará;570081.228;23151.45;499868.396;20300.05;371437.368;14782.4;105234.825;27644.783;106106.899;103188.444;342174.951;29262.417;Administração, defesa, educação e saúde públicas e seguridade social;Agricultura, inclusive apoio à agricultura e a pós colheita;Demais serviços;7;True;98.9;0.988844;247.44;252.71;5.0025;4.9;;99.9;0.998328;264.24;274.64;4.512127;4.5;;98.9;0.988844;247.44;252.71;5.0025;4.9;;90.9;0.912661;195.61;190.41;5.159068;4.7;;91.0;0.915833;193.06;187.33;5.054404;4.6;;99.9;0.998328;264.24;274.64;4.512127;4.5;;;;;;;;;93.5;0.915433;178.11;169.3;4.44128;4.1;;;;;;;;;;;;;;;;;;;;;;;;;;;;;
1;Norte;15;PA;Pará;1506708;Santana do Araguaia;1978254.119;61032.74;1764088.482;54425.34;1381465.686;18178.38;379315.467;141633.578;390569.924;291705.15;1203224.119;178241.567;Administração, defesa, educação e saúde públicas e seguridade social;Comércio e reparação de veículos automotores e motocicletas;Agricultura, inclusive apoio à agricultura e a pós colheita;6;True;64.7;0.644919;237.71;231.71;4.490333;2.9;;97.2;0.950952;246.72;250.7;3.907677;3.7;;;;;;;;;90.9;0.905999;200.16;183.72;5.124264;4.6;;90.9;0.905999;200.16;183.72;5.124264;4.6;;97.2;0.950952;246.72;250.7;3.907677;3.7;;64.7;0.644919;237.71;231.71;4.490333;2.9;;;;;;;;;;;;;;;;;;;;;;;;;;;;;;;;;;;;
1;Norte;15;PA;Pará;1506807;Santarém;8681869.363;26154.78;7764936.389;23392.8;6387633.873;20716.27;442113.314;563796.644;3180015.137;1334782.601;5520707.696;866926.177;Demais serviços;Administração, defesa, educação e saúde públicas e seguridade social;Comércio e reparação de veículos automotores e motocicletas;7;True;94.7;0.94744;243.19;252.14;4.922167;4.7;;99.5;0.995181;261.69;266.82;4.359247;4.3;;99.7;0.99699;248.7;257.36;5.101;5.1;;94.3;0.942972;208.59;201.39;5.606414;5.3;;94.3;0.942972;208.59;201.39;5.606414;5.3;;99.2;0.99318;262.5;267.98;4.387989;4.4;;93.3;0.934112;239.17;248.33;4.791667;4.5;;;;;;;;;;;;;;;;;;;;;;;;;;;;;;;;;;;;
1;Norte;15;PA;Pará;1506906;Santarém Novo;81217.033;13279.44;67380.442;11017.08;59960.721;8822.94;11704.756;1983.214;8025.586;36770.403;58483.958;1476.762;Administração, defesa, educação e saúde públicas e seguridade social;Agricultura, inclusive apoio à agricultura e a pós colheita;Demais serviços;6;True;89.5;0.892469;231.64;234.08;4.428667;4.0;;99.7;0.995968;247.71;259.98;4.060503;4.0;;;;;;;;;91.7;0.921312;205.13;198.33;5.484747;5.1;;91.7;0.921312;205.13;198.33;5.484747;5.1;;99.7;0.995968;247.71;259.98;4.060503;4.0;;89.5;0.892469;231.64;234.08;4.428667;4.0;;;;;;;;;;;;;;;;;;;;;;;;;;;;;;;;;;;;
1;Norte;15;PA;Pará;1507003;Santo Antônio do Tauá;687291.27;25027.9;582208.797;21201.3;475226.051;14691.96;160572.47;54987.767;75761.26;147106.096;438427.594;36798.457;Administração, defesa, educação e saúde públicas e seguridade social;Agricultura, inclusive apoio à agricultura e a pós colheita;Demais serviços;6;True;87.0;0.870172;228.12;233.47;4.359833;3.8;;99.3;0.990835;241.19;240.99;3.684649;3.7;;;;;;;;;93.0;0.931805;191.13;185.55;4.985208;4.6;;93.0;0.931805;191.13;185.55;4.985208;4.6;;99.3;0.990835;241.19;240.99;3.684649;3.7;;87.0;0.870172;228.12;233.47;4.359833;3.8;;;;;;;;;;;;;;;;;;;;;;;;;;;;;;;;;;;;
1;Norte;15;PA;Pará;1507102;São Caetano de Odivelas;241828.535;14510.29;200863.859;12052.31;182987.053;10050.37;58502.663;5431.818;28931.013;84784.6;177650.093;5336.961;Administração, defesa, educação e saúde públicas e seguridade social;Produção florestal, pesca e aquicultura;Demais serviços;7;True;89.9;0.896166;231.64;236.52;4.469333;4.0;;99.4;0.993243;246.49;246.55;3.842321;3.8;;98.7;0.985474;228.8;234.69;4.3915;4.3;;88.3;0.882698;191.37;176.2;4.819788;4.3;;88.3;0.882698;191.37;176.2;4.819788;4.3;;99.4;0.993243;246.49;246.55;3.842321;3.8;;87.4;0.871641;233.23;237.55;4.513;3.9;;;;;;;;;;;;;;;;;;;;;;;;;;;;;;;;;;;;
1;Norte;15;PA;Pará;1507151;São Domingos do Araguaia;490028.822;23232.92;425974.407;20196.02;358711.302;13825.84;107269.484;13805.586;90906.91;124248.283;336230.264;22481.039;Administração, defesa, educação e saúde públicas e seguridade social;Pecuária, inclusive apoio à pecuária;Demais serviços;6;True;81.1;0.814853;223.56;236.65;4.336833;3.5;;98.2;0.976257;236.86;241.41;3.630122;3.5;;;;;;;;;89.2;0.888049;178.34;172.86;4.510397;4.0;;89.2;0.888049;178.34;172.86;4.510397;4.0;;98.2;0.976257;236.86;241.41;3.630122;3.5;;81.1;0.814853;223.56;236.65;4.336833;3.5;;;;;;;;;;;;;;;;;;;;;;;;;;;;;;;;;;;;
1;Norte;15;PA;Pará;1507201;São Domingos do Capim;654079.167;21375.83;589309.639;19259.11;437999.797;13566.67;204220.646;14408.525;50689.405;159058.665;428377.242;9622.555;Agricultura, inclusive apoio à agricultura e a pós colheita;Administração, defesa, educação e saúde públicas e seguridade social;Demais serviços;8;True;81.2;0.811692;231.0;232.98;4.399667;3.6;;99.5;0.992558;251.77;252.15;4.00031;4.0;;99.8;0.997735;220.27;228.14;4.140167;4.1;;80.7;0.810253;190.31;179.28;4.855559;3.9;;81.9;0.824382;189.9;177.72;4.819371;4.0;;99.5;0.992558;251.77;252.15;4.00031;4.0;;77.7;0.776108;235.01;234.79;4.496667;3.5;;100.0;1.0;188.79;173.45;4.720552;4.7;;;;;;;;;;;;;;;;;;;;;;;;;;;;;
1;Norte;15;PA;Pará;1507300;São Félix do Xingu;2352014.458;35953.63;2020084.663;30879.65;2008369.434;14796.58;879583.556;186678.979;327859.578;493873.676;1887995.789;120373.645;Pecuária, inclusive apoio à pecuária;Administração, defesa, educação e saúde públicas e seguridade social;Demais serviços;6;True;73.8;0.739255;227.9;230.1;4.3;3.2;;97.9;0.968085;257.79;255.93;4.141448;4.0;;;;;;;;;90.1;0.896115;180.77;173.08;4.560771;4.1;;90.1;0.896115;180.77;173.08;4.560771;4.1;;97.9;0.968085;257.79;255.93;4.141448;4.0;;73.8;0.739255;227.9;230.1;4.3;3.2;;;;;;;;;;;;;;;;;;;;;;;;;;;;;;;;;;;;
1;Norte;15;PA;Pará;1507409;São Francisco do Pará;359790.379;24156.73;326142.724;21897.59;264186.187;16534.37;108779.009;11976.342;52627.228;75952.577;249335.155;14851.032;Agricultura, inclusive apoio à agricultura e a pós colheita;Administração, defesa, educação e saúde públicas e seguridade social;Demais serviços;6;True;80.7;0.807071;237.35;251.17;4.808667;3.9;;98.5;0.980969;250.18;254.36;4.011063;3.9;;;;;;;;;88.8;0.888524;189.01;184.5;4.925659;4.4;;88.8;0.888524;189.01;184.5;4.925659;4.4;;98.5;0.980969;250.18;254.36;4.011063;3.9;;80.7;0.807071;237.35;251.17;4.808667;3.9;;;;;;;;;;;;;;;;;;;;;;;;;;;;;;;;;;;;
1;Norte;15;PA;Pará;1507458;São Geraldo do Araguaia;1028624.529;42408.76;937038.138;38632.78;710322.051;28914.84;175716.081;155043.016;146042.902;130009.986;606811.986;103510.065;Administração, defesa, educação e saúde públicas e seguridade social;Pecuária, inclusive apoio à pecuária;Indústrias de transformação;6;True;95.9;0.958514;238.2;242.16;4.672667;4.5;;98.8;0.985949;253.3;255.9;4.077937;4.0;;;;;;;;;97.8;0.977744;195.37;186.01;5.074488;5.0;;97.8;0.977744;195.37;186.01;5.074488;5.0;;98.8;0.985949;253.3;255.9;4.077937;4.0;;95.9;0.958514;238.2;242.16;4.672667;4.5;;;;;;;;;;;;;;;;;;;;;;;;;;;;;;;;;;;;
1;Norte;15;PA;Pará;1507466;São João da Ponta;79286.72;17897.68;66007.645;14900.15;57325.545;9107.97;16515.504;1727.829;6159.2;31279.77;55682.303;1643.242;Administração, defesa, educação e saúde públicas e seguridade social;Agricultura, inclusive apoio à agricultura e a pós colheita;Demais serviços;6;True;89.2;0.888702;210.95;212.88;3.7305;3.3;;99.6;0.994949;243.65;242.75;3.745547;3.7;;;;;;;;;95.6;0.957876;166.75;160.63;4.06685;3.9;;95.6;0.957876;166.75;160.63;4.06685;3.9;;99.6;0.994949;243.65;242.75;3.745547;3.7;;89.2;0.888702;210.95;212.88;3.7305;3.3;;;;;;;;;;;;;;;;;;;;;;;;;;;;;;;;;;;;
1;Norte;15;PA;Pará;1507474;São João de Pirabas;232878.224;11256.14;203685.408;9845.11;181939.076;7761.91;31753.387;6660.751;33029.637;103010.82;174454.595;7484.481;Administração, defesa, educação e saúde públicas e seguridade social;Demais serviços;Produção florestal, pesca e aquicultura;4;True;;;;;;;;99.5;0.993585;233.11;243.38;3.606944;3.6;;;;;;;;;97.3;0.971787;191.57;183.21;4.95106;4.8;;97.3;0.971787;191.57;183.21;4.95106;4.8;;99.5;0.993585;233.11;243.38;3.606944;3.6;;;;;;;;;;;;;;;;;;;;;;;;;;;;;;;;;;;;;;;;;;;
1;Norte;15;PA;Pará;1507508;São João do Araguaia;235495.215;17234.72;214553.545;15934.17;186694.929;13236.08;70257.619;10502.103;24511.314;72370.801;177641.837;9053.093;Administração, defesa, educação e saúde públicas e seguridade social;Pecuária, inclusive apoio à pecuária;Agricultura, inclusive apoio à agricultura e a pós colheita;6;True;79.7;0.797056;223.13;229.93;4.217667;3.4;;99.0;0.98489;243.63;233.21;3.602452;3.5;;;;;;;;;86.9;0.856203;172.87;164.4;4.252189;3.6;;86.9;0.856203;172.87;164.4;4.252189;3.6;;99.0;0.98489;243.63;233.21;3.602452;3.5;;79.7;0.797056;223.13;229.93;4.217667;3.4;;;;;;;;;;;;;;;;;;;;;;;;;;;;;;;;;;;;
1;Norte;15;PA;Pará;1507607;São Miguel do Guamá;1132578.033;21412.22;938620.655;17744.98;792510.061;13149.77;248068.914;47186.235;173800.045;272181.071;741236.264;51273.796;Administração, defesa, educação e saúde públicas e seguridade social;Agricultura, inclusive apoio à agricultura e a pós colheita;Demais serviços;6;True;77.4;0.774445;237.47;239.53;4.616667;3.6;;99.6;0.994949;260.57;262.16;4.273756;4.3;;;;;;;;;87.8;0.879062;198.94;193.91;5.286254;4.6;;87.8;0.879062;198.94;193.91;5.286254;4.6;;99.6;0.994949;260.57;262.16;4.273756;4.3;;77.4;0.774445;237.47;239.53;4.616667;3.6;;;;;;;;;;;;;;;;;;;;;;;;;;;;;;;;;;;;
1;Norte;15;PA;Pará;1507706;São Sebastião da Boa Vista;309742.598;12079.03;264513.835;10315.25;244687.865;8962.27;66735.7;5511.015;32686.325;133171.308;238104.347;6583.518;Administração, defesa, educação e saúde públicas e seguridade social;Produção florestal, pesca e aquicultura;Demais serviços;6;True;88.0;0.880306;254.99;254.41;5.156667;4.5;;98.5;0.976257;257.63;260.14;4.202224;4.1;;;;;;;;;93.5;0.933708;202.84;193.66;5.356136;5.0;;93.5;0.933708;202.84;193.66;5.356136;5.0;;98.5;0.976257;257.63;260.14;4.202224;4.1;;88.0;0.880306;254.99;254.41;5.156667;4.5;;;;;;;;;;;;;;;;;;;;;;;;;;;;;;;;;;;;
1;Norte;15;PA;Pará;1507755;Sapucaia;172700.146;29536.54;160507.213;27451.21;141044.938;23167.7;56540.62;6977.9;27619.501;39682.993;130821.013;10223.925;Pecuária, inclusive apoio à pecuária;Administração, defesa, educação e saúde públicas e seguridade social;Demais serviços;6;True;75.7;0.768707;232.11;242.44;4.575833;3.5;;100.0;1.0;241.54;271.47;4.145852;4.1;;;;;;;;;86.5;0.860048;211.26;195.66;5.553187;4.8;;86.5;0.860048;211.26;195.66;5.553187;4.8;;100.0;1.0;241.54;271.47;4.145852;4.1;;75.7;0.768707;232.11;242.44;4.575833;3.5;;;;;;;;;;;;;;;;;;;;;;;;;;;;;;;;;;;;
1;Norte;15;PA;Pará;1507805;Senador José Porfírio;341243.519;15115.32;327336.372;14499.31;246021.658;21762.2;105172.954;9715.667;45566.086;76524.766;236979.473;9042.186;Administração, defesa, educação e saúde públicas e seguridade social;Agricultura, inclusive apoio à agricultura e a pós colheita;Demais serviços;6;True;83.3;0.835729;235.71;241.16;4.6145;3.9;;97.8;0.951353;254.09;269.76;4.296517;4.1;;;;;;;;;90.2;0.903844;190.88;181.63;4.909164;4.4;;90.2;0.903844;190.88;181.63;4.909164;4.4;;97.8;0.951353;254.09;269.76;4.296517;4.1;;83.3;0.835729;235.71;241.16;4.6145;3.9;;;;;;;;;;;;;;;;;;;;;;;;;;;;;;;;;;;;
1;Norte;15;PA;Pará;1507904;Soure;338748.476;13995.56;277731.78;11474.62;241544.508;9379.64;53587.834;7350.342;55108.21;114484.542;230530.928;11013.58;Administração, defesa, educação e saúde públicas e seguridade social;Demais serviços;Pecuária, inclusive apoio à pecuária;7;True;91.4;0.915492;229.57;229.45;4.317;4.0;;99.1;0.988055;247.58;254.53;3.977091;3.9;;97.9;0.981407;223.4;227.03;4.173833;4.1;;88.9;0.885058;195.03;179.76;4.954363;4.4;;88.9;0.885058;195.03;179.76;4.954363;4.4;;99.1;0.988055;247.58;254.53;3.977091;3.9;;85.4;0.858662;237.65;232.62;4.5045;3.9;;;;;;;;;;;;;;;;;;;;;;;;;;;;;;;;;;;;
1;Norte;15;PA;Pará;1507953;Tailândia;2023567.633;27913.97;1738043.04;23975.32;1291016.866;11573.02;154773.953;178234.038;366147.457;421539.095;1120694.544;170322.322;Administração, defesa, educação e saúde públicas e seguridade social;Demais serviços;Comércio e reparação de veículos automotores e motocicletas;6;True;83.5;0.840726;233.74;238.78;4.542;3.8;;99.4;0.991541;256.1;263.62;4.232832;4.2;;;;;;;;;90.9;0.904717;187.73;178.11;4.78505;4.3;;90.9;0.904717;187.73;178.11;4.78505;4.3;;99.4;0.991541;256.1;263.62;4.232832;4.2;;83.5;0.840726;233.74;238.78;4.542;3.8;;;;;;;;;;;;;;;;;;;;;;;;;;;;;;;;;;;;
1;Norte;15;PA;Pará;1507961;Terra Alta;114730.932;11031.82;101759.842;9784.6;82918.903;6926.65;8621.476;2693.88;14728.878;54485.072;80529.306;2389.596;Administração, defesa, educação e saúde públicas e seguridade social;Demais serviços;Agricultura, inclusive apoio à agricultura e a pós colheita;7;True;95.5;0.955219;234.97;241.08;4.600833;4.4;;97.5;0.960043;256.7;257.43;4.148594;4.0;;97.4;0.976195;238.02;236.38;4.573333;4.5;;94.9;0.947395;189.82;181.53;4.887117;4.6;;94.9;0.947395;189.82;181.53;4.887117;4.6;;97.5;0.960043;256.7;257.43;4.148594;4.0;;94.3;0.944947;228.44;251.17;4.660167;4.4;;;;;;;;;;;;;;;;;;;;;;;;;;;;;;;;;;;;
1;Norte;15;PA;Pará;1507979;Terra Santa;590339.138;31431.11;875905.194;46635.35;519258.388;27239.07;25487.82;303388.64;76015.401;101169.786;506061.647;13196.741;Indústrias extrativas;Administração, defesa, educação e saúde públicas e seguridade social;Demais serviços;6;True;94.0;0.940391;252.6;252.5;5.085;4.8;;100.0;1.0;256.05;264.01;4.237968;4.2;;;;;;;;;99.5;0.994778;222.16;213.5;6.085566;6.1;;99.5;0.994778;222.16;213.5;6.085566;6.1;;100.0;1.0;256.05;264.01;4.237968;4.2;;94.0;0.940391;252.6;252.5;5.085;4.8;;;;;;;;;;;;;;;;;;;;;;;;;;;;;;;;;;;;
1;Norte;15;PA;Pará;1508001;Tomé-Açu;1746482.552;25841.27;1297601.649;19279.42;1039720.854;16093.75;224586.666;109035.722;265510.884;334983.484;934116.756;105604.098;Administração, defesa, educação e saúde públicas e seguridade social;Demais serviços;Agricultura, inclusive apoio à agricultura e a pós colheita;6;True;95.1;0.950421;241.08;245.6;4.778;4.5;;98.3;0.970713;250.54;258.8;4.082586;4.0;;;;;;;;;99.0;0.989742;202.23;193.01;5.332677;5.3;;99.0;0.989742;202.23;193.01;5.332677;5.3;;98.3;0.970713;250.54;258.8;4.082586;4.0;;95.1;0.950421;241.08;245.6;4.778;4.5;;;;;;;;;;;;;;;;;;;;;;;;;;;;;;;;;;;;
1;Norte;15;PA;Pará;1508035;Tracuateua;391637.992;13696.03;339249.012;11863.93;285003.521;9033.68;82239.584;18492.832;35285.819;142050.859;278069.094;6934.427;Administração, defesa, educação e saúde públicas e seguridade social;Agricultura, inclusive apoio à agricultura e a pós colheita;Demais serviços;6;True;78.2;0.783232;222.47;230.95;4.223667;3.3;;99.4;0.992214;240.97;244.34;3.731709;3.7;;;;;;;;;91.2;0.914612;194.56;187.36;5.083575;4.6;;91.2;0.914612;194.56;187.36;5.083575;4.6;;99.4;0.992214;240.97;244.34;3.731709;3.7;;78.2;0.783232;222.47;230.95;4.223667;3.3;;;;;;;;;;;;;;;;;;;;;;;;;;;;;;;;;;;;
1;Norte;15;PA;Pará;1508050;Trairão;454558.103;29822.73;373497.336;24504.48;327329.972;16921.52;96834.565;12833.14;100064.786;85763.211;295495.702;31834.269;Administração, defesa, educação e saúde públicas e seguridade social;Agricultura, inclusive apoio à agricultura e a pós colheita;Demais serviços;6;True;81.9;0.822079;226.83;226.1;4.2155;3.5;;100.0;1.0;267.68;270.66;4.500861;4.5;;;;;;;;;92.0;0.9189;190.84;180.64;4.890401;4.5;;92.0;0.9189;190.84;180.64;4.890401;4.5;;100.0;1.0;267.68;270.66;4.500861;4.5;;81.9;0.822079;226.83;226.1;4.2155;3.5;;;;;;;;;;;;;;;;;;;;;;;;;;;;;;;;;;;;
1;Norte;15;PA;Pará;1508084;Tucumã;1347918.985;34081.39;1174447.701;29695.26;984036.367;24200.99;177158.362;129965.407;355165.762;176936.202;839225.733;144810.634;Demais serviços;Administração, defesa, educação e saúde públicas e seguridade social;Comércio e reparação de veículos automotores e motocicletas;6;True;80.0;0.803732;245.31;248.89;4.903333;3.9;;99.5;0.993243;267.22;273.3;4.533921;4.5;;;;;;;;;93.3;0.93228;201.31;193.59;5.325665;5.0;;93.3;0.93228;201.31;193.59;5.325665;5.0;;99.5;0.993243;267.22;273.3;4.533921;4.5;;80.0;0.803732;245.31;248.89;4.903333;3.9;;;;;;;;;;;;;;;;;;;;;;;;;;;;;;;;;;;;
1;Norte;15;PA;Pará;1508100;Tucuruí;5457108.081;59767.25;5999822.793;65711.16;5612935.24;48136.32;73736.989;4178576.014;617647.449;589487.635;5459448.087;153487.153;Eletricidade e gás, água, esgoto, atividades de gestão de resíduos e descontaminação;Administração, defesa, educação e saúde públicas e seguridade social;Demais serviços;6;True;82.8;0.828999;244.38;249.25;4.893833;4.1;;99.5;0.994268;258.53;266.97;4.31711;4.3;;;;;;;;;88.8;0.884929;195.77;188.61;5.129394;4.5;;88.8;0.884929;195.77;188.61;5.129394;4.5;;98.9;0.984693;264.86;273.61;4.505416;4.4;;82.8;0.828999;244.38;249.25;4.893833;4.1;;;;;;;;;;;;;;;;;;;;;;;;;;;;;;;;;;;;
1;Norte;15;PA;Pará;1508126;Ulianópolis;2344285.426;61737.21;2302813.236;60645.03;1995463.414;32037.11;1376072.238;142721.399;181220.394;240157.263;1940171.295;55292.119;Agricultura, inclusive apoio à agricultura e a pós colheita;Administração, defesa, educação e saúde públicas e seguridade social;Demais serviços;6;True;99.5;0.994729;258.92;252.99;5.1985;5.2;;99.2;0.988404;250.15;260.94;4.109144;4.1;;;;;;;;;100.0;0.999199;229.55;210.81;6.177687;6.2;;100.0;0.999199;229.55;210.81;6.177687;6.2;;99.2;0.988404;250.15;260.94;4.109144;4.1;;99.5;0.994729;258.92;252.99;5.1985;5.2;;;;;;;;;;;;;;;;;;;;;;;;;;;;;;;;;;;;
1;Norte;15;PA;Pará;1508159;Uruará;1057793.926;24284.72;870209.199;19978.17;774004.087;17050.43;281379.785;35193.871;191296.641;214444.44;722314.737;51689.35;Administração, defesa, educação e saúde públicas e seguridade social;Agricultura, inclusive apoio à agricultura e a pós colheita;Demais serviços;6;True;93.2;0.934059;250.1;249.7;4.996667;4.7;;99.1;0.986653;254.26;263.9;4.21118;4.2;;;;;;;;;96.4;0.967755;202.61;193.12;5.341929;5.2;;96.4;0.967755;202.61;193.12;5.341929;5.2;;99.1;0.986653;254.26;263.9;4.21118;4.2;;93.2;0.934059;250.1;249.7;4.996667;4.7;;;;;;;;;;;;;;;;;;;;;;;;;;;;;;;;;;;;
1;Norte;15;PA;Pará;1508209;Vigia;602141.261;11845.71;520317.365;10236.02;476446.733;8718.15;97151.299;15383.075;127882.173;205472.728;445889.276;30557.457;Administração, defesa, educação e saúde públicas e seguridade social;Demais serviços;Produção florestal, pesca e aquicultura;7;True;95.5;0.955083;223.04;228.06;4.185;4.0;;98.9;0.988625;253.26;258.61;4.117944;4.1;;97.7;0.977503;222.15;229.38;4.192167;4.1;;90.0;0.900553;180.66;171.97;4.53849;4.1;;90.0;0.900553;180.66;171.97;4.53849;4.1;;98.9;0.988625;253.26;258.61;4.117944;4.1;;89.3;0.900612;227.23;221.77;4.15;3.7;;;;;;;;;;;;;;;;;;;;;;;;;;;;;;;;;;;;
1;Norte;15;PA;Pará;1508308;Viseu;869708.727;14818.18;700430.649;11934.01;617943.533;9951.9;225758.649;19875.686;79169.521;276353.523;601157.38;16786.153;Administração, defesa, educação e saúde públicas e seguridade social;Agricultura, inclusive apoio à agricultura e a pós colheita;Demais serviços;6;True;91.4;0.915399;234.07;239.71;4.563;4.2;;96.9;0.958484;237.17;238.67;3.593458;3.4;;;;;;;;;95.8;0.960536;180.72;175.25;4.599271;4.4;;95.8;0.960536;180.72;175.25;4.599271;4.4;;96.9;0.958484;237.17;238.67;3.593458;3.4;;91.4;0.915399;234.07;239.71;4.563;4.2;;;;;;;;;;;;;;;;;;;;;;;;;;;;;;;;;;;;
1;Norte;15;PA;Pará;1508357;Vitória do Xingu;3987037.044;255464.67;4086688.117;261983.98;4230224.672;274315.85;107917.782;3865918.737;84291.224;140076.034;4198203.778;32020.894;Eletricidade e gás, água, esgoto, atividades de gestão de resíduos e descontaminação;Administração, defesa, educação e saúde públicas e seguridade social;Demais serviços;6;True;93.9;0.942159;253.85;257.86;5.195167;4.9;;98.7;0.980249;256.42;274.36;4.398104;4.3;;;;;;;;;97.1;0.971079;206.68;195.57;5.464146;5.3;;97.1;0.971079;206.68;195.57;5.464146;5.3;;98.7;0.980249;256.42;274.36;4.398104;4.3;;93.9;0.942159;253.85;257.86;5.195167;4.9;;;;;;;;;;;;;;;;;;;;;;;;;;;;;;;;;;;;
1;Norte;15;PA;Pará;1508407;Xinguara;2321584.652;43892.1;2091023.256;39533.08;1604337.475;35325.38;184086.295;316852.729;560779.623;242664.743;1304383.389;299954.086;Demais serviços;Indústrias de transformação;Administração, defesa, educação e saúde públicas e seguridade social;6;True;87.5;0.875259;241.35;249.8;4.8525;4.2;;99.3;0.988753;260.76;265.69;4.329269;4.3;;;;;;;;;92.2;0.921377;198.25;196.51;5.320359;4.9;;92.2;0.921377;198.25;196.51;5.320359;4.9;;99.3;0.988753;260.76;265.69;4.329269;4.3;;87.5;0.875259;241.35;249.8;4.8525;4.2;;;;;;;;;;;;;;;;;;;;;;;;;;;;;;;;;;;;
