region_code;region_name;state_code;state_abbr;state_name;city_code;city_name;gdp_2023_current_prices_thousand_reais;gdp_per_capita_2023_current_reais;gdp_2022_current_prices_thousand_reais;gdp_per_capita_2022_current_reais;gdp_2021_current_prices_thousand_reais;gdp_per_capita_2021_current_reais;gross_value_added_agriculture_2021_current_prices_thousand_reais;gross_value_added_industry_2021_current_prices_thousand_reais;gross_value_added_services_2021_current_prices_thousand_reais;gross_value_added_public_administration_2021_current_prices_thousand_reais;gross_value_added_total_2021_current_prices_thousand_reais;taxes_less_subsidies_2021_current_prices_thousand_reais;main_economic_activity_2021;second_main_economic_activity_2021;third_main_economic_activity_2021;total_school_records;has_any_school_record;approval_rate_municipal_fundamental_finais_6_9;performance_indicator_municipal_fundamental_finais_6_9;saeb_math_score_municipal_fundamental_finais_6_9;saeb_portuguese_score_municipal_fundamental_finais_6_9;saeb_standardized_average_score_municipal_fundamental_finais_6_9;ideb_municipal_fundamental_finais_6_9;ideb_projection_municipal_fundamental_finais_6_9;approval_rate_estadual_medio_todos_1_4;performance_indicator_estadual_medio_todos_1_4;saeb_math_score_estadual_medio_todos_1_4;saeb_portuguese_score_estadual_medio_todos_1_4;saeb_standardized_average_score_estadual_medio_todos_1_4;ideb_estadual_medio_todos_1_4;ideb_projection_estadual_medio_todos_1_4;approval_rate_estadual_fundamental_finais_6_9;performance_indicator_estadual_fundamental_finais_6_9;saeb_math_score_estadual_fundamental_finais_6_9;saeb_portuguese_score_estadual_fundamental_finais_6_9;saeb_standardized_average_score_estadual_fundamental_finais_6_9;ideb_estadual_fundamental_finais_6_9;ideb_projection_estadual_fundamental_finais_6_9;approval_rate_publica_medio_todos_1_4;performance_indicator_publica_medio_todos_1_4;saeb_math_score_publica_medio_todos_1_4;saeb_portuguese_score_publica_medio_todos_1_4;saeb_standardized_average_score_publica_medio_todos_1_4;ideb_publica_medio_todos_1_4;ideb_projection_publica_medio_todos_1_4;approval_rate_publica_fundamental_finais_6_9;performance_indicator_publica_fundamental_finais_6_9;saeb_math_score_publica_fundamental_finais_6_9;saeb_portuguese_score_publica_fundamental_finais_6_9;saeb_standardized_average_score_publica_fundamental_finais_6_9;ideb_publica_fundamental_finais_6_9;ideb_projection_publica_fundamental_finais_6_9;approval_rate_federal_medio_todos_1_4;performance_indicator_federal_medio_todos_1_4;saeb_math_score_federal_medio_todos_1_4;saeb_portuguese_score_federal_medio_todos_1_4;saeb_standardized_average_score_federal_medio_todos_1_4;ideb_federal_medio_todos_1_4;ideb_projection_federal_medio_todos_1_4;approval_rate_publica_fundamental_iniciais_1_5;performance_indicator_publica_fundamental_iniciais_1_5;saeb_math_score_publica_fundamental_iniciais_1_5;saeb_portuguese_score_publica_fundamental_iniciais_1_5;saeb_standardized_average_score_publica_fundamental_iniciais_1_5;ideb_publica_fundamental_iniciais_1_5;ideb_projection_publica_fundamental_iniciais_1_5;approval_rate_municipal_fundamental_iniciais_1_5;performance_indicator_municipal_fundamental_iniciais_1_5;saeb_math_score_municipal_fundamental_iniciais_1_5;saeb_portuguese_score_municipal_fundamental_iniciais_1_5;saeb_standardized_average_score_municipal_fundamental_iniciais_1_5;ideb_municipal_fundamental_iniciais_1_5;ideb_projection_municipal_fundamental_iniciais_1_5;approval_rate_municipal_medio_todos_1_4;performance_indicator_municipal_medio_todos_1_4;saeb_math_score_municipal_medio_todos_1_4;saeb_portuguese_score_municipal_medio_todos_1_4;saeb_standardized_average_score_municipal_medio_todos_1_4;ideb_municipal_medio_todos_1_4;ideb_projection_municipal_medio_todos_1_4;approval_rate_estadual_fundamental_iniciais_1_5;performance_indicator_estadual_fundamental_iniciais_1_5;saeb_math_score_estadual_fundamental_iniciais_1_5;saeb_portuguese_score_estadual_fundamental_iniciais_1_5;saeb_standardized_average_score_estadual_fundamental_iniciais_1_5;ideb_estadual_fundamental_iniciais_1_5;ideb_projection_estadual_fundamental_iniciais_1_5;approval_rate_federal_fundamental_finais_6_9;performance_indicator_federal_fundamental_finais_6_9;saeb_math_score_federal_fundamental_finais_6_9;saeb_portuguese_score_federal_fundamental_finais_6_9;saeb_standardized_average_score_federal_fundamental_finais_6_9;ideb_federal_fundamental_finais_6_9;ideb_projection_federal_fundamental_finais_6_9;approval_rate_federal_fundamental_iniciais_1_5;performance_indicator_federal_fundamental_iniciais_1_5;saeb_math_score_federal_fundamental_iniciais_1_5;saeb_portuguese_score_federal_fundamental_iniciais_1_5;saeb_standardized_average_score_federal_fundamental_iniciais_1_5;ideb_federal_fundamental_iniciais_1_5;ideb_projection_federal_fundamental_iniciais_1_5
3;Sudeste;33;RJ;Rio de Janeiro;3300100;Angra dos Reis;11900498.299;71075.76;11032724.613;65899.27;11194156.559;53262.14;60857.099;3331322.385;4796224.935;1921437.991;10109842.41;1084314.149;Demais serviços;Eletricidade e gás, água, esgoto, atividades de gestão de resíduos e descontaminação;Administração, defesa, educação e saúde públicas e seguridade social;8;True;92.9;0.92873;239.56;250.28;4.830667;4.5;;78.9;0.793864;255.12;264.57;4.233289;3.4;;85.8;0.857324;237.73;245.75;4.724667;4.1;;80.2;0.80532;270.61;272.91;4.575696;3.7;;91.2;0.911374;238.85;248.52;4.7895;4.4;;98.5;0.982113;406.4;346.01;7.57717;7.4;;97.4;0.974655;217.17;203.57;5.809791;5.7;;97.4;0.974448;217.17;203.57;5.809791;5.7;;;;;;;;;;;;;;;;;;;;;;;;;;;;;
3;Sudeste;33;RJ;Rio de Janeiro;3300159;Aperibé;301129.434;27291.05;276294.733;25040.31;249118.566;20697.79;9386.796;13598.342;85160.834;121490.989;229636.96;19481.606;Administração, defesa, educação e saúde públicas e seguridade social;Demais serviços;Comércio e reparação de veículos automotores e motocicletas;7;True;95.7;0.96092;251.65;237.57;4.820333;4.6;;96.1;0.960016;277.3;282.31;4.810375;4.6;;95.8;0.953162;272.99;275.87;5.814333;5.5;;96.1;0.960016;277.3;282.31;4.810375;4.6;;95.7;0.95562;268.22;267.31;5.592167;5.3;;;;;;;;;95.2;0.947033;225.68;214.01;6.162014;5.8;;95.2;0.947033;225.68;214.01;6.162014;5.8;;;;;;;;;;;;;;;;;;;;;;;;;;;;;
3;Sudeste;33;RJ;Rio de Janeiro;3300209;Araruama;13156181.005;101458.16;9387990.044;72399.65;4234216.841;31109.01;59720.946;1071336.057;1557778.1;1183055.339;3871890.442;362326.399;Demais serviços;Administração, defesa, educação e saúde públicas e seguridade social;Indústrias extrativas;6;True;81.4;0.816151;254.9;259.87;5.246167;4.3;;84.0;0.844862;253.69;261.49;4.167097;3.5;;;;;;;;;84.0;0.844862;253.69;261.49;4.167097;3.5;;81.4;0.816151;254.9;259.87;5.246167;4.3;;;;;;;;;91.1;0.90983;219.42;211.45;5.996003;5.5;;91.1;0.90983;219.42;211.45;5.996003;5.5;;;;;;;;;;;;;;;;;;;;;;;;;;;;;
3;Sudeste;33;RJ;Rio de Janeiro;3300225;Areal;597072.116;50479.55;488446.186;41295.75;427436.369;33490.27;4394.159;89807.921;123296.226;134994.427;352492.733;74943.636;Administração, defesa, educação e saúde públicas e seguridade social;Demais serviços;Indústrias de transformação;6;True;;;;;;;;92.5;0.926074;248.1;246.61;3.865831;3.6;;95.9;0.959617;257.04;261.08;5.302;5.1;;92.5;0.926074;248.1;246.61;3.865831;3.6;;77.3;0.775492;257.04;261.08;5.302;4.1;;;;;;;;;97.6;0.976115;221.38;216.7;6.128862;6.0;;97.6;0.976115;221.38;216.7;6.128862;6.0;;;;;;;;;;;;;;;;;;;;;;;;;;;;;
3;Sudeste;33;RJ;Rio de Janeiro;3300233;Armação dos Búzios;5019621.154;125471.71;4138736.702;103452.9;2970296.615;84720.38;12585.504;1181356.021;1165231.458;478879.548;2838052.531;132244.084;Indústrias extrativas;Demais serviços;Administração, defesa, educação e saúde públicas e seguridade social;6;True;82.3;0.823112;241.91;253.06;4.916167;4.0;;;;;;;;;;;;;;;;71.1;0.76992;256.07;255.21;4.106512;3.2;;82.3;0.823112;241.91;253.06;4.916167;4.0;;;;;;;;;88.3;0.882984;226.62;219.68;6.283044;5.5;;88.3;0.882984;226.62;219.68;6.283044;5.5;;80.4;0.847358;261.91;268.15;4.382247;3.7;;;;;;;;;;;;;;;;;;;;;;
3;Sudeste;33;RJ;Rio de Janeiro;3300258;Arraial do Cabo;9335373.871;301277.15;7026277.255;226756.51;2705449.583;87762.34;22382.215;1510707.133;713995.074;387018.786;2634103.206;71346.376;Indústrias extrativas;Demais serviços;Administração, defesa, educação e saúde públicas e seguridade social;6;True;89.2;0.894235;260.34;258.92;5.321;4.8;;93.0;0.934629;265.04;267.94;4.423064;4.1;;;;;;;;;92.1;0.934629;265.04;267.94;4.423064;4.1;;89.2;0.894235;260.34;258.92;5.321;4.8;;;;;;;;;83.9;0.839566;219.6;208.42;5.944347;5.0;;83.9;0.839566;219.6;208.42;5.944347;5.0;;;;;;;;;;;;;;;;;;;;;;;;;;;;;
3;Sudeste;33;RJ;Rio de Janeiro;3300308;Barra do Piraí;3225723.098;34728.89;3005431.969;32357.18;2713889.71;26833.27;47238.386;540720.293;1047621.072;776395.591;2411975.341;301914.369;Demais serviços;Administração, defesa, educação e saúde públicas e seguridade social;Indústrias de transformação;7;True;89.0;0.89171;233.45;246.91;4.672667;4.2;;84.3;0.845219;261.11;265.83;4.336281;3.7;;86.2;0.860267;240.83;246.95;4.796333;4.1;;84.3;0.845219;261.11;265.83;4.336281;3.7;;86.7;0.866096;239.62;246.94;4.776;4.1;;;;;;;;;89.4;0.892996;211.14;205.06;5.721806;5.1;;89.4;0.892996;211.14;205.06;5.721806;5.1;;;;;;;;;;;;;;;;;;;;;;;;;;;;;
3;Sudeste;33;RJ;Rio de Janeiro;3300407;Barra Mansa;6831114.616;40208.1;6513673.527;38338.5;6449269.604;34816.31;70860.157;1292422.94;2974215.604;1419176.464;5756675.165;692594.439;Demais serviços;Administração, defesa, educação e saúde públicas e seguridade social;Indústrias de transformação;7;True;89.9;0.894233;261.48;266.49;5.466167;4.9;;89.4;0.899655;270.62;281.21;4.700087;4.2;;88.4;0.887209;255.53;261.11;5.277333;4.7;;89.4;0.899655;270.62;281.21;4.700087;4.2;;89.5;0.891925;259.48;264.68;5.402667;4.8;;;;;;;;;92.4;0.926391;228.41;220.71;6.335931;5.9;;92.4;0.926391;228.41;220.71;6.335931;5.9;;;;;;;;;;;;;;;;;;;;;;;;;;;;;
3;Sudeste;33;RJ;Rio de Janeiro;3300456;Belford Roxo;9686338.741;20050.92;9579716.4;19830.21;8839736.389;17156.57;3708.386;1047938.144;3073704.556;3675975.987;7801327.073;1038409.316;Administração, defesa, educação e saúde públicas e seguridade social;Demais serviços;Comércio e reparação de veículos automotores e motocicletas;7;True;86.3;0.871845;232.67;238.38;4.5175;3.9;;83.2;0.83538;239.46;247.06;3.751219;3.1;;86.0;0.860706;223.23;229.49;4.212;3.6;;83.2;0.83538;239.46;247.06;3.751219;3.1;;86.1;0.860441;225.67;231.79;4.291;3.7;;;;;;;;;91.1;0.910666;198.35;191.13;5.224449;4.8;;91.1;0.910666;198.35;191.13;5.224449;4.8;;;;;;;;;;;;;;;;;;;;;;;;;;;;;
3;Sudeste;33;RJ;Rio de Janeiro;3300506;Bom Jardim;1018919.574;36257.9;890883.017;31701.77;887295.416;31941.23;105463.985;184754.56;252072.86;232367.879;774659.283;112636.133;Administração, defesa, educação e saúde públicas e seguridade social;Demais serviços;Indústrias de transformação;6;True;;;;;;;;89.2;0.887404;278.15;279.67;4.782792;4.2;;84.4;0.844321;253.16;253.3;5.107667;4.3;;89.2;0.887404;278.15;279.67;4.782792;4.2;;83.5;0.836172;256.77;255.51;5.204667;4.4;;;;;;;;;92.4;0.923836;222.17;217.35;6.155756;5.7;;92.4;0.923836;222.17;217.35;6.155756;5.7;;;;;;;;;;;;;;;;;;;;;;;;;;;;;
3;Sudeste;33;RJ;Rio de Janeiro;3300605;Bom Jesus do Itabapoana;1207610.759;34333.46;1062573.268;30209.91;908156.381;24343.44;55743.465;98642.213;356687.373;303932.513;815005.563;93150.818;Administração, defesa, educação e saúde públicas e seguridade social;Demais serviços;Eletricidade e gás, água, esgoto, atividades de gestão de resíduos e descontaminação;6;True;;;;;;;;91.9;0.917363;268.98;276.17;4.601605;4.2;;94.2;0.941589;254.86;252.14;5.116667;4.8;;90.4;0.905672;282.09;287.7;4.958339;4.5;;94.0;0.939379;254.77;253.28;5.134167;4.8;;;;;;;;;98.8;0.987974;234.3;220.31;6.441063;6.4;;98.8;0.987974;234.3;220.31;6.441063;6.4;;;;;;;;;;;;;;;;;;;;;;;;;;;;;
3;Sudeste;33;RJ;Rio de Janeiro;3300704;Cabo Frio;16964471.592;76361.16;15453319.318;69613.62;12359509.137;52801.04;58007.433;5375421.693;4224059.16;2170099.276;11827587.562;531921.575;Indústrias extrativas;Demais serviços;Administração, defesa, educação e saúde públicas e seguridade social;8;True;79.4;0.795366;241.68;246.61;4.804833;3.8;;80.3;0.810208;254.08;261.19;4.168083;3.4;;80.6;0.807789;233.1;238.47;4.526167;3.7;;81.5;0.820235;254.22;261.9;4.180679;3.4;;79.6;0.796955;240.83;245.81;4.777333;3.8;;;;;;;;;85.6;0.855436;214.86;207.72;5.841162;5.0;;85.6;0.855436;214.86;207.72;5.841162;5.0;;87.0;0.867667;254.7;264.35;4.224097;3.7;;;;;;;;;;;;;;;;;;;;;;
3;Sudeste;33;RJ;Rio de Janeiro;3300803;Cachoeiras de Macacu;1702401.841;29896.6;1567754.54;27532.0;1305498.488;21885.24;65695.617;255650.943;381961.409;478957.336;1182265.306;123233.183;Administração, defesa, educação e saúde públicas e seguridade social;Demais serviços;Indústrias de transformação;7;True;78.9;0.800961;237.96;243.64;4.693333;3.8;;88.6;0.889416;263.6;273.68;4.488767;4.0;;82.0;0.816372;240.02;244.52;4.742333;3.9;;88.3;0.912213;263.6;273.68;4.488767;4.1;;80.8;0.807062;239.69;244.38;4.7345;3.8;;;;;;;;;84.8;0.848845;205.8;199.62;5.520988;4.7;;84.8;0.848845;205.8;199.62;5.520988;4.7;;;;;;;;;;;;;;;;;;;;;;;;;;;;;
3;Sudeste;33;RJ;Rio de Janeiro;3300902;Cambuci;479568.356;32811.19;459441.635;31434.16;399846.596;25761.65;73845.404;37281.847;86935.641;142742.309;340805.2;59041.396;Administração, defesa, educação e saúde públicas e seguridade social;Demais serviços;Agricultura, inclusive apoio à agricultura e a pós colheita;5;True;;;;;;;;98.1;0.980075;254.41;262.03;4.185293;4.1;;;;;;;;;88.2;0.876827;266.66;276.55;4.574709;4.0;;;;;;;;;64.9;0.675916;296.45;311.88;5.522;3.7;;97.8;0.978912;237.01;225.83;6.593144;6.5;;97.8;0.978912;237.01;225.83;6.593144;6.5;;;;;;;;;;;;;;;;;;;;;;;;;;;;;
3;Sudeste;33;RJ;Rio de Janeiro;3300936;Carapebus;1045633.275;75513.34;1195363.419;86326.53;726756.04;43107.9;13339.16;339636.538;152591.053;199124.84;704691.591;22064.449;Indústrias extrativas;Administração, defesa, educação e saúde públicas e seguridade social;Demais serviços;4;True;92.0;0.921657;245.8;253.92;4.995333;4.6;;;;;;;;;;;;;;;;;;;;;;;92.0;0.921657;245.8;253.92;4.995333;4.6;;;;;;;;;90.9;0.910364;214.18;204.25;5.765094;5.2;;90.9;0.910364;214.18;204.25;5.765094;5.2;;;;;;;;;;;;;;;;;;;;;;;;;;;;;
3;Sudeste;33;RJ;Rio de Janeiro;3300951;Comendador Levy Gasparian;633562.453;72481.69;572680.21;65516.56;603969.248;70310.74;6122.017;320228.42;126735.449;93081.154;546167.039;57802.208;Eletricidade e gás, água, esgoto, atividades de gestão de resíduos e descontaminação;Indústrias de transformação;Demais serviços;6;True;95.5;0.956978;281.6;280.18;6.029667;5.8;;85.9;0.860906;257.04;270.84;4.354118;3.7;;;;;;;;;85.9;0.860906;257.04;270.84;4.354118;3.7;;95.5;0.956978;281.6;280.18;6.029667;5.8;;;;;;;;;99.3;0.993518;258.19;229.68;7.067343;7.0;;99.3;0.993518;258.19;229.68;7.067343;7.0;;;;;;;;;;;;;;;;;;;;;;;;;;;;;
3;Sudeste;33;RJ;Rio de Janeiro;3301009;Campos dos Goytacazes;42953468.722;88831.26;49942073.821;103281.92;37179716.335;72243.7;368934.687;20380239.651;10854516.945;4146074.696;35749765.98;1429950.355;Indústrias extrativas;Demais serviços;Administração, defesa, educação e saúde públicas e seguridade social;8;True;88.8;0.895918;235.38;247.72;4.718333;4.2;;84.5;0.847416;249.17;249.81;3.928764;3.3;;78.7;0.787544;223.94;227.4;4.189;3.3;;83.9;0.841656;253.86;253.39;4.048227;3.4;;82.9;0.831065;226.07;231.19;4.287667;3.6;;;;;;;;;94.6;0.945834;212.05;204.69;5.732445;5.4;;94.6;0.945834;212.26;204.76;5.737725;5.4;;;;;;;;;94.7;0.946126;202.81;201.53;5.498654;5.2;;;;;;;;;;;;;;;
3;Sudeste;33;RJ;Rio de Janeiro;3301108;Cantagalo;1075295.576;55456.19;915904.259;47235.91;841412.936;41730.54;40421.996;345749.119;199715.72;183182.826;769069.66;72343.276;Indústrias de transformação;Demais serviços;Administração, defesa, educação e saúde públicas e seguridade social;7;True;84.2;0.841105;235.81;236.22;4.533833;3.8;;92.1;0.922247;277.68;278.67;4.761221;4.4;;88.3;0.883596;257.11;256.95;5.234333;4.6;;92.1;0.922247;277.68;278.67;4.761221;4.4;;86.3;0.861313;248.91;248.98;4.964833;4.3;;;;;;;;;84.2;0.847777;228.59;220.8;6.341003;5.4;;84.2;0.847777;228.59;220.8;6.341003;5.4;;;;;;;;;;;;;;;;;;;;;;;;;;;;;
3;Sudeste;33;RJ;Rio de Janeiro;3301157;Cardoso Moreira;393124.678;30338.38;383126.389;29566.78;395475.741;30853.16;28953.358;88349.217;107689.387;126984.003;351975.965;43499.776;Administração, defesa, educação e saúde públicas e seguridade social;Demais serviços;Indústrias extrativas;7;True;86.0;0.873188;245.63;239.45;4.751333;4.1;;92.0;0.920115;268.72;275.93;4.59436;4.2;;92.2;0.913682;279.61;274.41;5.900333;5.4;;92.0;0.920115;268.72;275.93;4.59436;4.2;;88.0;0.884002;268.01;262.47;5.508;4.9;;;;;;;;;86.7;0.867349;210.69;199.05;5.603945;4.9;;86.7;0.867349;210.69;199.05;5.603945;4.9;;;;;;;;;;;;;;;;;;;;;;;;;;;;;
3;Sudeste;33;RJ;Rio de Janeiro;3301207;Carmo;671866.142;39066.53;620952.329;36106.08;561273.169;29292.48;24934.488;139478.445;160746.151;167812.025;492971.109;68302.06;Administração, defesa, educação e saúde públicas e seguridade social;Demais serviços;Eletricidade e gás, água, esgoto, atividades de gestão de resíduos e descontaminação;7;True;80.0;0.770605;272.76;273.25;5.766833;4.4;;96.2;0.962804;264.8;282.14;4.632268;4.5;;91.0;0.909057;264.74;266.62;5.522667;5.0;;96.2;0.962804;264.8;282.14;4.632268;4.5;;89.2;0.892454;266.06;267.71;5.562833;5.0;;;;;;;;;86.3;0.858133;220.37;210.08;5.989223;5.1;;86.3;0.858133;220.37;210.08;5.989223;5.1;;;;;;;;;;;;;;;;;;;;;;;;;;;;;
3;Sudeste;33;RJ;Rio de Janeiro;3301306;Casimiro de Abreu;3363238.534;72939.46;3142864.651;68160.15;2352144.561;51285.2;13478.889;1173401.423;633038.038;449948.453;2269866.803;82277.758;Indústrias extrativas;Demais serviços;Administração, defesa, educação e saúde públicas e seguridade social;6;True;92.8;0.927257;255.35;258.03;5.223;4.8;;85.9;0.860945;258.38;269.12;4.347189;3.7;;;;;;;;;85.9;0.860945;258.38;269.12;4.347189;3.7;;92.8;0.927257;255.35;258.03;5.223;4.8;;;;;;;;;96.1;0.960885;226.15;221.58;6.30862;6.1;;96.1;0.960885;226.15;221.58;6.30862;6.1;;;;;;;;;;;;;;;;;;;;;;;;;;;;;
3;Sudeste;33;RJ;Rio de Janeiro;3301405;Conceição de Macabu;503999.723;23881.72;449934.904;21319.89;434134.758;18425.99;21308.018;15760.834;151145.449;208677.673;396891.974;37242.784;Administração, defesa, educação e saúde públicas e seguridade social;Demais serviços;Comércio e reparação de veículos automotores e motocicletas;7;True;87.7;0.883609;230.24;239.84;4.501333;4.0;;90.0;0.897211;240.26;240.19;3.659611;3.3;;95.1;0.950577;243.43;250.87;4.905;4.7;;90.0;0.897211;240.26;240.19;3.659611;3.3;;92.5;0.925874;239.01;247.17;4.769667;4.4;;;;;;;;;93.1;0.931533;210.75;201.63;5.651999;5.3;;93.1;0.931533;210.75;201.63;5.651999;5.3;;;;;;;;;;;;;;;;;;;;;;;;;;;;;
3;Sudeste;33;RJ;Rio de Janeiro;3301504;Cordeiro;530533.448;25527.28;477135.534;22957.97;456167.744;20592.62;7437.569;49845.241;174130.586;195070.098;426483.494;29684.25;Administração, defesa, educação e saúde públicas e seguridade social;Demais serviços;Comércio e reparação de veículos automotores e motocicletas;7;True;96.4;0.963713;252.2;260.35;5.209167;5.0;;97.1;0.971313;260.48;270.53;4.397791;4.3;;94.1;0.94293;247.52;259.67;5.119833;4.8;;97.1;0.971313;260.48;270.53;4.397791;4.3;;95.4;0.953972;249.91;260.02;5.1655;4.9;;;;;;;;;97.3;0.973843;218.41;212.39;5.993819;5.8;;97.3;0.973843;218.41;212.39;5.993819;5.8;;;;;;;;;;;;;;;;;;;;;;;;;;;;;
3;Sudeste;33;RJ;Rio de Janeiro;3301603;Duas Barras;285448.057;25997.09;274029.87;24957.18;249214.314;21552.74;30631.347;18051.237;57926.617;113347.251;219956.452;29257.863;Administração, defesa, educação e saúde públicas e seguridade social;Demais serviços;Pecuária, inclusive apoio à pecuária;7;True;86.9;0.875122;235.56;249.37;4.748833;4.2;;94.2;0.941659;263.68;268.37;4.4104;4.2;;94.7;0.947112;244.61;242.43;4.784;4.5;;94.2;0.941659;263.68;268.37;4.4104;4.2;;90.6;0.907934;241.01;245.19;4.77;4.3;;;;;;;;;86.8;0.866502;210.19;192.23;5.470403;4.7;;86.8;0.866502;210.19;192.23;5.470403;4.7;;;;;;;;;;;;;;;;;;;;;;;;;;;;;
3;Sudeste;33;RJ;Rio de Janeiro;3301702;Duque de Caxias;70068006.833;86700.55;65861332.848;81496.22;53136503.853;57169.9;18006.44;14779159.528;22667493.287;6868695.121;44333354.375;8803149.477;Demais serviços;Indústrias de transformação;Comércio e reparação de veículos automotores e motocicletas;7;True;83.3;0.838513;228.69;236.31;4.416667;3.7;;81.3;0.817116;246.65;252.77;3.937682;3.2;;84.9;0.849503;226.45;231.93;4.306333;3.7;;81.2;0.817116;246.65;252.77;3.937682;3.2;;84.3;0.842475;227.13;233.26;4.339833;3.7;;;;;;;;;87.6;0.876521;196.74;190.69;5.1857240000000004;4.5;;87.6;0.876521;196.74;190.69;5.1857240000000004;4.5;;;;;;;;;;;;;;;;;;;;;;;;;;;;;
3;Sudeste;33;RJ;Rio de Janeiro;3301801;Engenheiro Paulo de Frontin;320438.424;26175.33;383264.171;31307.32;406734.577;28768.89;10992.981;88645.314;100096.31;158195.698;357930.302;48804.275;Administração, defesa, educação e saúde públicas e seguridade social;Demais serviços;Indústrias de transformação;6;True;92.7;0.924957;251.05;251.12;5.036167;4.7;;94.6;0.944028;269.08;294.0;4.869925;4.6;;;;;;;;;94.8;0.944028;269.08;294.0;4.869925;4.6;;92.7;0.924957;251.05;251.12;5.036167;4.7;;;;;;;;;94.7;0.946193;218.64;207.5;5.909299;5.6;;94.7;0.946193;218.64;207.5;5.909299;5.6;;;;;;;;;;;;;;;;;;;;;;;;;;;;;
3;Sudeste;33;RJ;Rio de Janeiro;3301850;Guapimirim;1589983.141;30756.41;1450029.801;28049.17;1363991.779;21920.32;29282.937;223701.065;444455.77;545712.962;1243152.734;120839.045;Administração, defesa, educação e saúde públicas e seguridade social;Demais serviços;Indústrias de transformação;6;True;87.3;0.870832;246.03;256.13;5.036;4.4;;85.9;0.861511;257.48;267.86;4.315687;3.7;;;;;;;;;85.9;0.861511;257.48;267.86;4.315687;3.7;;87.3;0.870832;246.03;256.13;5.036;4.4;;;;;;;;;90.8;0.908376;208.11;202.47;5.61689;5.1;;90.8;0.908376;208.11;202.47;5.61689;5.1;;;;;;;;;;;;;;;;;;;;;;;;;;;;;
3;Sudeste;33;RJ;Rio de Janeiro;3301876;Iguaba Grande;814661.157;29178.41;712149.384;25506.78;631392.527;21516.92;2797.506;44762.315;243317.527;302782.453;593659.801;37732.726;Administração, defesa, educação e saúde públicas e seguridade social;Demais serviços;Comércio e reparação de veículos automotores e motocicletas;6;True;96.0;0.961038;274.64;269.35;5.733167;5.5;;84.5;0.846601;259.82;264.33;4.295707;3.6;;;;;;;;;84.5;0.846601;259.82;264.33;4.295707;3.6;;96.0;0.961038;274.64;269.35;5.733167;5.5;;;;;;;;;97.2;0.972038;240.91;227.03;6.68939;6.5;;97.2;0.972038;240.91;227.03;6.68939;6.5;;;;;;;;;;;;;;;;;;;;;;;;;;;;;
3;Sudeste;33;RJ;Rio de Janeiro;3301900;Itaboraí;6278393.127;27995.17;5640940.594;25152.79;5640678.05;23078.19;17168.638;649530.342;2458230.305;1934955.551;5059884.835;580793.215;Administração, defesa, educação e saúde públicas e seguridade social;Demais serviços;Comércio e reparação de veículos automotores e motocicletas;7;True;83.3;0.836011;233.86;243.01;4.6145;3.9;;82.1;0.823817;247.93;252.95;3.958354;3.3;;78.4;0.786798;229.58;240.48;4.501;3.5;;82.1;0.823817;247.93;252.95;3.958354;3.3;;82.5;0.825982;232.93;242.46;4.589833;3.8;;;;;;;;;89.3;0.893381;204.8;201.77;5.540995;5.0;;89.3;0.893381;204.8;201.77;5.540995;5.0;;;;;;;;;;;;;;;;;;;;;;;;;;;;;
3;Sudeste;33;RJ;Rio de Janeiro;3302007;Itaguaí;11383961.888;97431.23;9092302.088;77817.74;10502682.395;76916.24;18783.072;769960.539;7105404.589;1321063.881;9215212.081;1287470.313;Demais serviços;Administração, defesa, educação e saúde públicas e seguridade social;Comércio e reparação de veículos automotores e motocicletas;7;True;86.1;0.863291;233.77;236.93;4.511667;3.9;;86.3;0.866145;247.04;253.16;3.948998;3.4;;;;;;;;;86.5;0.869407;249.69;255.88;4.026935;3.5;;86.1;0.863291;233.77;236.93;4.511667;3.9;;90.8;0.935604;307.29;315.03;5.721403;5.4;;92.1;0.919917;194.78;185.34;5.051046;4.6;;92.1;0.919917;194.78;185.34;5.051046;4.6;;;;;;;;;;;;;;;;;;;;;;;;;;;;;
3;Sudeste;33;RJ;Rio de Janeiro;3302056;Italva;431493.401;30661.08;399060.746;28356.48;418758.834;27215.11;26676.754;89144.195;119032.748;149211.532;384065.23;34693.604;Administração, defesa, educação e saúde públicas e seguridade social;Demais serviços;Indústrias extrativas;7;True;93.7;0.943354;282.57;293.72;6.2715;5.9;;95.6;0.956859;294.01;296.11;5.251653;5.0;;95.8;0.962482;275.29;279.07;5.906;5.7;;95.6;0.956859;294.01;296.11;5.251653;5.0;;94.6;0.945056;276.7;281.91;5.976833;5.6;;;;;;;;;95.1;0.950283;236.17;220.26;6.475841;6.2;;95.1;0.950283;236.17;220.26;6.475841;6.2;;;;;;;;;;;;;;;;;;;;;;;;;;;;;
3;Sudeste;33;RJ;Rio de Janeiro;3302106;Itaocara;756489.45;33007.09;685896.67;29926.99;635888.195;27395.98;68679.306;48108.106;242847.078;201692.333;561326.822;74561.373;Demais serviços;Administração, defesa, educação e saúde públicas e seguridade social;Comércio e reparação de veículos automotores e motocicletas;6;True;;;;;;;;96.4;0.964197;284.34;283.49;4.926916;4.8;;95.4;0.954487;285.17;284.21;6.156333;5.9;;96.4;0.964197;284.34;283.49;4.926916;4.8;;94.8;0.94757;285.17;284.21;6.156333;5.8;;;;;;;;;86.5;0.86731;250.0;233.24;6.975772;6.1;;86.5;0.86731;250.0;233.24;6.975772;6.1;;;;;;;;;;;;;;;;;;;;;;;;;;;;;
3;Sudeste;33;RJ;Rio de Janeiro;3302205;Itaperuna;4067636.895;40257.29;3597510.491;35604.46;3394940.342;32532.92;79777.546;485132.486;1639582.821;867881.671;3072374.523;322565.819;Demais serviços;Administração, defesa, educação e saúde públicas e seguridade social;Comércio e reparação de veículos automotores e motocicletas;8;True;96.4;0.964593;277.92;280.14;5.967667;5.8;;95.8;0.95888;270.44;279.76;4.675853;4.5;;94.2;0.941387;255.45;263.58;5.317167;5.0;;94.9;0.95047;276.53;284.93;4.838782;4.6;;95.4;0.954146;266.74;271.9;5.644;5.4;;89.6;0.902066;321.22;322.92;6.035163;5.4;;97.0;0.970173;244.58;234.85;6.90161;6.7;;97.0;0.970173;244.58;234.85;6.90161;6.7;;;;;;;;;;;;;;;;;;;;;;;;;;;;;
3;Sudeste;33;RJ;Rio de Janeiro;3302254;Itatiaia;6988685.307;226112.51;6268879.198;202823.84;6893408.051;213338.95;6491.814;2061682.37;2020747.964;367452.453;4456374.601;2437033.45;Indústrias de transformação;Comércio e reparação de veículos automotores e motocicletas;Demais serviços;4;True;82.1;0.821735;242.53;244.0;4.7755;3.9;;;;;;;;;;;;;;;;;;;;;;;82.1;0.821735;242.53;244.0;4.7755;3.9;;;;;;;;;89.5;0.894698;214.82;205.82;5.805853;5.2;;89.5;0.894698;214.82;205.82;5.805853;5.2;;;;;;;;;;;;;;;;;;;;;;;;;;;;;
3;Sudeste;33;RJ;Rio de Janeiro;3302270;Japeri;1874798.222;19470.53;1669777.372;17341.31;1530183.077;14395.49;7290.121;206299.685;385261.743;806364.68;1405216.229;124966.848;Administração, defesa, educação e saúde públicas e seguridade social;Demais serviços;Indústrias de transformação;6;True;87.6;0.876564;219.46;226.21;4.0945;3.6;;83.7;0.837772;239.29;248.96;3.777275;3.2;;;;;;;;;83.7;0.837772;239.29;248.96;3.777275;3.2;;87.6;0.876564;219.46;226.21;4.0945;3.6;;;;;;;;;87.8;0.878667;189.69;182.69;4.905727;4.3;;87.8;0.878667;189.69;182.69;4.905727;4.3;;;;;;;;;;;;;;;;;;;;;;;;;;;;;
3;Sudeste;33;RJ;Rio de Janeiro;3302304;Laje do Muriaé;208602.898;28435.51;191370.351;26086.47;184160.12;25234.33;14212.822;28742.379;40637.515;82365.421;165958.137;18201.983;Administração, defesa, educação e saúde públicas e seguridade social;Demais serviços;Indústrias de transformação;7;True;100.0;1.0;233.61;253.84;4.790833;4.8;;94.9;0.950119;270.81;281.07;4.70066;4.5;;96.0;0.972774;264.42;266.57;5.5165;5.4;;94.9;0.950119;270.81;281.07;4.70066;4.5;;98.7;0.986315;249.44;260.38;5.163667;5.1;;;;;;;;;100.0;1.0;226.58;216.31;6.221008;6.2;;100.0;1.0;226.58;216.31;6.221008;6.2;;;;;;;;;;;;;;;;;;;;;;;;;;;;;
3;Sudeste;33;RJ;Rio de Janeiro;3302403;Macaé;22394859.906;90891.55;19614198.371;79605.99;17746786.572;66683.15;75525.085;5538018.159;6094385.138;3278109.08;14986037.462;2760749.11;Demais serviços;Administração, defesa, educação e saúde públicas e seguridade social;Indústrias extrativas;7;True;87.3;0.874313;256.41;261.38;5.2965;4.6;;79.9;0.804837;257.62;261.13;4.216904;3.4;;;;;;;;;81.2;0.844901;273.86;276.77;4.679126;4.0;;87.3;0.874313;256.41;261.38;5.2965;4.6;;;;;;;;;92.6;0.927023;228.8;217.35;6.282283;5.8;;92.6;0.927023;228.8;217.35;6.282283;5.8;;94.2;0.946862;309.14;313.53;5.724931;5.4;;;;;;;;;;;;;;;;;;;;;;
3;Sudeste;33;RJ;Rio de Janeiro;3302452;Macuco;282625.861;52193.14;277378.778;51224.15;214869.911;38057.02;5304.922;47804.787;67230.053;68517.764;188857.526;26012.384;Administração, defesa, educação e saúde públicas e seguridade social;Demais serviços;Indústrias de transformação;6;True;;;;;;;;90.0;0.901191;257.79;263.82;4.259561;3.8;;84.1;0.841674;247.53;245.63;4.886;4.1;;90.0;0.901191;257.79;263.82;4.259561;3.8;;84.1;0.841674;247.53;245.63;4.886;4.1;;;;;;;;;88.9;0.890084;222.12;206.81;5.963166;5.3;;88.9;0.890084;222.12;206.81;5.963166;5.3;;;;;;;;;;;;;;;;;;;;;;;;;;;;;
3;Sudeste;33;RJ;Rio de Janeiro;3302502;Magé;5301410.766;23238.86;4780409.199;20955.03;4765780.915;19236.95;65817.514;536853.667;1854238.195;1976050.184;4432959.56;332821.355;Administração, defesa, educação e saúde públicas e seguridade social;Demais serviços;Comércio e reparação de veículos automotores e motocicletas;7;True;88.9;0.889366;235.16;244.22;4.656333;4.1;;80.7;0.811786;250.44;255.16;4.02669;3.3;;94.4;0.943751;242.75;252.52;4.921167;4.6;;80.7;0.811786;250.44;255.16;4.02669;3.3;;89.0;0.890665;235.42;244.51;4.6655;4.2;;;;;;;;;90.3;0.90257;202.42;193.78;5.350303;4.8;;90.3;0.90257;202.42;193.78;5.350303;4.8;;;;;;;;;;;;;;;;;;;;;;;;;;;;;
3;Sudeste;33;RJ;Rio de Janeiro;3302601;Mangaratiba;3443660.051;83543.43;3079416.377;74706.85;3211861.002;69912.74;20400.947;126011.188;2297224.181;567752.284;3011388.601;200472.401;Demais serviços;Administração, defesa, educação e saúde públicas e seguridade social;Construção;6;True;80.2;0.806316;240.67;251.92;4.8765;3.9;;84.3;0.848693;248.86;257.25;4.035787;3.4;;;;;;;;;84.3;0.848693;248.86;257.25;4.035787;3.4;;80.2;0.806316;240.67;251.92;4.8765;3.9;;;;;;;;;93.8;0.938372;201.93;194.98;5.36277;5.0;;93.8;0.938372;201.93;194.98;5.36277;5.0;;;;;;;;;;;;;;;;;;;;;;;;;;;;;
3;Sudeste;33;RJ;Rio de Janeiro;3302700;Maricá;134092033.649;679714.48;158394291.242;802809.38;85814187.756;511810.17;16520.363;65616070.066;17609583.685;1814113.726;85056287.839;757899.917;Indústrias extrativas;Demais serviços;Administração, defesa, educação e saúde públicas e seguridade social;6;True;93.3;0.932852;245.34;249.69;4.917167;4.6;;78.4;0.792979;251.66;254.53;4.034394;3.2;;;;;;;;;78.6;0.795261;254.17;256.84;4.104228;3.3;;93.3;0.932852;245.34;249.69;4.917167;4.6;;;;;;;;;97.8;0.978334;215.38;203.76;5.779085;5.7;;97.8;0.978334;215.38;203.76;5.779085;5.7;;;;;;;;;;;;;;;;;;;;;;;;;;;;;
3;Sudeste;33;RJ;Rio de Janeiro;3302809;Mendes;444763.76;25412.17;438825.723;25072.89;357688.323;19147.17;939.806;26113.89;146101.977;155437.071;328592.744;29095.579;Administração, defesa, educação e saúde públicas e seguridade social;Demais serviços;Comércio e reparação de veículos automotores e motocicletas;7;True;85.7;0.840965;246.79;245.03;4.863667;4.1;;83.5;0.849076;266.38;280.82;4.634699;3.9;;79.0;0.768328;251.16;244.43;4.9265;3.8;;83.5;0.849076;266.38;280.82;4.634699;3.9;;81.2;0.80943;249.35;244.68;4.9005;4.0;;;;;;;;;98.2;0.983411;215.8;212.1;5.938737;5.8;;98.2;0.983411;215.8;212.1;5.938737;5.8;;;;;;;;;;;;;;;;;;;;;;;;;;;;;
3;Sudeste;33;RJ;Rio de Janeiro;3302858;Mesquita;3029006.761;18123.98;2834791.324;16961.8;2619211.853;14796.47;3242.943;155038.935;1087344.202;1210339.945;2455966.024;163245.829;Administração, defesa, educação e saúde públicas e seguridade social;Demais serviços;Comércio e reparação de veículos automotores e motocicletas;7;True;89.0;0.890441;228.12;235.51;4.393833;3.9;;80.1;0.807668;247.45;253.25;3.956103;3.2;;83.3;0.832945;221.68;227.17;4.1475;3.5;;80.1;0.807668;247.45;253.25;3.956103;3.2;;86.2;0.861988;224.44;230.74;4.253;3.7;;;;;;;;;90.4;0.904348;203.3;195.52;5.398733;4.9;;90.4;0.904348;203.3;195.52;5.398733;4.9;;;;;;;;;;;;;;;;;;;;;;;;;;;;;
3;Sudeste;33;RJ;Rio de Janeiro;3302908;Miguel Pereira;847197.958;31871.11;760561.095;28616.19;632497.683;24685.73;7242.206;43356.213;285302.877;247383.414;583284.709;49212.973;Administração, defesa, educação e saúde públicas e seguridade social;Demais serviços;Comércio e reparação de veículos automotores e motocicletas;7;True;87.4;0.874917;273.72;275.64;5.822667;5.1;;90.1;0.906833;271.94;277.21;4.658747;4.2;;88.3;0.876962;217.17;215.07;3.870667;3.4;;90.1;0.906833;271.94;277.21;4.658747;4.2;;87.6;0.876217;265.12;266.43;5.525833;4.8;;;;;;;;;93.6;0.936648;218.08;213.64;6.010248;5.6;;93.6;0.936648;218.08;213.64;6.010248;5.6;;;;;;;;;;;;;;;;;;;;;;;;;;;;;
3;Sudeste;33;RJ;Rio de Janeiro;3303005;Miracema;742077.285;27606.01;725936.42;27005.56;662180.113;24404.07;22295.337;88399.289;236858.677;254490.026;602043.328;60136.785;Administração, defesa, educação e saúde públicas e seguridade social;Demais serviços;Indústrias de transformação;7;True;97.1;0.973683;302.86;295.89;6.645833;6.5;;94.1;0.943431;273.8;277.26;4.685619;4.4;;91.9;0.915521;251.95;242.76;4.911833;4.5;;94.1;0.943431;273.8;277.26;4.685619;4.4;;95.1;0.953377;276.71;268.6;5.755167;5.5;;;;;;;;;99.8;0.998187;279.42;256.47;7.959586;7.9;;99.8;0.998187;279.42;256.47;7.959586;7.9;;;;;;;;;;;;;;;;;;;;;;;;;;;;;
3;Sudeste;33;RJ;Rio de Janeiro;3303104;Natividade;408435.62;27095.37;377914.265;25070.6;324260.528;21186.57;24160.44;16293.048;116998.23;134787.599;292239.316;32021.212;Administração, defesa, educação e saúde públicas e seguridade social;Demais serviços;Pecuária, inclusive apoio à pecuária;7;True;97.8;0.980081;256.33;247.09;5.057;5.0;;98.4;0.984147;274.1;279.09;4.717227;4.6;;94.9;0.947807;251.42;250.39;5.030167;4.8;;98.4;0.984147;274.1;279.09;4.717227;4.6;;95.8;0.956374;252.38;249.75;5.0355;4.8;;;;;;;;;98.5;0.984724;213.46;204.69;5.759353;5.7;;98.5;0.984724;213.46;204.69;5.759353;5.7;;;;;;;;;;;;;;;;;;;;;;;;;;;;;
3;Sudeste;33;RJ;Rio de Janeiro;3303203;Nilópolis;3339768.896;22754.5;3389447.418;23092.97;3059458.706;18782.01;0.0;164557.87;1464885.746;1197484.501;2826928.117;232530.589;Administração, defesa, educação e saúde públicas e seguridade social;Demais serviços;Comércio e reparação de veículos automotores e motocicletas;7;True;94.7;0.945989;233.75;243.84;4.6265;4.4;;83.3;0.834381;254.21;266.14;4.244011;3.5;;84.4;0.843777;219.27;226.1;4.0895;3.5;;83.7;0.834381;254.21;266.14;4.244011;3.5;;90.1;0.900613;226.99;235.56;4.375833;3.9;;;;;;;;;97.0;0.970473;212.36;205.79;5.758361;5.6;;97.0;0.970473;212.36;205.79;5.758361;5.6;;;;;;;;;;;;;;;;;;;;;;;;;;;;;
3;Sudeste;33;RJ;Rio de Janeiro;3303302;Niterói;76268004.731;158314.82;88716289.279;184151.15;66345487.878;128332.55;26399.158;37156046.821;21273203.344;4927303.291;63382952.613;2962535.266;Indústrias extrativas;Demais serviços;Administração, defesa, educação e saúde públicas e seguridade social;9;True;86.3;0.860241;232.46;236.74;4.486667;3.9;;76.9;0.774284;259.38;267.7;4.339977;3.4;;80.5;0.805723;232.25;237.87;4.502;3.6;;78.3;0.782318;262.97;270.5;4.432314;3.5;;82.8;0.826439;232.76;237.95;4.511833;3.7;;;;;;;;;92.7;0.928249;203.15;196.86;5.420234;5.0;;92.7;0.927841;202.86;196.55;5.409063;5.0;;;;;;;;;;;;;;;;94.7;0.948851;272.13;273.63;5.762667;5.5;;97.2;0.970982;240.32;236.4;6.848494;6.6;
3;Sudeste;33;RJ;Rio de Janeiro;3303401;Nova Friburgo;7367566.824;38789.12;6774950.475;35669.46;6324876.969;32999.82;130267.26;768814.959;3169021.617;1593899.738;5662003.574;662873.395;Demais serviços;Administração, defesa, educação e saúde públicas e seguridade social;Comércio e reparação de veículos automotores e motocicletas;7;True;84.9;0.852753;257.86;266.83;5.4115;4.6;;84.8;0.853076;279.41;290.27;4.959171;4.2;;84.0;0.839634;257.02;261.75;5.312833;4.5;;85.0;0.855162;282.13;292.13;5.025218;4.3;;84.2;0.841801;257.16;262.59;5.329167;4.5;;;;;;;;;89.7;0.89933;239.04;230.76;6.721521;6.0;;89.7;0.899122;239.04;230.76;6.721521;6.0;;;;;;;;;;;;;;;;;;;;;;;;;;;;;
3;Sudeste;33;RJ;Rio de Janeiro;3303500;Nova Iguaçu;20518623.982;26109.54;19911893.67;25337.0;17794451.52;21558.89;8260.837;1523118.271;8460464.117;6080466.981;16072310.207;1722141.314;Demais serviços;Administração, defesa, educação e saúde públicas e seguridade social;Comércio e reparação de veículos automotores e motocicletas;7;True;86.6;0.868768;237.47;245.88;4.7225;4.1;;85.9;0.861254;246.88;251.18;3.91711;3.4;;88.8;0.888128;224.12;228.19;4.205167;3.7;;85.7;0.858846;247.58;251.8;3.936222;3.4;;87.9;0.879217;228.44;233.91;4.3725;3.8;;;;;;;;;90.4;0.905114;193.92;187.19;5.068271;4.6;;90.4;0.905114;193.92;187.19;5.068271;4.6;;;;;;;;;;;;;;;;;;;;;;;;;;;;;
3;Sudeste;33;RJ;Rio de Janeiro;3303609;Paracambi;1085488.613;26235.37;1073592.479;25947.85;1162874.727;21902.6;3200.244;271412.732;390394.043;400966.875;1065973.894;96900.833;Administração, defesa, educação e saúde públicas e seguridade social;Demais serviços;Indústrias de transformação;7;True;94.2;0.941927;256.0;266.13;5.368833;5.1;;84.2;0.842148;261.26;270.22;4.404106;3.7;;85.7;0.851996;233.4;239.63;4.5505;3.9;;86.6;0.842148;261.26;270.22;4.404106;3.7;;93.0;0.930088;252.19;261.67;5.231;4.9;;;;;;;;;90.4;0.904654;229.21;219.23;6.324289;5.7;;90.4;0.904654;229.21;219.23;6.324289;5.7;;;;;;;;;;;;;;;;;;;;;;;;;;;;;
3;Sudeste;33;RJ;Rio de Janeiro;3303708;Paraíba do Sul;1399156.766;33263.36;1254487.903;29824.02;1253016.761;28006.01;63636.235;214270.334;431401.065;382242.634;1091550.268;161466.492;Administração, defesa, educação e saúde públicas e seguridade social;Demais serviços;Indústrias de transformação;7;True;88.8;0.88925;247.71;253.99;5.028333;4.5;;86.9;0.872205;259.77;266.56;4.328388;3.8;;87.0;0.868699;249.54;251.25;5.013167;4.4;;86.9;0.872205;259.77;266.56;4.328388;3.8;;88.2;0.881543;248.45;252.89;5.022333;4.4;;;;;;;;;96.1;0.960112;207.72;201.64;5.594357;5.4;;96.1;0.960112;207.72;201.64;5.594357;5.4;;;;;;;;;;;;;;;;;;;;;;;;;;;;;
3;Sudeste;33;RJ;Rio de Janeiro;3303807;Paraty;6324392.329;139787.2;4426137.321;98639.18;1955280.105;44262.14;39520.499;590950.591;768102.577;433764.945;1832338.611;122941.494;Demais serviços;Indústrias extrativas;Administração, defesa, educação e saúde públicas e seguridade social;6;True;;;;;;;;81.2;0.818266;265.61;279.12;4.598435;3.8;;82.8;0.835259;248.6;257.42;5.100333;4.3;;81.2;0.818266;265.61;279.12;4.598435;3.8;;81.8;0.817563;244.6;252.67;4.9545;4.1;;;;;;;;;91.7;0.915496;203.63;198.84;5.465394;5.0;;91.7;0.915496;203.63;198.84;5.465394;5.0;;;;;;;;;;;;;;;;;;;;;;;;;;;;;
3;Sudeste;33;RJ;Rio de Janeiro;3303856;Paty do Alferes;862739.741;29127.92;793140.702;26778.11;684851.12;24509.74;61123.996;58523.863;222052.899;256658.104;598358.862;86492.257;Administração, defesa, educação e saúde públicas e seguridade social;Demais serviços;Comércio e reparação de veículos automotores e motocicletas;6;True;92.2;0.9221;272.49;269.08;5.692833;5.2;;84.9;0.846992;262.13;266.64;4.362732;3.7;;;;;;;;;84.9;0.846992;262.13;266.64;4.362732;3.7;;92.2;0.9221;272.49;269.08;5.692833;5.2;;;;;;;;;93.2;0.931745;235.32;220.62;6.466165;6.0;;93.2;0.931745;235.32;220.62;6.466165;6.0;;;;;;;;;;;;;;;;;;;;;;;;;;;;;
3;Sudeste;33;RJ;Rio de Janeiro;3303906;Petrópolis;19907334.726;71382.9;15951213.224;57197.2;15665370.158;51003.34;70958.062;4742115.778;6527993.099;2449274.05;13790340.989;1875029.169;Demais serviços;Indústrias de transformação;Administração, defesa, educação e saúde públicas e seguridade social;7;True;91.4;0.916508;251.36;261.6;5.216;4.8;;80.8;0.814924;259.8;270.11;4.381954;3.6;;;;;;;;;81.0;0.816585;261.0;271.23;4.415574;3.6;;91.4;0.916508;251.36;261.6;5.216;4.8;;;;;;;;;95.9;0.959835;219.37;210.6;5.979594;5.7;;95.9;0.959835;219.37;210.6;5.979594;5.7;;92.9;0.925981;294.81;309.34;5.460942;5.1;;;;;;;;;;;;;;;;;;;;;;
3;Sudeste;33;RJ;Rio de Janeiro;3303955;Pinheiral;1187696.53;48880.42;1207568.478;49698.27;1452638.311;56825.82;5733.826;854984.009;264407.014;222240.107;1347364.956;105273.355;Indústrias de transformação;Demais serviços;Administração, defesa, educação e saúde públicas e seguridade social;6;True;77.8;0.777994;245.82;249.04;4.914333;3.8;;93.9;0.944296;266.22;279.62;4.614487;4.4;;;;;;;;;93.1;0.935809;266.22;279.62;4.614487;4.3;;77.8;0.777994;245.82;249.04;4.914333;3.8;;;;;;;;;88.0;0.877589;223.76;212.72;6.101918;5.4;;88.0;0.877589;223.76;212.72;6.101918;5.4;;;;;;;;;;;;;;;;;;;;;;;;;;;;;
3;Sudeste;33;RJ;Rio de Janeiro;3304003;Piraí;3388747.187;123343.79;2885733.662;105035.08;2449973.157;82208.35;21162.993;1361263.749;473852.662;306428.945;2162708.349;287264.808;Eletricidade e gás, água, esgoto, atividades de gestão de resíduos e descontaminação;Indústrias de transformação;Demais serviços;6;True;91.2;0.914731;258.62;260.17;5.313167;4.9;;84.0;0.846336;263.61;273.79;4.490555;3.8;;;;;;;;;84.7;0.853342;262.7;271.9;4.44948;3.8;;91.2;0.914731;258.62;260.17;5.313167;4.9;;;;;;;;;95.0;0.949745;216.6;209.53;5.907277;5.6;;95.0;0.949745;216.6;209.53;5.907277;5.6;;;;;;;;;;;;;;;;;;;;;;;;;;;;;
3;Sudeste;33;RJ;Rio de Janeiro;3304102;Porciúncula;559253.262;32349.22;564478.365;32651.46;415942.606;21813.65;35016.19;44362.714;125927.726;167715.993;373022.623;42919.983;Administração, defesa, educação e saúde públicas e seguridade social;Demais serviços;Indústrias de transformação;7;True;99.0;0.99285;246.82;248.5;4.922;4.9;;92.2;0.920988;263.09;265.19;4.354509;4.0;;89.3;0.892216;230.54;223.91;4.240833;3.8;;92.2;0.920988;263.09;265.19;4.354509;4.0;;93.9;0.939102;237.96;235.13;4.5515;4.3;;;;;;;;;93.8;0.942453;190.18;175.6;4.786169;4.5;;93.8;0.942453;190.18;175.6;4.786169;4.5;;;;;;;;;;;;;;;;;;;;;;;;;;;;;
3;Sudeste;33;RJ;Rio de Janeiro;3304110;Porto Real;3205582.336;157344.64;3956993.493;194227.33;4245725.384;209624.04;4901.995;1749294.037;885165.369;246631.265;2885992.666;1359732.718;Indústrias de transformação;Demais serviços;Administração, defesa, educação e saúde públicas e seguridade social;6;True;95.3;0.951587;255.22;250.8;5.100333;4.9;;89.3;0.898389;266.3;284.36;4.686569;4.2;;;;;;;;;89.3;0.898389;266.3;284.36;4.686569;4.2;;95.3;0.951587;255.22;250.8;5.100333;4.9;;;;;;;;;98.2;0.982042;232.51;219.24;6.387448;6.3;;98.2;0.982042;232.51;219.24;6.387448;6.3;;;;;;;;;;;;;;;;;;;;;;;;;;;;;
3;Sudeste;33;RJ;Rio de Janeiro;3304128;Quatis;400781.407;29292.6;359211.99;26254.35;305010.131;20945.62;23188.926;14589.82;105542.44;126624.528;269945.713;35064.418;Administração, defesa, educação e saúde públicas e seguridade social;Demais serviços;Pecuária, inclusive apoio à pecuária;6;True;93.5;0.935328;252.07;256.03;5.135;4.8;;81.5;0.803288;267.38;273.37;4.537217;3.6;;;;;;;;;82.1;0.80885;267.38;273.37;4.537217;3.7;;93.5;0.935328;252.07;256.03;5.135;4.8;;;;;;;;;96.3;0.961407;217.42;202.58;5.796562;5.6;;96.3;0.961407;217.42;202.58;5.796562;5.6;;;;;;;;;;;;;;;;;;;;;;;;;;;;;
3;Sudeste;33;RJ;Rio de Janeiro;3304144;Queimados;4938811.914;35145.93;4403902.071;31339.37;4361683.666;28636.7;3473.209;865867.702;1737451.289;1185104.288;3791896.489;569787.177;Administração, defesa, educação e saúde públicas e seguridade social;Demais serviços;Comércio e reparação de veículos automotores e motocicletas;7;True;85.2;0.854624;235.5;239.01;4.575167;3.9;;83.9;0.840315;246.54;255.75;3.980747;3.3;;90.2;0.901069;223.17;229.57;4.212333;3.8;;83.9;0.840315;246.54;255.75;3.980747;3.3;;88.0;0.880485;228.4;233.57;4.366167;3.8;;;;;;;;;93.1;0.931158;200.58;192.73;5.296097;4.9;;93.1;0.931158;200.58;192.73;5.296097;4.9;;;;;;;;;;;;;;;;;;;;;;;;;;;;;
3;Sudeste;33;RJ;Rio de Janeiro;3304151;Quissamã;5669643.953;253188.23;8493476.156;379291.57;5996886.398;234849.67;33196.838;4343046.807;1194813.736;352484.306;5923541.687;73344.712;Indústrias extrativas;Demais serviços;Administração, defesa, educação e saúde públicas e seguridade social;5;True;94.2;0.941968;250.91;253.63;5.075667;4.8;;;;;;;;;;;;;;;;81.9;0.829331;257.41;268.14;4.318895;3.6;;94.2;0.941968;250.91;253.63;5.075667;4.8;;;;;;;;;96.3;0.965353;226.85;213.91;6.182524;6.0;;96.3;0.965353;226.85;213.91;6.182524;6.0;;;;;;;;;;;;;;;;;;;;;;;;;;;;;
3;Sudeste;33;RJ;Rio de Janeiro;3304201;Resende;12267696.488;94649.39;11663533.743;89988.07;10754357.172;80711.76;60058.698;3265316.818;3575569.59;1201112.443;8102057.55;2652299.623;Demais serviços;Indústrias de transformação;Administração, defesa, educação e saúde públicas e seguridade social;7;True;94.9;0.949469;258.23;261.08;5.321833;5.1;;82.9;0.832774;271.64;280.14;4.698395;3.9;;80.8;0.807178;251.45;251.75;5.053333;4.1;;83.1;0.834172;271.23;279.5;4.683056;3.9;;89.3;0.8936;255.42;257.21;5.2105;4.7;;;;;;;;;96.7;0.967749;230.18;219.17;6.34171;6.1;;96.7;0.967749;230.18;219.17;6.34171;6.1;;;;;;;;;;;;;;;;;;;;;;;;;;;;;
3;Sudeste;33;RJ;Rio de Janeiro;3304300;Rio Bonito;2038466.081;36222.65;1905833.208;33865.83;1831391.413;30057.3;30006.391;119708.215;898749.9;546259.372;1594723.878;236667.536;Demais serviços;Administração, defesa, educação e saúde públicas e seguridade social;Comércio e reparação de veículos automotores e motocicletas;6;True;88.2;0.883761;240.78;251.29;4.867833;4.3;;85.3;0.853591;263.59;268.46;4.410483;3.8;;;;;;;;;85.3;0.853591;263.59;268.46;4.410483;3.8;;88.2;0.883761;240.78;251.29;4.867833;4.3;;;;;;;;;91.4;0.915876;213.09;206.38;5.783019;5.3;;91.4;0.915876;213.09;206.38;5.783019;5.3;;;;;;;;;;;;;;;;;;;;;;;;;;;;;
3;Sudeste;33;RJ;Rio de Janeiro;3304409;Rio Claro;577431.358;33183.8;558686.721;32106.59;435959.322;23342.04;56892.526;18294.036;106627.973;200234.636;382049.17;53910.152;Administração, defesa, educação e saúde públicas e seguridade social;Demais serviços;Pecuária, inclusive apoio à pecuária;6;True;93.6;0.938085;249.85;254.25;5.068333;4.8;;93.2;0.93488;271.38;281.4;4.713606;4.4;;;;;;;;;93.2;0.93488;271.38;281.4;4.713606;4.4;;93.6;0.938085;249.85;254.25;5.068333;4.8;;;;;;;;;96.6;0.964134;212.64;206.45;5.775704;5.6;;96.6;0.964134;212.64;206.45;5.775704;5.6;;;;;;;;;;;;;;;;;;;;;;;;;;;;;
3;Sudeste;33;RJ;Rio de Janeiro;3304508;Rio das Flores;338695.003;37826.11;325930.623;36400.56;294383.587;31314.07;18060.055;81192.079;61797.917;109023.374;270073.424;24310.163;Administração, defesa, educação e saúde públicas e seguridade social;Construção;Demais serviços;6;True;96.9;0.96442;258.61;256.98;5.259833;5.1;;88.3;0.899391;285.55;290.78;5.053042;4.5;;;;;;;;;88.3;0.899391;285.55;290.78;5.053042;4.5;;96.9;0.96442;258.61;256.98;5.259833;5.1;;;;;;;;;94.3;0.945196;236.93;221.42;6.511436;6.2;;94.3;0.945196;236.93;221.42;6.511436;6.2;;;;;;;;;;;;;;;;;;;;;;;;;;;;;
3;Sudeste;33;RJ;Rio de Janeiro;3304524;Rio das Ostras;10599897.907;67734.87;10916617.012;69758.75;8948996.273;56096.36;14233.596;4259838.757;2610549.8;1513778.902;8398401.055;550595.218;Indústrias extrativas;Demais serviços;Administração, defesa, educação e saúde públicas e seguridade social;6;True;88.6;0.88591;261.72;270.05;5.5295;4.9;;83.1;0.835059;254.53;255.01;4.081889;3.4;;;;;;;;;83.1;0.835059;254.53;255.01;4.081889;3.4;;88.6;0.88591;261.72;270.05;5.5295;4.9;;;;;;;;;94.1;0.941158;232.8;225.0;6.49771;6.1;;94.1;0.941158;232.8;225.0;6.49771;6.1;;;;;;;;;;;;;;;;;;;;;;;;;;;;;
3;Sudeste;33;RJ;Rio de Janeiro;3304557;Rio de Janeiro;418462360.308;67371.97;380381515.097;61239.03;359632647.656;53077.91;111266.985;45685918.362;177540660.78;56970406.096;280308252.223;79324395.432;Demais serviços;Administração, defesa, educação e saúde públicas e seguridade social;Comércio e reparação de veículos automotores e motocicletas;10;True;96.8;0.968443;258.42;262.82;5.354;5.2;;75.0;0.750721;251.91;256.16;4.062307;3.0;;92.8;0.927971;286.59;283.8;6.173167;5.7;;75.5;0.766941;255.84;259.48;4.167204;3.2;;96.7;0.96746;260.59;264.45;5.417333;5.2;;;;;;;;;98.4;0.984654;224.02;210.41;6.06488;6.0;;98.5;0.984849;223.61;209.99;6.049419;6.0;;;;;;;;;97.8;0.979575;223.61;216.0;6.158692;6.0;;94.7;0.947154;310.71;302.15;6.881;6.5;;97.6;0.976107;253.14;238.84;7.137514;7.0;
3;Sudeste;33;RJ;Rio de Janeiro;3304607;Santa Maria Madalena;275098.177;26886.06;267049.131;26099.41;234575.115;22598.76;25373.392;7959.296;61965.169;115158.652;210456.509;24118.607;Administração, defesa, educação e saúde públicas e seguridade social;Demais serviços;Pecuária, inclusive apoio à pecuária;4;True;88.2;0.872373;269.39;271.33;5.678667;5.0;;;;;;;;;;;;;;;;;;;;;;;88.2;0.872373;269.39;271.33;5.678667;5.0;;;;;;;;;83.4;0.844411;233.15;222.41;6.457298;5.5;;83.4;0.844411;233.15;222.41;6.457298;5.5;;;;;;;;;;;;;;;;;;;;;;;;;;;;;
3;Sudeste;33;RJ;Rio de Janeiro;3304706;Santo Antônio de Pádua;1686337.288;40806.71;1457558.943;35270.63;1284632.206;30081.54;56172.801;259722.249;483614.311;344484.905;1143994.266;140637.94;Demais serviços;Administração, defesa, educação e saúde públicas e seguridade social;Indústrias de transformação;8;True;92.5;0.926134;260.32;262.03;5.3725;5.0;;95.5;0.95478;284.7;285.76;4.965954;4.7;;100.0;1.0;273.58;286.85;6.007167;6.0;;95.5;0.954726;290.53;291.5;5.133764;4.9;;93.2;0.932512;261.26;263.8;5.417667;5.1;;95.2;0.953933;318.55;319.1;5.940477;5.7;;94.3;0.943135;228.78;216.52;6.266811;5.9;;94.3;0.943135;228.78;216.52;6.266811;5.9;;;;;;;;;;;;;;;;;;;;;;;;;;;;;
3;Sudeste;33;RJ;Rio de Janeiro;3304755;São Francisco de Itabapoana;1481367.364;32876.17;1305145.531;28965.26;1184513.238;28059.73;283618.701;47880.278;269086.372;387399.9;987985.252;196527.986;Administração, defesa, educação e saúde públicas e seguridade social;Demais serviços;Agricultura, inclusive apoio à agricultura e a pós colheita;6;True;86.7;0.869016;240.66;242.04;4.711667;4.1;;83.6;0.838991;266.42;272.31;4.507865;3.8;;;;;;;;;83.6;0.838991;266.42;272.31;4.507865;3.8;;86.7;0.869016;240.66;242.04;4.711667;4.1;;;;;;;;;85.7;0.856512;208.83;199.81;5.582267;4.8;;85.7;0.856512;208.83;199.81;5.582267;4.8;;;;;;;;;;;;;;;;;;;;;;;;;;;;;
3;Sudeste;33;RJ;Rio de Janeiro;3304805;São Fidélis;985937.952;25305.77;921817.944;23673.39;845178.453;21811.62;63649.845;68308.879;296012.314;334508.087;762479.124;82699.328;Administração, defesa, educação e saúde públicas e seguridade social;Demais serviços;Comércio e reparação de veículos automotores e motocicletas;7;True;82.9;0.836048;251.88;246.47;4.9725;4.2;;91.3;0.914977;260.58;262.87;4.284525;3.9;;92.2;0.921375;244.34;251.98;4.938667;4.6;;91.3;0.914977;260.58;262.87;4.284525;3.9;;85.4;0.853683;246.41;250.47;4.948;4.2;;;;;;;;;86.4;0.863978;216.1;204.29;5.802462;5.0;;86.4;0.863978;216.1;204.29;5.802462;5.0;;;;;;;;;;;;;;;;;;;;;;;;;;;;;
3;Sudeste;33;RJ;Rio de Janeiro;3304904;São Gonçalo;23063688.967;25719.37;20561717.824;22929.31;20324752.154;18504.69;81571.441;2003952.619;8725171.062;7670627.573;18481322.696;1843429.459;Administração, defesa, educação e saúde públicas e seguridade social;Demais serviços;Comércio e reparação de veículos automotores e motocicletas;7;True;78.8;0.798837;242.78;248.07;4.8475;3.9;;79.5;0.797866;250.49;258.64;4.079488;3.3;;79.4;0.793229;225.66;233.11;4.312833;3.4;;79.9;0.798983;250.49;258.64;4.079488;3.3;;79.2;0.792123;228.09;235.23;4.388667;3.5;;;;;;;;;85.0;0.850918;198.32;194.83;5.291149;4.5;;85.0;0.850918;198.32;194.83;5.291149;4.5;;;;;;;;;;;;;;;;;;;;;;;;;;;;;
3;Sudeste;33;RJ;Rio de Janeiro;3305000;São João da Barra;13986152.276;382417.42;12793325.002;349802.45;9886848.907;269169.06;59303.834;4636444.228;4061566.671;415544.336;9172859.069;713989.838;Indústrias extrativas;Demais serviços;Administração, defesa, educação e saúde públicas e seguridade social;6;True;86.8;0.870673;251.93;253.37;5.088333;4.4;;90.1;0.903677;255.71;262.42;4.20939;3.8;;;;;;;;;89.5;0.897734;259.06;262.88;4.263327;3.8;;86.8;0.870673;251.93;253.37;5.088333;4.4;;;;;;;;;83.5;0.835265;220.95;212.73;6.048474;5.1;;83.5;0.835265;220.95;212.73;6.048474;5.1;;;;;;;;;;;;;;;;;;;;;;;;;;;;;
3;Sudeste;33;RJ;Rio de Janeiro;3305109;São João de Meriti;11534047.295;26156.56;10615038.988;24072.46;8963715.545;18935.36;1479.652;445897.327;4304904.583;3376911.548;8129193.11;834522.435;Administração, defesa, educação e saúde públicas e seguridade social;Demais serviços;Comércio e reparação de veículos automotores e motocicletas;7;True;89.8;0.903753;236.27;242.49;4.646;4.2;;81.6;0.81772;249.31;256.26;4.027287;3.3;;85.2;0.853013;228.22;235.61;4.397167;3.8;;81.6;0.81772;249.31;256.26;4.027287;3.3;;86.4;0.863446;229.43;236.65;4.434667;3.8;;;;;;;;;90.8;0.907645;203.71;195.24;5.401466;4.9;;90.8;0.907645;203.71;195.24;5.401466;4.9;;;;;;;;;;;;;;;;;;;;;;;;;;;;;
3;Sudeste;33;RJ;Rio de Janeiro;3305133;São José de Ubá;232730.44;32918.03;238089.239;33675.99;196857.495;27190.26;40933.024;8751.055;41902.825;75323.204;166910.108;29947.388;Administração, defesa, educação e saúde públicas e seguridade social;Demais serviços;Agricultura, inclusive apoio à agricultura e a pós colheita;6;True;;;;;;;;93.4;0.930204;269.27;276.57;4.611666;4.3;;93.2;0.931965;263.25;264.17;5.457;5.1;;93.4;0.930204;269.27;276.57;4.611666;4.3;;93.2;0.931965;263.25;264.17;5.457;5.1;;;;;;;;;99.5;0.995106;226.32;214.82;6.188955;6.2;;99.5;0.995106;226.32;214.82;6.188955;6.2;;;;;;;;;;;;;;;;;;;;;;;;;;;;;
3;Sudeste;33;RJ;Rio de Janeiro;3305158;São José do Vale do Rio Preto;941644.953;42646.96;914556.52;41420.13;744333.908;33784.22;190493.989;52484.054;152135.8;207041.837;602155.681;142178.227;Administração, defesa, educação e saúde públicas e seguridade social;Pecuária, inclusive apoio à pecuária;Demais serviços;6;True;86.0;0.861019;256.78;267.23;5.400167;4.6;;86.9;0.87051;272.96;280.41;4.720977;4.1;;;;;;;;;86.9;0.87051;272.96;280.41;4.720977;4.1;;86.0;0.861019;256.78;267.23;5.400167;4.6;;;;;;;;;94.7;0.946796;221.07;213.97;6.07331;5.8;;94.7;0.946796;221.07;213.97;6.07331;5.8;;;;;;;;;;;;;;;;;;;;;;;;;;;;;
3;Sudeste;33;RJ;Rio de Janeiro;3305208;São Pedro da Aldeia;3359011.214;32289.18;2975703.162;28604.55;2743637.366;25508.92;41301.144;305668.212;1231133.019;830241.608;2408343.983;335293.383;Administração, defesa, educação e saúde públicas e seguridade social;Demais serviços;Comércio e reparação de veículos automotores e motocicletas;7;True;84.2;0.845218;264.03;265.8;5.497167;4.6;;85.4;0.859456;265.35;269.94;4.457358;3.8;;79.8;0.790795;234.25;238.07;4.538667;3.6;;85.4;0.859456;265.35;269.94;4.457358;3.8;;83.3;0.833413;256.29;258.59;5.248;4.4;;;;;;;;;86.0;0.859344;223.77;217.43;6.187745;5.3;;86.0;0.859344;223.77;217.43;6.187745;5.3;;;;;;;;;;;;;;;;;;;;;;;;;;;;;
3;Sudeste;33;RJ;Rio de Janeiro;3305307;São Sebastião do Alto;272845.232;35205.84;275484.934;35546.44;241281.134;25624.59;42037.65;7674.043;45944.133;114236.74;209892.567;31388.567;Administração, defesa, educação e saúde públicas e seguridade social;Demais serviços;Agricultura, inclusive apoio à agricultura e a pós colheita;6;True;;;;;;;;89.2;0.897667;266.27;266.78;4.422974;4.0;;81.6;0.800506;254.54;260.92;5.257667;4.2;;89.2;0.897667;266.27;266.78;4.422974;4.0;;82.8;0.826399;254.54;260.92;5.257667;4.3;;;;;;;;;85.1;0.853082;225.16;218.45;6.232817;5.3;;85.1;0.853082;225.16;218.45;6.232817;5.3;;;;;;;;;;;;;;;;;;;;;;;;;;;;;
3;Sudeste;33;RJ;Rio de Janeiro;3305406;Sapucaia;1227720.856;69249.3;1115045.425;62893.87;1000567.276;54765.59;43377.664;197878.695;395229.053;164784.03;801269.442;199297.834;Demais serviços;Comércio e reparação de veículos automotores e motocicletas;Indústrias de transformação;7;True;87.9;0.882647;266.15;263.58;5.4955;4.9;;91.1;0.916364;264.17;267.7;4.407252;4.0;;86.2;0.859266;247.33;242.18;4.825167;4.1;;91.1;0.916364;264.17;267.7;4.407252;4.0;;87.2;0.874486;256.15;252.21;5.139333;4.5;;;;;;;;;90.7;0.905782;217.91;210.58;5.951368;5.4;;90.7;0.905782;217.91;210.58;5.951368;5.4;;;;;;;;;;;;;;;;;;;;;;;;;;;;;
3;Sudeste;33;RJ;Rio de Janeiro;3305505;Saquarema;64701140.278;722441.52;75409090.176;842004.6;42178159.132;458767.42;22406.714;31852883.027;8961974.001;921585.542;41758849.284;419309.847;Indústrias extrativas;Demais serviços;Administração, defesa, educação e saúde públicas e seguridade social;6;True;92.3;0.925076;270.06;272.29;5.705833;5.3;;80.2;0.806945;259.83;268.84;4.363363;3.5;;;;;;;;;80.2;0.806945;259.83;268.84;4.363363;3.5;;92.3;0.925076;270.06;272.29;5.705833;5.3;;;;;;;;;92.2;0.921558;234.39;224.68;6.522235;6.0;;92.2;0.921558;234.39;224.68;6.522235;6.0;;;;;;;;;;;;;;;;;;;;;;;;;;;;;
3;Sudeste;33;RJ;Rio de Janeiro;3305554;Seropédica;3760076.051;46653.38;4240104.286;52609.36;4777005.423;56976.96;18302.562;666093.867;2493578.982;743217.834;3921193.245;855812.177;Comércio e reparação de veículos automotores e motocicletas;Demais serviços;Administração, defesa, educação e saúde públicas e seguridade social;6;True;89.2;0.892209;239.13;244.68;4.730167;4.2;;89.9;0.900767;261.69;272.07;4.43784;4.0;;;;;;;;;90.2;0.90454;268.8;278.8;4.638448;4.2;;89.2;0.892209;239.13;244.68;4.730167;4.2;;;;;;;;;89.4;0.893197;203.7;199.39;5.47673;4.9;;89.4;0.893197;203.7;199.39;5.47673;4.9;;;;;;;;;;;;;;;;;;;;;;;;;;;;;
3;Sudeste;33;RJ;Rio de Janeiro;3305604;Silva Jardim;705912.311;33060.71;646129.04;30260.82;602627.267;27675.19;48909.047;91998.795;147440.732;255792.554;544141.128;58486.139;Administração, defesa, educação e saúde públicas e seguridade social;Demais serviços;Construção;6;True;82.5;0.826432;245.2;245.51;4.845167;4.0;;84.2;0.845605;253.39;257.03;4.096117;3.5;;;;;;;;;84.2;0.845605;253.39;257.03;4.096117;3.5;;82.5;0.826432;245.2;245.51;4.845167;4.0;;;;;;;;;88.7;0.887884;212.02;197.62;5.603327;5.0;;88.7;0.887884;212.02;197.62;5.603327;5.0;;;;;;;;;;;;;;;;;;;;;;;;;;;;;
3;Sudeste;33;RJ;Rio de Janeiro;3305703;Sumidouro;733840.978;48259.96;675214.891;44404.5;600249.613;38210.56;197886.865;28706.879;91182.695;147972.549;465748.988;134500.625;Agricultura, inclusive apoio à agricultura e a pós colheita;Administração, defesa, educação e saúde públicas e seguridade social;Demais serviços;6;True;;;;;;;;84.8;0.855998;272.41;291.11;4.873432;4.2;;89.2;0.888066;278.54;272.94;5.858;5.2;;84.8;0.855998;272.41;291.11;4.873432;4.2;;87.2;0.870266;278.54;272.94;5.858;5.1;;;;;;;;;89.2;0.888795;207.43;189.93;5.375913;4.8;;89.2;0.888795;207.43;189.93;5.375913;4.8;;;;;;;;;;;;;;;;;;;;;;;;;;;;;
3;Sudeste;33;RJ;Rio de Janeiro;3305752;Tanguá;858814.524;27627.05;807845.289;25987.43;694534.307;19901.84;17471.851;46115.703;250445.494;324058.049;638091.097;56443.21;Administração, defesa, educação e saúde públicas e seguridade social;Demais serviços;Comércio e reparação de veículos automotores e motocicletas;6;True;82.6;0.828135;243.95;248.6;4.875833;4.0;;77.4;0.778692;257.6;263.97;4.259138;3.3;;;;;;;;;77.4;0.778692;257.6;263.97;4.259138;3.3;;82.6;0.828135;243.95;248.6;4.875833;4.0;;;;;;;;;89.9;0.896789;209.29;200.32;5.600319;5.0;;89.9;0.896789;209.29;200.32;5.600319;5.0;;;;;;;;;;;;;;;;;;;;;;;;;;;;;
3;Sudeste;33;RJ;Rio de Janeiro;3305802;Teresópolis;7104545.886;43025.78;6247785.407;37837.16;5923899.314;31879.77;360916.714;540709.311;2896452.996;1484732.549;5282811.571;641087.743;Demais serviços;Administração, defesa, educação e saúde públicas e seguridade social;Comércio e reparação de veículos automotores e motocicletas;7;True;92.0;0.919901;245.08;251.19;4.937833;4.5;;83.3;0.836855;261.65;270.47;4.413326;3.7;;86.5;0.865941;240.65;249.14;4.829833;4.2;;83.3;0.836855;261.65;270.47;4.413326;3.7;;91.4;0.914396;244.41;250.88;4.9215;4.5;;;;;;;;;97.6;0.975923;218.18;209.97;5.94543;5.8;;97.6;0.975923;218.18;209.97;5.94543;5.8;;;;;;;;;;;;;;;;;;;;;;;;;;;;;
3;Sudeste;33;RJ;Rio de Janeiro;3305901;Trajano de Moraes;290438.917;28192.48;277259.881;26913.21;242013.252;22717.85;33405.36;7802.012;57835.078;116037.197;215079.647;26933.606;Administração, defesa, educação e saúde públicas e seguridade social;Demais serviços;Agricultura, inclusive apoio à agricultura e a pós colheita;6;True;;;;;;;;99.4;0.993982;271.78;277.17;4.655901;4.6;;93.1;0.932759;249.26;247.86;4.952;4.6;;99.4;0.993982;271.78;277.17;4.655901;4.6;;91.7;0.91964;249.26;247.86;4.952;4.6;;;;;;;;;92.7;0.929128;225.51;205.96;6.012406;5.6;;92.7;0.929128;225.51;205.96;6.012406;5.6;;;;;;;;;;;;;;;;;;;;;;;;;;;;;
3;Sudeste;33;RJ;Rio de Janeiro;3306008;Três Rios;6017636.329;76808.47;5499387.105;70193.59;6348139.819;76977.01;17386.137;2831277.028;1907627.126;743762.334;5500052.626;848087.193;Indústrias de transformação;Demais serviços;Administração, defesa, educação e saúde públicas e seguridade social;7;True;91.6;0.916114;251.72;253.86;5.093;4.7;;83.0;0.830983;255.97;260.46;4.1837;3.5;;88.5;0.882628;233.03;237.3;4.5055;4.0;;83.0;0.830983;255.97;260.46;4.1837;3.5;;90.4;0.903065;244.19;247.19;4.856333;4.4;;;;;;;;;97.1;0.971466;222.79;212.08;6.07177;5.9;;97.1;0.971466;222.79;212.08;6.07177;5.9;;;;;;;;;;;;;;;;;;;;;;;;;;;;;
3;Sudeste;33;RJ;Rio de Janeiro;3306107;Valença;3104488.799;45595.24;3044053.861;44928.69;3122592.298;40447.04;71900.303;1166620.418;980434.78;614179.248;2833134.748;289457.55;Indústrias de transformação;Demais serviços;Administração, defesa, educação e saúde públicas e seguridade social;7;True;82.8;0.834226;241.96;248.45;4.840167;4.0;;91.9;0.919144;273.01;279.45;4.707308;4.3;;88.3;0.843711;259.3;263.58;5.381333;4.5;;91.5;0.915581;274.65;280.92;4.752347;4.4;;84.0;0.838351;249.31;254.87;5.069667;4.3;;;;;;;;;83.6;0.835275;217.29;204.68;5.832263;4.9;;83.6;0.835275;217.29;204.68;5.832263;4.9;;;;;;;;;;;;;;;;;;;;;;;;;;;;;
3;Sudeste;33;RJ;Rio de Janeiro;3306156;Varre-Sai;407915.097;39964.25;399232.143;39113.56;264148.878;23567.89;45669.435;14616.55;56643.268;108067.443;224996.696;39152.183;Administração, defesa, educação e saúde públicas e seguridade social;Demais serviços;Agricultura, inclusive apoio à agricultura e a pós colheita;6;True;;;;;;;;92.6;0.930959;256.5;254.52;4.102222;3.8;;85.5;0.856119;231.86;228.63;4.3415;3.7;;92.6;0.930959;256.5;254.52;4.102222;3.8;;91.5;0.908096;231.86;228.63;4.3415;3.9;;;;;;;;;95.9;0.958131;212.68;202.42;5.703195;5.5;;95.9;0.958131;212.68;202.42;5.703195;5.5;;;;;;;;;;;;;;;;;;;;;;;;;;;;;
3;Sudeste;33;RJ;Rio de Janeiro;3306206;Vassouras;1472879.543;43350.59;1344715.145;39578.38;1321254.423;35458.49;36232.678;222718.603;578648.908;353439.827;1191040.016;130214.407;Demais serviços;Administração, defesa, educação e saúde públicas e seguridade social;Indústrias de transformação;7;True;91.7;0.920177;223.77;225.75;4.158667;3.8;;83.7;0.845123;277.88;287.55;4.896964;4.1;;81.5;0.815711;252.15;259.55;5.195;4.2;;83.7;0.845123;277.88;287.55;4.896964;4.1;;85.5;0.856922;246.92;253.32;5.004;4.3;;;;;;;;;95.1;0.950648;211.19;201.52;5.658396;5.4;;95.1;0.950648;211.19;201.52;5.658396;5.4;;;;;;;;;;;;;;;;;;;;;;;;;;;;;
3;Sudeste;33;RJ;Rio de Janeiro;3306305;Volta Redonda;15307614.873;58523.62;15472606.815;59149.67;19671203.292;71551.16;8048.146;8507258.565;5640206.197;2245477.459;16400990.368;3270212.925;Indústrias de transformação;Demais serviços;Administração, defesa, educação e saúde públicas e seguridade social;6;True;93.8;0.938284;273.08;274.37;5.790833;5.4;;87.6;0.877838;274.4;285.42;4.816201;4.2;;;;;;;;;87.9;0.877838;274.4;285.42;4.816201;4.2;;93.8;0.938792;273.08;274.37;5.790833;5.4;;;;;;;;;91.0;0.911416;237.86;229.1;6.66882;6.1;;91.0;0.911416;237.86;229.1;6.66882;6.1;;;;;;;;;;;;;;;;;;;;;;;;;;;;;
