region_code;region_name;state_code;state_abbr;state_name;city_code;city_name;gdp_2023_current_prices_thousand_reais;gdp_per_capita_2023_current_reais;gdp_2022_current_prices_thousand_reais;gdp_per_capita_2022_current_reais;gdp_2021_current_prices_thousand_reais;gdp_per_capita_2021_current_reais;gross_value_added_agriculture_2021_current_prices_thousand_reais;gross_value_added_industry_2021_current_prices_thousand_reais;gross_value_added_services_2021_current_prices_thousand_reais;gross_value_added_public_administration_2021_current_prices_thousand_reais;gross_value_added_total_2021_current_prices_thousand_reais;taxes_less_subsidies_2021_current_prices_thousand_reais;main_economic_activity_2021;second_main_economic_activity_2021;third_main_economic_activity_2021;total_school_records;has_any_school_record;approval_rate_municipal_fundamental_iniciais_1_5;performance_indicator_municipal_fundamental_iniciais_1_5;saeb_math_score_municipal_fundamental_iniciais_1_5;saeb_portuguese_score_municipal_fundamental_iniciais_1_5;saeb_standardized_average_score_municipal_fundamental_iniciais_1_5;ideb_municipal_fundamental_iniciais_1_5;ideb_projection_municipal_fundamental_iniciais_1_5;approval_rate_publica_fundamental_iniciais_1_5;performance_indicator_publica_fundamental_iniciais_1_5;saeb_math_score_publica_fundamental_iniciais_1_5;saeb_portuguese_score_publica_fundamental_iniciais_1_5;saeb_standardized_average_score_publica_fundamental_iniciais_1_5;ideb_publica_fundamental_iniciais_1_5;ideb_projection_publica_fundamental_iniciais_1_5;approval_rate_publica_fundamental_finais_6_9;performance_indicator_publica_fundamental_finais_6_9;saeb_math_score_publica_fundamental_finais_6_9;saeb_portuguese_score_publica_fundamental_finais_6_9;saeb_standardized_average_score_publica_fundamental_finais_6_9;ideb_publica_fundamental_finais_6_9;ideb_projection_publica_fundamental_finais_6_9;approval_rate_municipal_fundamental_finais_6_9;performance_indicator_municipal_fundamental_finais_6_9;saeb_math_score_municipal_fundamental_finais_6_9;saeb_portuguese_score_municipal_fundamental_finais_6_9;saeb_standardized_average_score_municipal_fundamental_finais_6_9;ideb_municipal_fundamental_finais_6_9;ideb_projection_municipal_fundamental_finais_6_9;approval_rate_publica_medio_todos_1_4;performance_indicator_publica_medio_todos_1_4;saeb_math_score_publica_medio_todos_1_4;saeb_portuguese_score_publica_medio_todos_1_4;saeb_standardized_average_score_publica_medio_todos_1_4;ideb_publica_medio_todos_1_4;ideb_projection_publica_medio_todos_1_4;approval_rate_estadual_medio_todos_1_4;performance_indicator_estadual_medio_todos_1_4;saeb_math_score_estadual_medio_todos_1_4;saeb_portuguese_score_estadual_medio_todos_1_4;saeb_standardized_average_score_estadual_medio_todos_1_4;ideb_estadual_medio_todos_1_4;ideb_projection_estadual_medio_todos_1_4;approval_rate_estadual_fundamental_finais_6_9;performance_indicator_estadual_fundamental_finais_6_9;saeb_math_score_estadual_fundamental_finais_6_9;saeb_portuguese_score_estadual_fundamental_finais_6_9;saeb_standardized_average_score_estadual_fundamental_finais_6_9;ideb_estadual_fundamental_finais_6_9;ideb_projection_estadual_fundamental_finais_6_9;approval_rate_estadual_fundamental_iniciais_1_5;performance_indicator_estadual_fundamental_iniciais_1_5;saeb_math_score_estadual_fundamental_iniciais_1_5;saeb_portuguese_score_estadual_fundamental_iniciais_1_5;saeb_standardized_average_score_estadual_fundamental_iniciais_1_5;ideb_estadual_fundamental_iniciais_1_5;ideb_projection_estadual_fundamental_iniciais_1_5;approval_rate_federal_medio_todos_1_4;performance_indicator_federal_medio_todos_1_4;saeb_math_score_federal_medio_todos_1_4;saeb_portuguese_score_federal_medio_todos_1_4;saeb_standardized_average_score_federal_medio_todos_1_4;ideb_federal_medio_todos_1_4;ideb_projection_federal_medio_todos_1_4;approval_rate_federal_fundamental_finais_6_9;performance_indicator_federal_fundamental_finais_6_9;saeb_math_score_federal_fundamental_finais_6_9;saeb_portuguese_score_federal_fundamental_finais_6_9;saeb_standardized_average_score_federal_fundamental_finais_6_9;ideb_federal_fundamental_finais_6_9;ideb_projection_federal_fundamental_finais_6_9
2;Nordeste;28;SE;Sergipe;2800100;Amparo do São Francisco;49411.591;22770.32;39348.389;18132.9;37966.816;15912.33;1991.836;3576.698;6625.269;23763.737;35957.539;2009.276;Administração, defesa, educação e saúde públicas e seguridade social;Demais serviços;Eletricidade e gás, água, esgoto, atividades de gestão de resíduos e descontaminação;6;True;86.2;0.875044;208.02;206.96;5.696809;5.0;;86.2;0.875044;208.02;206.96;5.696809;5.0;;69.1;0.688603;260.37;252.85;5.220333;3.6;;69.1;0.688603;260.37;252.85;5.220333;3.6;;98.5;0.988753;251.6;270.71;4.275767;4.2;;98.5;0.988753;251.6;270.71;4.275767;4.2;;;;;;;;;;;;;;;;;;;;;;;;;;;;;
2;Nordeste;28;SE;Sergipe;2800209;Aquidabã;362299.329;17997.09;293234.442;14566.31;287874.395;13207.67;49086.217;14564.801;81227.715;127160.343;272039.076;15835.318;Administração, defesa, educação e saúde públicas e seguridade social;Demais serviços;Agricultura, inclusive apoio à agricultura e a pós colheita;8;True;94.8;0.948846;173.22;163.68;4.245778;4.0;;94.6;0.952419;189.32;176.93;4.793939;4.6;;78.9;0.7846;234.22;242.14;4.606;3.6;;74.0;0.739363;234.03;233.2;4.453833;3.3;;91.9;0.920447;254.91;256.59;4.110879;3.8;;91.9;0.920447;254.91;256.59;4.110879;3.8;;87.1;0.872857;234.27;244.43;4.645;4.1;;93.6;0.939839;201.39;186.87;5.20501;4.9;;;;;;;;;;;;;;;
2;Nordeste;28;SE;Sergipe;2800308;Aracaju;22291877.481;36983.19;20604498.178;34183.76;18405677.788;27364.4;3330.158;1850430.687;10683341.648;3511932.57;16049035.063;2356642.725;Demais serviços;Administração, defesa, educação e saúde públicas e seguridade social;Comércio e reparação de veículos automotores e motocicletas;8;True;98.8;0.987532;201.83;192.01;5.306861;5.2;;98.5;0.985676;201.68;193.06;5.32309;5.2;;88.3;0.882935;240.54;246.93;4.791167;4.2;;91.4;0.916523;238.29;245.33;4.727;4.3;;88.9;0.895187;262.34;267.35;4.37631;3.9;;89.1;0.897395;260.7;265.77;4.329624;3.9;;86.7;0.866405;241.53;247.64;4.8195;4.2;;98.1;0.982907;201.45;194.68;5.348155;5.3;;;;;;;;;;;;;;;
2;Nordeste;28;SE;Sergipe;2800407;Arauá;203786.827;19750.61;153674.521;14893.83;140121.885;14240.03;34309.894;7663.025;27264.771;62856.674;132094.364;8027.521;Administração, defesa, educação e saúde públicas e seguridade social;Agricultura, inclusive apoio à agricultura e a pós colheita;Demais serviços;7;True;96.8;0.968348;192.57;174.89;4.818871;4.7;;96.8;0.968348;192.57;174.89;4.818871;4.7;;91.4;0.913912;232.68;234.51;4.453167;4.1;;88.2;0.883325;224.29;216.51;4.013333;3.5;;95.3;0.955847;243.2;244.02;3.758239;3.6;;95.3;0.955847;243.2;244.02;3.758239;3.6;;100.0;1.0;239.45;249.04;4.808167;4.8;;;;;;;;;;;;;;;;;;;;;;
2;Nordeste;28;SE;Sergipe;2800506;Areia Branca;353833.617;19569.36;282928.543;15647.84;252263.149;13400.43;46114.241;15837.316;64573.113;108155.226;234679.896;17583.253;Administração, defesa, educação e saúde públicas e seguridade social;Demais serviços;Agricultura, inclusive apoio à agricultura e a pós colheita;5;True;88.5;0.87601;184.24;173.91;4.642083;4.1;;88.5;0.87601;184.24;173.91;4.642083;4.1;;76.5;0.765929;228.63;235.13;4.396;3.4;;74.1;0.73746;226.75;233.3;4.334167;3.2;;;;;;;;;;;;;;;;87.4;0.871256;237.03;243.28;4.671833;4.1;;;;;;;;;;;;;;;;;;;;;;
2;Nordeste;28;SE;Sergipe;2800605;Barra dos Coqueiros;2478981.558;59718.67;2283499.222;55009.5;2581591.798;82114.31;3614.258;1756682.227;214610.177;209915.431;2184822.093;396769.705;Eletricidade e gás, água, esgoto, atividades de gestão de resíduos e descontaminação;Administração, defesa, educação e saúde públicas e seguridade social;Demais serviços;5;True;93.7;0.938261;197.24;188.52;5.155811;4.8;;93.9;0.940314;197.24;188.52;5.155811;4.8;;80.6;0.803808;232.05;234.52;4.442833;3.6;;79.0;0.786947;230.97;231.46;4.373833;3.4;;;;;;;;;;;;;;;;86.6;0.871524;237.84;251.07;4.815167;4.2;;;;;;;;;;;;;;;;;;;;;;
2;Nordeste;28;SE;Sergipe;2800670;Boquim;436636.496;17723.51;365383.428;14830.08;333080.032;12345.44;27215.269;12256.108;115890.561;148606.148;303968.086;29111.946;Administração, defesa, educação e saúde públicas e seguridade social;Demais serviços;Comércio e reparação de veículos automotores e motocicletas;8;True;90.0;0.901069;188.17;183.19;4.885811;4.4;;91.2;0.913652;192.06;186.68;5.023502;4.6;;78.9;0.790674;240.93;243.66;4.743167;3.8;;77.1;0.773848;236.46;238.26;4.578667;3.5;;98.9;0.989613;272.12;272.65;4.593011;4.5;;98.9;0.989613;272.12;272.65;4.593011;4.5;;89.4;0.892574;259.21;265.74;5.415833;4.8;;100.0;1.0;202.88;196.39;5.406536;5.4;;;;;;;;;;;;;;;
2;Nordeste;28;SE;Sergipe;2800704;Brejo Grande;122925.634;15677.29;108239.831;13804.34;95886.083;11420.45;12858.358;4143.003;19533.963;55138.924;91674.248;4211.835;Administração, defesa, educação e saúde públicas e seguridade social;Demais serviços;Agricultura, inclusive apoio à agricultura e a pós colheita;8;True;88.4;0.872243;164.26;159.86;4.005331;3.5;;89.7;0.895834;176.77;171.07;4.44789;4.0;;86.8;0.870678;228.42;231.57;4.333167;3.8;;83.2;0.855884;223.73;230.22;4.2325;3.6;;90.9;0.917552;244.49;243.74;3.772165;3.5;;90.9;0.917552;244.49;243.74;3.772165;3.5;;90.7;0.903971;230.89;232.29;4.386333;4.0;;98.8;0.988404;192.52;185.17;5.004826;4.9;;;;;;;;;;;;;;;
2;Nordeste;28;SE;Sergipe;2801009;Campo do Brito;354386.358;19526.5;277079.53;15266.93;237677.001;12970.1;18999.677;26048.874;72771.467;102397.888;220217.906;17459.095;Administração, defesa, educação e saúde públicas e seguridade social;Demais serviços;Comércio e reparação de veículos automotores e motocicletas;8;True;89.8;0.900559;189.45;182.5;4.897693;4.4;;90.9;0.916464;193.17;180.46;4.931594;4.5;;84.8;0.847779;241.87;246.83;4.811667;4.1;;68.9;0.710769;239.79;245.69;4.758;3.4;;88.2;0.896272;257.71;264.4;4.267121;3.8;;88.2;0.896272;257.71;264.4;4.267121;3.8;;89.8;0.895725;242.35;247.09;4.824;4.3;;93.9;0.949155;196.64;178.56;4.96327;4.7;;;;;;;;;;;;;;;
2;Nordeste;28;SE;Sergipe;2801108;Canhoba;95134.774;25094.9;77113.345;20341.16;84436.411;21093.28;33967.864;3699.28;12785.477;29053.053;79505.675;4930.736;Administração, defesa, educação e saúde públicas e seguridade social;Agricultura, inclusive apoio à agricultura e a pós colheita;Demais serviços;6;True;89.2;0.900533;214.62;188.99;5.496036;4.9;;89.2;0.900533;214.62;188.99;5.496036;4.9;;86.3;0.873163;231.29;238.16;4.490833;3.9;;83.3;0.846989;230.49;235.58;4.4345;3.8;;99.1;0.99187;252.47;254.65;4.047567;4.0;;99.1;0.99187;252.47;254.65;4.047567;4.0;;;;;;;;;;;;;;;;;;;;;;;;;;;;;
2;Nordeste;28;SE;Sergipe;2801207;Canindé de São Francisco;2967956.618;110604.33;2954227.833;110092.71;2895221.78;93714.69;34942.808;2467497.911;141234.648;221038.554;2864713.921;30507.859;Eletricidade e gás, água, esgoto, atividades de gestão de resíduos e descontaminação;Administração, defesa, educação e saúde públicas e seguridade social;Demais serviços;6;True;87.1;0.870422;186.61;178.57;4.77204;4.2;;87.1;0.870422;186.61;178.57;4.77204;4.2;;76.4;0.767379;249.45;252.97;5.040333;3.9;;76.4;0.767379;249.45;252.97;5.040333;3.9;;89.8;0.905115;257.41;258.21;4.170242;3.8;;89.8;0.905115;257.41;258.21;4.170242;3.8;;;;;;;;;;;;;;;;;;;;;;;;;;;;;
2;Nordeste;28;SE;Sergipe;2801306;Capela;595060.958;18804.26;439115.131;13876.29;385290.499;11069.02;32283.32;22998.541;111317.25;196431.718;363030.829;22259.67;Administração, defesa, educação e saúde públicas e seguridade social;Demais serviços;Agricultura, inclusive apoio à agricultura e a pós colheita;8;True;96.1;0.957981;188.73;177.04;4.784679;4.6;;96.1;0.962894;201.68;189.16;5.25218;5.1;;91.0;0.910938;231.84;237.01;4.480833;4.1;;89.4;0.896485;236.52;236.41;4.548833;4.1;;91.5;0.917275;242.36;238.93;3.670243;3.4;;91.5;0.917275;242.36;238.93;3.670243;3.4;;93.2;0.92928;229.95;237.25;4.453333;4.1;;96.1;0.960841;214.36;201.03;5.709983;5.5;;;;;;;;;;;;;;;
2;Nordeste;28;SE;Sergipe;2801405;Carira;723768.733;36299.15;458583.778;22999.34;379817.764;16961.45;84247.412;21782.293;116571.083;123796.742;346397.529;33420.234;Administração, defesa, educação e saúde públicas e seguridade social;Demais serviços;Agricultura, inclusive apoio à agricultura e a pós colheita;7;True;92.9;0.932484;194.67;186.44;5.068947;4.7;;92.9;0.932484;194.67;186.44;5.068947;4.7;;78.5;0.786486;238.17;240.13;4.638333;3.6;;77.1;0.778322;233.49;233.5;4.449833;3.5;;78.5;0.788063;253.82;261.7;4.172067;3.3;;78.5;0.788063;253.82;261.7;4.172067;3.3;;84.7;0.862651;249.3;255.91;5.086833;4.4;;;;;;;;;;;;;;;;;;;;;;
2;Nordeste;28;SE;Sergipe;2801504;Carmópolis;464416.713;33524.63;362970.624;26201.59;422600.834;24524.19;4198.734;154364.652;96535.309;134185.971;389284.665;33316.169;Administração, defesa, educação e saúde públicas e seguridade social;Indústrias extrativas;Demais serviços;7;True;92.0;0.918508;191.03;180.72;4.895482;4.5;;92.0;0.918508;191.03;180.72;4.895482;4.5;;89.8;0.897633;230.49;231.95;4.374;3.9;;88.9;0.89559;220.39;221.17;4.026;3.6;;82.9;0.831629;248.79;250.74;3.937349;3.3;;82.9;0.831629;248.79;250.74;3.937349;3.3;;91.1;0.90685;236.83;238.72;4.5925;4.2;;;;;;;;;;;;;;;;;;;;;;
2;Nordeste;28;SE;Sergipe;2801603;Cedro de São João;84948.639;15757.49;71098.781;13188.42;64293.401;10843.89;3606.694;3497.359;17625.211;36922.942;61652.206;2641.195;Administração, defesa, educação e saúde públicas e seguridade social;Demais serviços;Comércio e reparação de veículos automotores e motocicletas;6;True;99.6;0.996141;202.63;185.71;5.207583;5.2;;99.6;0.996141;202.63;185.71;5.207583;5.2;;97.9;0.982176;264.83;266.15;5.516333;5.4;;97.9;0.982176;264.83;266.15;5.516333;5.4;;95.8;0.958127;260.91;265.99;4.335867;4.2;;95.8;0.958127;260.91;265.99;4.335867;4.2;;;;;;;;;;;;;;;;;;;;;;;;;;;;;
2;Nordeste;28;SE;Sergipe;2801702;Cristinápolis;589914.464;34497.92;283845.507;16599.15;250777.22;13793.37;44664.715;17364.095;59967.063;110626.292;232622.166;18155.054;Administração, defesa, educação e saúde públicas e seguridade social;Demais serviços;Agricultura, inclusive apoio à agricultura e a pós colheita;7;True;96.0;0.960665;176.97;168.16;4.398797;4.2;;96.0;0.960665;176.97;168.16;4.398797;4.2;;88.1;0.880415;233.21;229.22;4.373833;3.9;;88.0;0.87851;235.51;233.11;4.477;3.9;;88.0;0.881839;240.92;243.91;3.724569;3.3;;88.0;0.881839;240.92;243.91;3.724569;3.3;;89.9;0.903325;219.31;205.76;3.751167;3.4;;;;;;;;;;;;;;;;;;;;;;
2;Nordeste;28;SE;Sergipe;2801900;Cumbe;82670.98;21618.98;63883.967;16706.06;69489.148;17337.61;24405.508;2708.798;12042.141;25795.609;64952.056;4537.092;Administração, defesa, educação e saúde públicas e seguridade social;Agricultura, inclusive apoio à agricultura e a pós colheita;Demais serviços;8;True;91.7;0.899758;198.17;181.99;5.054832;4.5;;93.7;0.941226;193.88;176.78;4.878235;4.6;;82.6;0.826591;238.15;247.37;4.758667;3.9;;65.7;0.627954;232.8;238.58;4.523;2.8;;93.5;0.943758;263.84;277.4;4.547827;4.3;;93.5;0.943758;263.84;277.4;4.547827;4.3;;98.3;0.981252;242.85;255.11;4.966;4.9;;97.5;0.972944;190.29;172.41;4.730269;4.6;;;;;;;;;;;;;;;
2;Nordeste;28;SE;Sergipe;2802007;Divina Pastora;240796.937;55483.17;191830.439;44200.56;188619.161;35655.8;7549.528;95508.769;34655.261;46268.834;183982.393;4636.769;Indústrias extrativas;Administração, defesa, educação e saúde públicas e seguridade social;Demais serviços;6;True;89.1;0.896002;187.64;191.2;5.021332;4.5;;89.1;0.896002;187.64;191.2;5.021332;4.5;;95.5;0.953861;232.67;235.63;4.471667;4.3;;95.5;0.953861;232.67;235.63;4.471667;4.3;;95.8;0.965289;231.56;237.47;3.496702;3.4;;95.8;0.965289;231.56;237.47;3.496702;3.4;;;;;;;;;;;;;;;;;;;;;;;;;;;;;
2;Nordeste;28;SE;Sergipe;2802106;Estância;1473224.591;22637.83;2383397.393;36623.7;2126563.415;30414.67;89366.102;563575.777;627176.457;402077.497;1682195.832;444367.583;Indústrias de transformação;Demais serviços;Administração, defesa, educação e saúde públicas e seguridade social;8;True;91.9;0.917089;186.72;180.95;4.817412;4.4;;92.4;0.923912;187.97;181.33;4.848176;4.5;;78.1;0.779731;229.72;233.07;4.379833;3.4;;78.5;0.783418;229.09;231.76;4.3475;3.4;;71.7;0.724567;256.26;258.53;4.158881;3.0;;72.8;0.734276;249.2;253.41;3.983077;2.9;;76.3;0.765449;231.74;237.27;4.4835;3.4;;97.8;0.978745;196.47;183.93;5.057662;5.0;;;;;;;;;;;;;;;
2;Nordeste;28;SE;Sergipe;2802205;Feira Nova;169357.162;28146.45;112341.295;18801.89;114918.377;20459.03;39620.16;6455.716;21479.025;38051.257;105606.157;9312.22;Administração, defesa, educação e saúde públicas e seguridade social;Agricultura, inclusive apoio à agricultura e a pós colheita;Demais serviços;7;True;89.5;0.886343;183.06;171.85;4.58211;4.1;;89.5;0.886343;183.06;171.85;4.58211;4.1;;77.2;0.76608;232.0;225.87;4.297833;3.3;;71.2;0.70681;219.76;222.51;4.037833;2.9;;83.1;0.823012;237.79;231.93;3.501267;2.9;;83.1;0.823012;237.79;231.93;3.501267;2.9;;84.3;0.838913;245.34;229.53;4.581167;3.8;;;;;;;;;;;;;;;;;;;;;;
2;Nordeste;28;SE;Sergipe;2802304;Frei Paulo;551018.667;37922.83;442101.752;30426.82;324740.673;20699.94;55388.554;34681.659;103160.259;88789.237;282019.709;42720.964;Administração, defesa, educação e saúde públicas e seguridade social;Demais serviços;Agricultura, inclusive apoio à agricultura e a pós colheita;8;True;76.5;0.764383;190.33;173.77;4.755759;3.6;;80.7;0.82025;182.52;171.61;4.567441;3.7;;71.3;0.71304;234.29;250.84;4.752167;3.4;;61.4;0.614926;235.73;254.39;4.835333;3.0;;90.5;0.907758;248.66;251.86;3.952289;3.6;;90.5;0.907758;248.66;251.86;3.952289;3.6;;91.4;0.915128;232.09;245.39;4.624667;4.2;;92.9;0.928798;175.18;169.57;4.390273;4.1;;;;;;;;;;;;;;;
2;Nordeste;28;SE;Sergipe;2802403;Gararu;217566.187;19609.39;176744.446;15928.66;179510.515;15476.38;63394.228;7497.604;29562.279;66360.176;166814.287;12696.228;Administração, defesa, educação e saúde públicas e seguridade social;Pecuária, inclusive apoio à pecuária;Agricultura, inclusive apoio à agricultura e a pós colheita;8;True;91.2;0.912017;179.82;167.03;4.432641;4.0;;91.6;0.918229;192.35;171.41;4.7514;4.4;;82.0;0.817835;242.97;242.06;4.7505;3.9;;77.8;0.773987;239.2;239.13;4.638833;3.6;;83.4;0.841501;257.81;261.93;4.231549;3.6;;83.4;0.841501;257.81;261.93;4.231549;3.6;;90.1;0.909358;246.22;244.58;4.846667;4.4;;97.4;0.974;198.77;173.65;4.914646;4.8;;;;;;;;;;;;;;;
2;Nordeste;28;SE;Sergipe;2802502;General Maynard;50397.007;16594.34;47625.36;15681.71;43532.067;12724.95;1114.042;3030.892;8897.667;29412.097;42454.698;1077.369;Administração, defesa, educação e saúde públicas e seguridade social;Demais serviços;Indústrias extrativas;6;True;99.4;0.995935;193.22;184.52;5.006366;5.0;;99.4;0.995935;193.22;184.52;5.006366;5.0;;90.4;0.89504;245.02;227.53;4.5425;4.1;;90.4;0.89504;245.02;227.53;4.5425;4.1;;98.7;0.986653;248.05;252.94;3.959889;3.9;;98.7;0.986653;248.05;252.94;3.959889;3.9;;;;;;;;;;;;;;;;;;;;;;;;;;;;;
2;Nordeste;28;SE;Sergipe;2802601;Graccho Cardoso;139799.259;23946.43;99164.183;16997.63;100982.469;17318.21;32561.857;4764.208;19378.411;37583.435;94287.912;6694.557;Administração, defesa, educação e saúde públicas e seguridade social;Agricultura, inclusive apoio à agricultura e a pós colheita;Demais serviços;7;True;92.0;0.926021;176.01;177.84;4.556477;4.2;;92.0;0.926021;176.01;177.84;4.556477;4.2;;88.0;0.88044;232.64;239.52;4.536;4.0;;83.1;0.840035;223.46;229.0;4.207667;3.5;;93.2;0.932122;249.12;248.65;3.910696;3.6;;93.2;0.932122;249.12;248.65;3.910696;3.6;;95.0;0.948917;242.32;250.61;4.882167;4.6;;;;;;;;;;;;;;;;;;;;;;
2;Nordeste;28;SE;Sergipe;2802700;Ilha das Flores;118392.187;14228.12;102803.931;12354.76;101814.795;11947.29;12704.295;4750.035;25021.7;53324.25;95800.28;6014.516;Administração, defesa, educação e saúde públicas e seguridade social;Demais serviços;Agricultura, inclusive apoio à agricultura e a pós colheita;8;True;96.9;0.966256;199.84;190.59;5.243066;5.1;;97.4;0.972403;207.99;193.85;5.457873;5.3;;88.4;0.8868;235.23;228.59;4.397;3.9;;86.0;0.868279;235.96;224.15;4.335167;3.8;;90.6;0.911035;253.2;249.5;3.980724;3.6;;90.6;0.911035;253.2;249.5;3.980724;3.6;;93.6;0.927414;234.02;236.08;4.501667;4.2;;100.0;1.0;222.66;199.72;5.844562;5.8;;;;;;;;;;;;;;;
2;Nordeste;28;SE;Sergipe;2802809;Indiaroba;322888.157;19511.04;254736.158;15392.84;229669.731;12524.93;53350.097;6230.079;45336.506;112467.43;217384.112;12285.619;Administração, defesa, educação e saúde públicas e seguridade social;Agricultura, inclusive apoio à agricultura e a pós colheita;Demais serviços;8;True;94.3;0.943288;171.29;163.61;4.207673;4.0;;94.2;0.944148;171.89;166.25;4.267124;4.0;;82.0;0.821458;226.16;220.36;4.108667;3.4;;81.4;0.817045;228.88;223.04;4.198667;3.4;;90.4;0.907255;247.93;245.98;3.854012;3.5;;90.4;0.907255;247.93;245.98;3.854012;3.5;;84.8;0.846962;221.39;215.68;3.951167;3.3;;92.5;0.921322;173.63;173.93;4.439966;4.1;;;;;;;;;;;;;;;
2;Nordeste;28;SE;Sergipe;2802908;Itabaiana;2942685.897;28448.24;2510210.092;24267.54;2213274.573;22855.2;155787.851;145955.033;1102528.805;516687.329;1920959.017;292315.555;Demais serviços;Administração, defesa, educação e saúde públicas e seguridade social;Comércio e reparação de veículos automotores e motocicletas;9;True;89.5;0.894526;192.49;180.35;4.916617;4.4;;89.7;0.898738;196.62;185.15;5.082706;4.6;;78.0;0.78143;242.25;244.22;4.7745;3.7;;79.2;0.799082;240.16;239.77;4.6655;3.7;;74.6;0.754062;262.68;262.12;4.302792;3.2;;74.1;0.748837;260.78;260.44;4.250957;3.2;;76.5;0.758108;243.36;246.57;4.832167;3.7;;90.4;0.913891;205.66;195.64;5.445953;5.0;;79.4;0.769427;275.13;273.15;4.642771;3.6;;;;;;;;
2;Nordeste;28;SE;Sergipe;2803005;Itabaianinha;865771.933;21283.54;588847.115;14475.81;535796.555;12637.01;63944.681;42410.023;164291.044;226422.794;497068.541;38728.013;Administração, defesa, educação e saúde públicas e seguridade social;Demais serviços;Agricultura, inclusive apoio à agricultura e a pós colheita;6;True;99.1;0.991078;223.34;212.21;6.08463;6.0;;99.1;0.991078;223.34;212.21;6.08463;6.0;;92.7;0.927264;261.0;256.15;5.285833;4.9;;92.7;0.927264;261.0;256.15;5.285833;4.9;;82.9;0.835906;253.03;246.2;3.928935;3.3;;82.9;0.835906;253.03;246.2;3.928935;3.3;;;;;;;;;;;;;;;;;;;;;;;;;;;;;
2;Nordeste;28;SE;Sergipe;2803104;Itabi;101138.057;21314.66;83596.026;17617.71;81127.364;16662.02;20040.352;5228.941;17565.78;32534.94;75370.013;5757.351;Administração, defesa, educação e saúde públicas e seguridade social;Demais serviços;Pecuária, inclusive apoio à pecuária;6;True;96.4;0.965478;174.65;172.29;4.429613;4.3;;96.4;0.965478;174.65;172.29;4.429613;4.3;;81.3;0.820032;225.84;218.09;4.0655;3.3;;81.3;0.820032;225.84;218.09;4.0655;3.3;;87.7;0.872086;276.97;265.33;4.551548;4.0;;87.7;0.872086;276.97;265.33;4.551548;4.0;;;;;;;;;;;;;;;;;;;;;;;;;;;;;
2;Nordeste;28;SE;Sergipe;2803203;Itaporanga d'Ajuda;562365.723;16342.61;1099233.031;31944.23;880245.443;25111.13;55422.695;236186.366;216836.01;211495.119;719940.19;160305.253;Indústrias de transformação;Administração, defesa, educação e saúde públicas e seguridade social;Demais serviços;7;True;;;;;;;;92.4;0.925066;183.13;179.54;4.723264;4.4;;75.0;0.756315;232.95;243.91;4.614333;3.5;;70.5;0.717845;232.49;234.25;4.445667;3.2;;89.8;0.920911;251.85;263.04;4.164458;3.8;;89.8;0.920911;251.85;263.04;4.164458;3.8;;86.2;0.860195;233.34;252.16;4.758333;4.1;;82.9;0.825984;192.74;200.9;5.295024;4.4;;;;;;;;;;;;;;;
2;Nordeste;28;SE;Sergipe;2803302;Japaratuba;549070.01;33874.39;453870.645;28001.15;527939.243;27688.64;49754.059;225585.401;106762.87;126409.787;508512.117;19427.127;Indústrias extrativas;Administração, defesa, educação e saúde públicas e seguridade social;Demais serviços;7;True;94.7;0.948921;205.91;196.14;5.459815;5.2;;94.7;0.948921;205.91;196.14;5.459815;5.2;;86.6;0.864819;242.85;247.86;4.845167;4.2;;81.4;0.811582;240.75;242.91;4.727667;3.8;;88.2;0.884242;264.88;272.28;4.485787;4.0;;88.2;0.884242;264.88;272.28;4.485787;4.0;;99.3;0.993453;246.64;256.78;5.057;5.0;;;;;;;;;;;;;;;;;;;;;;
2;Nordeste;28;SE;Sergipe;2803401;Japoatã;298619.811;22273.43;230263.65;17174.88;210653.588;15694.65;58777.904;7708.564;50237.423;81763.725;198487.616;12165.972;Administração, defesa, educação e saúde públicas e seguridade social;Agricultura, inclusive apoio à agricultura e a pós colheita;Demais serviços;6;True;92.0;0.92014;196.78;179.32;4.97976;4.6;;92.4;0.926976;196.78;179.32;4.97976;4.6;;83.8;0.841424;257.79;257.94;5.262167;4.4;;81.7;0.820454;257.79;257.94;5.262167;4.3;;89.5;0.8957;254.39;255.12;4.081569;3.7;;89.5;0.8957;254.39;255.12;4.081569;3.7;;;;;;;;;;;;;;;;;;;;;;;;;;;;;
2;Nordeste;28;SE;Sergipe;2803500;Lagarto;2177825.208;21439.72;2127213.67;20941.47;1798319.172;16962.87;121048.851;220278.889;685405.2;560653.606;1587386.546;210932.626;Administração, defesa, educação e saúde públicas e seguridade social;Demais serviços;Comércio e reparação de veículos automotores e motocicletas;8;True;93.2;0.932433;184.37;177.42;4.708382;4.4;;94.1;0.942353;198.1;190.72;5.212223;4.9;;83.2;0.8326;248.92;257.46;5.106333;4.3;;80.9;0.809159;246.1;253.87;4.9995;4.0;;90.1;0.90364;273.15;280.63;4.726939;4.3;;89.5;0.898028;270.5;277.1;4.636875;4.2;;93.2;0.929065;257.6;268.52;5.435333;5.0;;99.7;0.99778;228.33;220.02;6.321859;6.3;;;;;;;;;;;;;;;
2;Nordeste;28;SE;Sergipe;2803609;Laranjeiras;638032.867;26612.42;1415005.935;59020.06;1162006.538;38315.91;28986.164;504887.3;235606.17;183039.358;952518.992;209487.546;Indústrias de transformação;Demais serviços;Administração, defesa, educação e saúde públicas e seguridade social;8;True;87.0;0.86318;180.67;169.36;4.491226;3.9;;88.5;0.887505;190.95;179.23;4.866864;4.3;;71.4;0.716057;231.94;228.38;4.338667;3.1;;63.3;0.633611;215.7;212.61;3.805167;2.4;;83.5;0.836377;249.63;241.79;3.815164;3.2;;83.5;0.836377;249.63;241.79;3.815164;3.2;;81.4;0.810213;240.77;236.95;4.628667;3.8;;95.3;0.961368;200.79;188.68;5.226468;5.0;;;;;;;;;;;;;;;
2;Nordeste;28;SE;Sergipe;2803708;Macambira;136318.076;19935.37;101487.733;14841.73;89534.571;12787.0;15540.747;4617.567;21543.327;42340.513;84042.154;5492.418;Administração, defesa, educação e saúde públicas e seguridade social;Demais serviços;Agricultura, inclusive apoio à agricultura e a pós colheita;8;True;93.1;0.923663;189.87;184.28;4.938071;4.6;;92.1;0.927383;205.8;194.36;5.425352;5.0;;76.8;0.760579;236.39;241.09;4.624667;3.5;;73.1;0.725411;235.07;238.37;4.557333;3.3;;90.9;0.915765;264.57;265.3;4.376942;4.0;;90.9;0.915765;264.57;265.3;4.376942;4.0;;82.3;0.805954;238.78;246.01;4.7465;3.8;;88.5;0.898546;216.72;201.28;5.759567;5.2;;;;;;;;;;;;;;;
2;Nordeste;28;SE;Sergipe;2803807;Malhada dos Bois;67243.893;18788.46;58964.078;16475.01;52759.619;14201.78;2510.728;3123.419;17203.287;26747.154;49584.587;3175.032;Administração, defesa, educação e saúde públicas e seguridade social;Demais serviços;Comércio e reparação de veículos automotores e motocicletas;4;True;95.1;0.946173;195.38;179.0;4.947224;4.7;;95.1;0.946173;195.38;179.0;4.947224;4.7;;95.4;0.953186;259.28;271.19;5.507833;5.2;;;;;;;;;;;;;;;;;;;;;;;100.0;1.0;259.28;271.19;5.507833;5.5;;;;;;;;;;;;;;;;;;;;;;
2;Nordeste;28;SE;Sergipe;2803906;Malhador;224467.342;19463.05;185938.151;16122.27;173217.785;13651.02;52673.894;7073.089;35631.869;69967.138;165345.99;7871.795;Administração, defesa, educação e saúde públicas e seguridade social;Agricultura, inclusive apoio à agricultura e a pós colheita;Demais serviços;8;True;88.6;0.871318;175.42;166.94;4.347035;3.8;;90.2;0.895376;187.1;180.34;4.813573;4.3;;76.6;0.767215;243.8;249.55;4.889167;3.8;;73.4;0.73405;248.24;252.31;5.009167;3.7;;86.5;0.876184;278.68;283.74;4.851164;4.3;;86.5;0.876184;278.68;283.74;4.851164;4.3;;83.8;0.834265;238.36;246.16;4.742;4.0;;100.0;1.0;211.64;208.47;5.793348;5.8;;;;;;;;;;;;;;;
2;Nordeste;28;SE;Sergipe;2804003;Maruim;320962.662;20418.77;468340.82;29794.57;448413.882;25877.99;13912.616;143181.249;105122.445;117768.392;379984.703;68429.179;Administração, defesa, educação e saúde públicas e seguridade social;Indústrias de transformação;Demais serviços;7;True;86.7;0.867567;180.94;168.51;4.480924;3.9;;86.7;0.867567;180.94;168.51;4.480924;3.9;;75.9;0.75701;229.63;228.01;4.294;3.3;;75.6;0.760844;227.32;224.16;4.191333;3.2;;85.5;0.860285;231.51;240.46;3.54076;3.0;;85.5;0.860285;231.51;240.46;3.54076;3.0;;76.8;0.758971;233.17;233.89;4.451;3.4;;;;;;;;;;;;;;;;;;;;;;
2;Nordeste;28;SE;Sergipe;2804102;Moita Bonita;280139.71;25352.01;202404.894;18317.18;206468.242;18173.42;82671.933;7105.932;41986.143;62077.657;193841.665;12626.577;Agricultura, inclusive apoio à agricultura e a pós colheita;Administração, defesa, educação e saúde públicas e seguridade social;Demais serviços;7;True;84.3;0.842777;189.73;175.5;4.775763;4.0;;84.3;0.842777;189.73;175.5;4.775763;4.0;;77.9;0.772241;250.1;250.53;5.0105;3.9;;71.1;0.707836;245.47;247.57;4.884;3.5;;97.2;0.973338;279.9;264.77;4.584317;4.5;;97.2;0.973338;279.9;264.77;4.584317;4.5;;97.1;0.9692;263.36;259.02;5.373;5.2;;;;;;;;;;;;;;;;;;;;;;
2;Nordeste;28;SE;Sergipe;2804201;Monte Alegre de Sergipe;337201.188;23488.52;238046.607;16604.81;218952.565;14296.61;43272.933;9868.103;59210.293;90436.97;202788.298;16164.266;Administração, defesa, educação e saúde públicas e seguridade social;Demais serviços;Pecuária, inclusive apoio à pecuária;8;True;82.4;0.814211;190.74;183.96;4.948856;4.0;;85.8;0.861663;198.36;189.76;5.199731;4.5;;86.6;0.872845;228.02;233.39;4.356833;3.8;;82.1;0.829714;224.68;234.82;4.325;3.6;;86.9;0.870422;262.9;258.64;4.253786;3.7;;86.9;0.870422;262.9;258.64;4.253786;3.7;;95.6;0.957904;232.78;231.37;4.4025;4.2;;98.0;0.980619;210.18;198.76;5.58894;5.5;;;;;;;;;;;;;;;
2;Nordeste;28;SE;Sergipe;2804300;Muribeca;112543.753;14388.1;105508.242;13488.65;96660.396;12630.39;8571.742;8427.484;26290.986;48786.789;92077.001;4583.396;Administração, defesa, educação e saúde públicas e seguridade social;Demais serviços;Comércio e reparação de veículos automotores e motocicletas;7;True;94.2;0.944206;187.23;180.76;4.82369;4.6;;94.2;0.944206;187.23;180.76;4.82369;4.6;;87.0;0.867057;243.92;242.42;4.772333;4.1;;82.7;0.825971;218.29;223.96;4.0375;3.3;;93.5;0.936672;247.57;249.67;3.904196;3.7;;93.5;0.936672;247.57;249.67;3.904196;3.7;;94.4;0.944325;257.45;252.15;5.16;4.9;;;;;;;;;;;;;;;;;;;;;;
2;Nordeste;28;SE;Sergipe;2804409;Neópolis;382704.881;23298.73;318547.717;19392.9;330965.807;17710.07;79831.415;21603.293;90977.525;105810.189;298222.421;32743.385;Administração, defesa, educação e saúde públicas e seguridade social;Demais serviços;Agricultura, inclusive apoio à agricultura e a pós colheita;8;True;99.2;0.992337;175.65;166.81;4.349061;4.3;;99.4;0.994159;199.72;190.49;5.238958;5.2;;96.7;0.966151;236.6;240.63;4.6205;4.5;;98.6;0.983901;200.46;216.19;3.610833;3.6;;97.5;0.97752;261.54;259.36;4.245464;4.2;;97.5;0.97752;261.54;259.36;4.245464;4.2;;95.1;0.949169;242.39;244.54;4.782167;4.5;;99.7;0.997984;211.46;202.03;5.672822;5.7;;;;;;;;;;;;;;;
2;Nordeste;28;SE;Sergipe;2804458;Nossa Senhora Aparecida;209604.537;22704.13;126196.514;13669.47;109900.468;12457.55;19378.608;7066.006;27788.663;48342.513;102575.79;7324.678;Administração, defesa, educação e saúde públicas e seguridade social;Demais serviços;Agricultura, inclusive apoio à agricultura e a pós colheita;7;True;93.3;0.93338;192.4;176.69;4.848354;4.5;;93.3;0.93338;192.4;176.69;4.848354;4.5;;77.2;0.766753;242.15;261.84;5.0665;3.9;;73.6;0.722663;231.29;250.33;4.693667;3.4;;82.7;0.82812;261.1;260.61;4.257996;3.5;;82.7;0.82812;261.1;260.61;4.257996;3.5;;85.6;0.847667;257.35;277.95;5.588333;4.7;;;;;;;;;;;;;;;;;;;;;;
2;Nordeste;28;SE;Sergipe;2804508;Nossa Senhora da Glória;1048319.704;25477.43;943165.567;22891.26;790790.161;20967.52;108597.465;55910.063;332586.221;207665.08;704758.828;86031.332;Demais serviços;Administração, defesa, educação e saúde públicas e seguridade social;Comércio e reparação de veículos automotores e motocicletas;7;True;89.9;0.899315;192.95;186.7;5.04085;4.5;;92.6;0.927637;199.86;194.48;5.314175;4.9;;83.4;0.83157;238.61;238.76;4.622833;3.8;;83.1;0.827492;238.61;238.76;4.622833;3.8;;86.5;0.870811;264.89;263.12;4.348802;3.8;;86.4;0.869729;264.44;262.81;4.337841;3.8;;;;;;;;;99.1;0.991949;210.51;206.47;5.735419;5.7;;;;;;;;;;;;;;;
2;Nordeste;28;SE;Sergipe;2804607;Nossa Senhora das Dores;540609.743;21627.85;467048.624;18684.93;415736.18;15422.2;48540.191;46065.897;131064.97;151576.302;377247.36;38488.82;Administração, defesa, educação e saúde públicas e seguridade social;Demais serviços;Comércio e reparação de veículos automotores e motocicletas;8;True;93.1;0.920211;178.95;164.71;4.373856;4.0;;93.9;0.935287;192.53;178.66;4.886653;4.6;;86.7;0.865942;240.8;244.82;4.760333;4.1;;84.6;0.846955;234.99;237.44;4.5405;3.8;;90.2;0.905751;254.14;255.9;4.089735;3.7;;90.2;0.905751;254.14;255.9;4.089735;3.7;;90.0;0.901153;244.74;249.82;4.909333;4.4;;97.9;0.983396;208.8;195.38;5.501149;5.4;;;;;;;;;;;;;;;
2;Nordeste;28;SE;Sergipe;2804706;Nossa Senhora de Lourdes;115909.832;18492.32;89604.346;14295.52;91164.828;14005.97;20674.147;3710.516;22405.327;38723.157;85513.146;5651.682;Administração, defesa, educação e saúde públicas e seguridade social;Demais serviços;Pecuária, inclusive apoio à pecuária;8;True;94.2;0.930127;192.03;191.8;5.11602;4.8;;94.2;0.936342;203.08;188.66;5.269807;4.9;;93.4;0.933501;233.45;243.27;4.612;4.3;;90.7;0.90432;225.52;236.37;4.364833;3.9;;98.6;0.986508;264.9;267.54;4.41511;4.4;;98.6;0.986508;264.9;267.54;4.41511;4.4;;97.2;0.964571;246.57;254.7;5.021167;4.8;;94.1;0.930471;209.89;186.73;5.364678;5.0;;;;;;;;;;;;;;;
2;Nordeste;28;SE;Sergipe;2804805;Nossa Senhora do Socorro;2852077.183;14829.08;3804226.31;19779.68;3232697.918;17219.66;7124.954;479813.862;1275836.653;973286.988;2736062.457;496635.461;Administração, defesa, educação e saúde públicas e seguridade social;Demais serviços;Comércio e reparação de veículos automotores e motocicletas;8;True;96.3;0.96243;191.24;185.66;4.989307;4.8;;96.2;0.962405;193.01;186.47;5.037813;4.8;;86.9;0.871024;230.35;237.46;4.4635;3.9;;88.5;0.886427;226.28;234.26;4.342333;3.8;;89.3;0.903387;252.95;258.21;4.107602;3.7;;89.4;0.903387;252.95;258.21;4.107602;3.7;;85.9;0.860813;233.59;240.01;4.56;3.9;;95.8;0.966449;197.8;188.66;5.169044;5.0;;;;;;;;;;;;;;;
2;Nordeste;28;SE;Sergipe;2804904;Pacatuba;219431.735;17551.73;281548.972;22520.31;236642.649;16153.08;36244.598;48574.436;36307.585;94740.354;215866.973;20775.676;Administração, defesa, educação e saúde públicas e seguridade social;Indústrias de transformação;Demais serviços;6;True;96.4;0.965804;179.52;174.28;4.558734;4.4;;96.4;0.965804;179.52;174.28;4.558734;4.4;;83.8;0.834484;230.49;226.72;4.286833;3.6;;81.0;0.803237;230.49;226.72;4.286833;3.4;;96.3;0.965065;244.87;243.55;3.774658;3.6;;96.3;0.965065;244.87;243.55;3.774658;3.6;;;;;;;;;;;;;;;;;;;;;;;;;;;;;
2;Nordeste;28;SE;Sergipe;2805000;Pedra Mole;74512.297;26822.28;58162.017;20936.65;48011.71;14509.43;12028.621;1760.758;8043.316;23965.237;45797.932;2213.778;Administração, defesa, educação e saúde públicas e seguridade social;Agricultura, inclusive apoio à agricultura e a pós colheita;Demais serviços;6;True;86.5;0.847084;192.62;192.03;5.131461;4.3;;86.5;0.847084;192.62;192.03;5.131461;4.3;;80.3;0.794208;244.48;251.12;4.926667;3.9;;80.3;0.794208;244.48;251.12;4.926667;3.9;;93.0;0.93407;242.16;253.31;3.882704;3.6;;93.0;0.93407;242.16;253.31;3.882704;3.6;;;;;;;;;;;;;;;;;;;;;;;;;;;;;
2;Nordeste;28;SE;Sergipe;2805109;Pedrinhas;128570.496;17383.79;103298.226;13966.77;98935.679;10171.24;7915.55;3738.919;24788.265;57986.318;94429.052;4506.627;Administração, defesa, educação e saúde públicas e seguridade social;Demais serviços;Comércio e reparação de veículos automotores e motocicletas;7;True;94.8;0.940758;179.08;172.64;4.520519;4.3;;95.8;0.961238;184.13;173.73;4.636711;4.5;;82.5;0.814629;226.56;231.21;4.296167;3.5;;;;;;;;;85.3;0.85031;254.03;242.67;3.890136;3.3;;85.3;0.85031;254.03;242.67;3.890136;3.3;;95.6;0.952239;227.11;231.03;4.302333;4.1;;99.0;0.993243;187.13;174.38;4.705781;4.7;;;;;;;;;;;;;;;
2;Nordeste;28;SE;Sergipe;2805208;Pinhão;141417.06;24910.53;132055.486;23261.49;91574.102;13712.8;12148.948;3384.332;26498.912;40578.134;82610.326;8963.776;Administração, defesa, educação e saúde públicas e seguridade social;Demais serviços;Comércio e reparação de veículos automotores e motocicletas;7;True;94.3;0.948993;195.33;180.2;4.968088;4.7;;94.3;0.948993;195.33;180.2;4.968088;4.7;;85.8;0.86001;238.54;232.83;4.522833;3.9;;78.0;0.789217;235.58;221.9;4.291333;3.4;;90.2;0.917889;259.91;257.24;4.190834;3.8;;90.2;0.917889;259.91;257.24;4.190834;3.8;;94.8;0.94564;240.8;241.18;4.699667;4.4;;;;;;;;;;;;;;;;;;;;;;
2;Nordeste;28;SE;Sergipe;2805307;Pirambu;155336.484;19630.54;159527.605;20160.19;137921.589;14616.53;6634.133;23783.252;33838.583;68329.88;132585.848;5335.741;Administração, defesa, educação e saúde públicas e seguridade social;Demais serviços;Indústrias extrativas;4;True;;;;;;;;;;;;;;;84.5;0.847056;237.73;246.16;4.7315;4.0;;;;;;;;;92.1;0.921929;248.19;242.61;3.807215;3.5;;92.1;0.921929;248.19;242.61;3.807215;3.5;;95.7;0.957331;241.76;248.59;4.839167;4.6;;;;;;;;;;;;;;;;;;;;;;
2;Nordeste;28;SE;Sergipe;2805406;Poço Redondo;763538.928;22833.78;462181.826;13821.64;416245.13;11738.11;80397.937;30518.215;86778.489;188709.335;386403.976;29841.154;Administração, defesa, educação e saúde públicas e seguridade social;Demais serviços;Pecuária, inclusive apoio à pecuária;7;True;90.2;0.892924;164.57;157.49;3.968156;3.5;;91.2;0.909976;170.02;160.43;4.125618;3.8;;67.1;0.67072;222.61;221.67;4.071333;2.7;;;;;;;;;92.4;0.926596;248.24;247.27;3.877678;3.6;;92.4;0.926596;248.24;247.27;3.877678;3.6;;96.5;0.960823;225.36;227.41;4.212833;4.0;;98.5;0.988625;177.53;164.49;4.342757;4.3;;;;;;;;;;;;;;;
2;Nordeste;28;SE;Sergipe;2805505;Poço Verde;388823.218;17840.84;392809.604;18023.75;322301.775;13427.56;23494.005;21581.48;113635.628;130231.209;288942.323;33359.452;Administração, defesa, educação e saúde públicas e seguridade social;Demais serviços;Comércio e reparação de veículos automotores e motocicletas;7;True;94.9;0.940737;191.31;182.87;4.939916;4.6;;96.4;0.966698;215.02;200.03;5.704397;5.5;;90.6;0.905849;252.73;255.35;5.134667;4.7;;;;;;;;;86.9;0.875409;270.56;278.65;4.660921;4.1;;86.9;0.875409;270.56;278.65;4.660921;4.1;;97.9;0.98155;265.54;271.4;5.615667;5.5;;99.7;0.997481;236.45;215.54;6.395366;6.4;;;;;;;;;;;;;;;
2;Nordeste;28;SE;Sergipe;2805604;Porto da Folha;637807.556;23999.38;405211.523;15247.27;366553.464;12732.86;75585.531;26617.913;79352.585;159335.289;340891.318;25662.146;Administração, defesa, educação e saúde públicas e seguridade social;Demais serviços;Pecuária, inclusive apoio à pecuária;8;True;91.3;0.912285;191.06;174.85;4.789327;4.4;;92.4;0.925211;191.94;179.35;4.887939;4.5;;83.0;0.830615;244.48;235.39;4.6645;3.9;;76.3;0.766102;240.44;231.29;4.528833;3.5;;94.2;0.943448;255.97;248.58;4.005856;3.8;;94.2;0.943448;255.97;248.58;4.005856;3.8;;99.3;0.993481;248.8;239.78;4.809667;4.8;;100.0;1.0;195.16;195.85;5.249389;5.2;;;;;;;;;;;;;;;
2;Nordeste;28;SE;Sergipe;2805703;Propriá;614880.096;23100.16;573817.043;21557.48;554299.192;18628.15;14385.292;50625.745;260484.93;164769.437;490265.404;64033.788;Demais serviços;Administração, defesa, educação e saúde públicas e seguridade social;Comércio e reparação de veículos automotores e motocicletas;7;True;94.1;0.936394;177.84;164.42;4.3474;4.1;;96.0;0.959541;199.62;184.6;5.129958;4.9;;91.1;0.912789;242.77;247.37;4.835667;4.4;;;;;;;;;94.5;0.946227;253.86;250.79;4.009305;3.8;;94.5;0.946227;253.86;250.79;4.009305;3.8;;93.6;0.93589;242.77;247.37;4.835667;4.5;;100.0;1.0;219.16;202.72;5.832314;5.8;;;;;;;;;;;;;;;
2;Nordeste;28;SE;Sergipe;2805802;Riachão do Dantas;419338.643;22898.41;365972.168;19984.28;328904.479;16600.44;136588.061;9950.874;50192.478;115747.621;312479.034;16425.445;Agricultura, inclusive apoio à agricultura e a pós colheita;Administração, defesa, educação e saúde públicas e seguridade social;Demais serviços;6;True;;;;;;;;88.1;0.885868;185.35;180.06;4.775085;4.2;;72.3;0.726276;251.39;251.73;5.052;3.7;;;;;;;;;91.6;0.917102;251.7;249.15;3.954417;3.6;;91.6;0.917102;251.7;249.15;3.954417;3.6;;93.7;0.934576;263.79;260.16;5.399167;5.0;;100.0;1.0;191.52;187.49;5.027924;5.0;;;;;;;;;;;;;;;
2;Nordeste;28;SE;Sergipe;2805901;Riachuelo;240563.022;27499.2;225681.737;27154.58;222400.947;21479.71;10915.196;56916.813;53429.529;66142.846;187404.384;34996.563;Administração, defesa, educação e saúde públicas e seguridade social;Demais serviços;Indústrias extrativas;6;True;88.4;0.876822;171.34;166.1;4.2539;3.7;;88.4;0.876822;171.34;166.1;4.2539;3.7;;73.8;0.740738;226.76;230.98;4.295667;3.2;;73.8;0.740738;226.76;230.98;4.295667;3.2;;89.3;0.890555;232.55;242.37;3.583959;3.2;;89.3;0.890555;232.55;242.37;3.583959;3.2;;;;;;;;;;;;;;;;;;;;;;;;;;;;;
2;Nordeste;28;SE;Sergipe;2806008;Ribeirópolis;372070.867;21844.12;356224.016;20913.76;339443.05;17968.51;42544.696;25689.357;116867.908;106689.606;291791.568;47651.482;Administração, defesa, educação e saúde públicas e seguridade social;Demais serviços;Agricultura, inclusive apoio à agricultura e a pós colheita;8;True;94.6;0.947632;194.05;182.48;4.985115;4.7;;95.3;0.954934;193.0;184.05;4.993622;4.8;;78.8;0.778638;232.23;233.19;4.423667;3.4;;76.2;0.761829;233.05;233.4;4.440833;3.4;;87.7;0.883874;275.38;266.77;4.550774;4.0;;87.7;0.883874;275.38;266.77;4.550774;4.0;;81.5;0.806073;231.75;233.07;4.413667;3.6;;98.2;0.976265;190.19;188.22;5.015815;4.9;;;;;;;;;;;;;;;
2;Nordeste;28;SE;Sergipe;2806107;Rosário do Catete;391878.489;42160.14;513849.286;55282.33;468956.06;42028.68;5410.289;231059.26;85912.126;88130.584;410512.259;58443.801;Indústrias extrativas;Administração, defesa, educação e saúde públicas e seguridade social;Demais serviços;7;True;91.9;0.912729;194.11;185.45;5.04026;4.6;;91.9;0.912729;194.11;185.45;5.04026;4.6;;85.9;0.854386;233.99;240.34;4.572167;3.9;;83.9;0.848181;225.91;236.34;4.370833;3.7;;92.3;0.927885;253.92;269.39;4.288591;4.0;;92.3;0.927885;253.92;269.39;4.288591;4.0;;100.0;1.0;240.27;243.45;4.728667;4.7;;;;;;;;;;;;;;;;;;;;;;
2;Nordeste;28;SE;Sergipe;2806206;Salgado;320943.343;15826.39;286738.504;14139.68;217519.174;10848.3;25867.666;11063.325;57025.519;109974.485;203930.995;13588.18;Administração, defesa, educação e saúde públicas e seguridade social;Demais serviços;Agricultura, inclusive apoio à agricultura e a pós colheita;8;True;90.9;0.903734;181.67;179.52;4.695037;4.2;;91.6;0.914488;202.51;194.5;5.365111;4.9;;87.9;0.878962;243.47;248.23;4.861667;4.3;;84.4;0.8435;236.25;233.35;4.493333;3.8;;94.5;0.947541;266.68;273.1;4.523343;4.3;;94.5;0.947541;266.68;273.1;4.523343;4.3;;91.2;0.912738;246.88;255.26;5.035667;4.6;;100.0;1.0;224.95;210.64;6.08681;6.1;;;;;;;;;;;;;;;
2;Nordeste;28;SE;Sergipe;2806305;Santa Luzia do Itanhy;238278.236;17499.87;217036.18;15939.79;192689.917;13564.94;50669.052;5242.493;33913.648;94060.42;183885.613;8804.304;Administração, defesa, educação e saúde públicas e seguridade social;Agricultura, inclusive apoio à agricultura e a pós colheita;Demais serviços;6;True;91.8;0.921233;188.25;175.03;4.738974;4.4;;91.8;0.921233;188.25;175.03;4.738974;4.4;;86.0;0.863864;222.89;220.36;4.054167;3.5;;86.0;0.863864;222.89;220.36;4.054167;3.5;;90.8;0.920274;245.03;231.93;3.602953;3.3;;90.8;0.920274;245.03;231.93;3.602953;3.3;;;;;;;;;;;;;;;;;;;;;;;;;;;;;
2;Nordeste;28;SE;Sergipe;2806404;Santana do São Francisco;160614.555;21864.22;119178.518;16223.59;106772.621;13505.26;26727.366;3969.486;21267.019;49510.339;101474.21;5298.411;Administração, defesa, educação e saúde públicas e seguridade social;Agricultura, inclusive apoio à agricultura e a pós colheita;Demais serviços;7;True;99.6;0.996759;188.95;173.75;4.72906;4.7;;99.6;0.996759;188.95;173.75;4.72906;4.7;;92.7;0.925808;224.75;227.5;4.204167;3.9;;91.2;0.907464;228.39;229.58;4.2995;3.9;;98.1;0.978257;246.55;251.92;3.923553;3.8;;98.1;0.978257;246.55;251.92;3.923553;3.8;;96.8;0.933413;211.13;219.7;3.847167;3.6;;;;;;;;;;;;;;;;;;;;;;
2;Nordeste;28;SE;Sergipe;2806503;Santa Rosa de Lima;59185.703;15033.2;58257.966;14797.55;55083.536;14005.48;7257.761;2374.739;9735.646;33844.425;53212.571;1870.965;Administração, defesa, educação e saúde públicas e seguridade social;Demais serviços;Agricultura, inclusive apoio à agricultura e a pós colheita;4;True;;;;;;;;;;;;;;;92.7;0.929302;210.94;224.59;3.9255;3.6;;92.7;0.929302;210.94;224.59;3.9255;3.6;;100.0;1.0;240.27;242.36;3.692237;3.7;;100.0;1.0;240.27;242.36;3.692237;3.7;;;;;;;;;;;;;;;;;;;;;;;;;;;;;
2;Nordeste;28;SE;Sergipe;2806602;Santo Amaro das Brotas;227941.577;20550.09;201708.619;18185.05;167665.266;13743.05;15891.505;33047.988;36707.942;75110.788;160758.224;6907.042;Administração, defesa, educação e saúde públicas e seguridade social;Demais serviços;Indústrias extrativas;8;True;92.5;0.909424;173.29;177.67;4.501477;4.1;;94.3;0.944794;188.64;186.48;4.954598;4.7;;85.4;0.854132;227.33;234.83;4.369333;3.7;;82.1;0.820373;226.79;237.96;4.4125;3.6;;85.3;0.849868;249.47;253.07;3.981779;3.4;;85.3;0.849868;249.47;253.07;3.981779;3.4;;90.3;0.910711;227.67;232.89;4.342667;4.0;;97.6;0.976697;200.96;193.56;5.31844;5.2;;;;;;;;;;;;;;;
2;Nordeste;28;SE;Sergipe;2806701;São Cristóvão;1392937.53;14568.65;1175116.605;12290.47;1031740.474;11203.61;36460.209;100435.606;368419.875;445354.784;950670.474;81069.999;Administração, defesa, educação e saúde públicas e seguridade social;Demais serviços;Comércio e reparação de veículos automotores e motocicletas;10;True;99.9;0.999199;236.28;217.49;6.427577;6.4;;99.6;0.995577;228.12;211.79;6.168215;6.1;;91.8;0.917854;239.12;245.09;4.736833;4.3;;96.9;0.970659;237.84;238.62;4.607667;4.5;;86.9;0.87987;257.37;260.61;4.205609;3.7;;86.3;0.876431;249.99;252.44;3.979652;3.5;;87.0;0.870005;236.82;245.04;4.697667;4.1;;97.3;0.980627;208.87;198.33;5.556121;5.4;;89.4;0.89266;282.3;288.17;4.968324;4.4;;96.6;0.964875;266.77;275.72;5.708167;5.5;
2;Nordeste;28;SE;Sergipe;2806800;São Domingos;161344.544;15623.56;139978.019;13554.57;135226.821;11992.45;6686.22;16919.829;31563.895;67071.602;122241.545;12985.276;Administração, defesa, educação e saúde públicas e seguridade social;Demais serviços;Indústrias de transformação;6;True;90.8;0.906333;195.39;182.7;5.014688;4.5;;90.8;0.906333;195.39;182.7;5.014688;4.5;;80.0;0.800786;232.57;234.27;4.447333;3.6;;;;;;;;;95.3;0.953281;243.21;253.47;3.899846;3.7;;95.3;0.953281;243.21;253.47;3.899846;3.7;;96.0;0.962311;237.47;239.21;4.611333;4.4;;;;;;;;;;;;;;;;;;;;;;
2;Nordeste;28;SE;Sergipe;2806909;São Francisco;61511.33;18967.42;52946.475;16326.39;56033.562;14603.48;8036.348;3964.364;10706.607;31046.202;53753.522;2280.04;Administração, defesa, educação e saúde públicas e seguridade social;Demais serviços;Agricultura, inclusive apoio à agricultura e a pós colheita;6;True;95.0;0.954112;210.52;196.42;5.552883;5.3;;95.0;0.954112;210.52;196.42;5.552883;5.3;;82.0;0.824937;237.71;249.3;4.7835;3.9;;82.0;0.824937;237.71;249.3;4.7835;3.9;;91.3;0.907573;263.32;263.37;4.330494;3.9;;91.3;0.907573;263.32;263.37;4.330494;3.9;;;;;;;;;;;;;;;;;;;;;;;;;;;;;
2;Nordeste;28;SE;Sergipe;2807006;São Miguel do Aleixo;79123.152;23041.1;52286.512;15226.12;49842.493;12573.79;6434.032;2882.536;9728.333;28022.66;47067.561;2774.932;Administração, defesa, educação e saúde públicas e seguridade social;Demais serviços;Pecuária, inclusive apoio à pecuária;6;True;92.3;0.923172;186.83;186.19;4.914783;4.5;;92.3;0.923172;186.83;186.19;4.914783;4.5;;89.1;0.898765;235.18;250.3;4.758;4.3;;89.1;0.898765;235.18;250.3;4.758;4.3;;94.0;0.952555;270.62;263.72;4.438261;4.2;;94.0;0.952555;270.62;263.72;4.438261;4.2;;;;;;;;;;;;;;;;;;;;;;;;;;;;;
2;Nordeste;28;SE;Sergipe;2807105;Simão Dias;925386.501;21733.91;897435.447;21077.44;790408.245;19408.9;138552.594;84957.939;254380.008;215728.463;693619.004;96789.241;Administração, defesa, educação e saúde públicas e seguridade social;Demais serviços;Agricultura, inclusive apoio à agricultura e a pós colheita;8;True;95.4;0.950223;182.21;172.57;4.578979;4.4;;97.0;0.970441;196.85;188.95;5.156187;5.0;;90.0;0.902868;251.72;255.94;5.127667;4.6;;82.6;0.833119;242.74;246.14;4.814667;4.0;;95.5;0.958909;271.57;285.31;4.774807;4.6;;95.5;0.958909;271.57;285.31;4.774807;4.6;;98.0;0.979833;254.28;258.74;5.217;5.1;;100.0;1.0;204.84;197.9;5.471395;5.5;;;;;;;;;;;;;;;
2;Nordeste;28;SE;Sergipe;2807204;Siriri;201981.259;25782.65;181479.639;23165.64;176735.571;19537.43;10452.103;62203.251;35434.711;62472.887;170562.953;6172.619;Administração, defesa, educação e saúde públicas e seguridade social;Indústrias extrativas;Demais serviços;7;True;90.5;0.905313;199.23;187.82;5.181061;4.7;;90.5;0.905313;199.23;187.82;5.181061;4.7;;74.0;0.746866;236.18;237.99;4.5695;3.4;;67.6;0.681882;234.13;230.45;4.409667;3.0;;95.2;0.950691;253.54;250.4;3.998972;3.8;;95.2;0.950691;253.54;250.4;3.998972;3.8;;92.4;0.926341;240.39;253.54;4.898833;4.5;;;;;;;;;;;;;;;;;;;;;;
2;Nordeste;28;SE;Sergipe;2807303;Telha;53466.564;16330.65;44599.772;13622.41;44121.433;13488.67;5304.353;2070.326;8368.151;26903.178;42646.007;1475.426;Administração, defesa, educação e saúde públicas e seguridade social;Demais serviços;Agricultura, inclusive apoio à agricultura e a pós colheita;7;True;93.2;0.937276;208.39;192.13;5.434234;5.1;;93.2;0.937276;208.39;192.13;5.434234;5.1;;79.6;0.780483;222.22;235.69;4.2985;3.4;;69.6;0.697263;229.17;231.82;4.349833;3.0;;88.6;0.893386;273.36;271.0;4.585726;4.1;;88.6;0.893386;273.36;271.0;4.585726;4.1;;93.8;0.933605;217.07;238.56;4.2605;4.0;;;;;;;;;;;;;;;;;;;;;;
2;Nordeste;28;SE;Sergipe;2807402;Tobias Barreto;1150010.304;22591.3;717304.905;14091.05;655791.184;12405.95;23069.282;35138.333;269799.648;265894.954;593902.218;61888.966;Administração, defesa, educação e saúde públicas e seguridade social;Demais serviços;Comércio e reparação de veículos automotores e motocicletas;8;True;95.5;0.95421;208.36;198.86;5.556025;5.3;;95.9;0.960276;211.3;201.86;5.666677;5.4;;84.3;0.844882;252.94;254.85;5.129833;4.3;;80.9;0.812832;242.34;247.91;4.8375;3.9;;90.5;0.90996;268.88;274.53;4.575649;4.2;;90.3;0.907039;268.88;274.53;4.575649;4.2;;94.5;0.94447;268.53;265.06;5.559833;5.3;;98.6;0.986472;218.59;209.28;5.940709;5.9;;;;;;;;;;;;;;;
2;Nordeste;28;SE;Sergipe;2807501;Tomar do Geru;208833.285;17385.39;157899.255;13145.13;146965.409;10858.98;24941.922;5989.261;30940.524;78387.585;140259.293;6706.117;Administração, defesa, educação e saúde públicas e seguridade social;Demais serviços;Agricultura, inclusive apoio à agricultura e a pós colheita;6;True;97.6;0.976413;197.83;182.56;5.058707;4.9;;97.6;0.976413;197.83;182.56;5.058707;4.9;;97.6;0.976627;252.28;261.7;5.233;5.1;;;;;;;;;89.0;0.897873;260.72;256.82;4.195923;3.8;;89.0;0.897873;260.72;256.82;4.195923;3.8;;100.0;1.0;252.28;261.7;5.233;5.2;;;;;;;;;;;;;;;;;;;;;;
2;Nordeste;28;SE;Sergipe;2807600;Umbaúba;721872.317;30182.39;492745.672;20602.32;401569.249;15564.7;35939.38;21836.429;164849.274;144826.411;367451.494;34117.754;Administração, defesa, educação e saúde públicas e seguridade social;Demais serviços;Comércio e reparação de veículos automotores e motocicletas;7;True;90.0;0.903331;199.69;188.81;5.20784;4.7;;90.0;0.903331;199.69;188.81;5.20784;4.7;;80.6;0.807619;236.4;241.54;4.632333;3.7;;77.8;0.78257;234.47;238.68;4.5525;3.6;;89.4;0.896225;249.71;261.72;4.114641;3.7;;89.4;0.896225;249.71;261.72;4.114641;3.7;;91.2;0.911622;240.38;247.44;4.797;4.4;;;;;;;;;;;;;;;;;;;;;;
